source,fleurs_config,display,region,sample_id,duration_s,sampling_rate,license,url,local_wav
google/fleurs,en_us,English (US),en,1904,10.56,16000,CC-BY 4.0,https://huggingface.co/datasets/google/fleurs,experiments/audio_full/en_us_1904.wav
google/fleurs,en_us,English (US),en,1675,8.76,16000,CC-BY 4.0,https://huggingface.co/datasets/google/fleurs,experiments/audio_full/en_us_1675.wav
google/fleurs,en_us,English (US),en,1950,11.46,16000,CC-BY 4.0,https://huggingface.co/datasets/google/fleurs,experiments/audio_full/en_us_1950.wav
google/fleurs,en_us,English (US),en,1728,5.76,16000,CC-BY 4.0,https://huggingface.co/datasets/google/fleurs,experiments/audio_full/en_us_1728.wav
google/fleurs,en_us,English (US),en,1972,4.32,16000,CC-BY 4.0,https://huggingface.co/datasets/google/fleurs,experiments/audio_full/en_us_1972.wav
google/fleurs,en_us,English (US),en,1938,11.42,16000,CC-BY 4.0,https://huggingface.co/datasets/google/fleurs,experiments/audio_full/en_us_1938.wav
google/fleurs,en_us,English (US),en,1876,10.8,16000,CC-BY 4.0,https://huggingface.co/datasets/google/fleurs,experiments/audio_full/en_us_1876.wav
google/fleurs,en_us,English (US),en,1914,6.96,16000,CC-BY 4.0,https://huggingface.co/datasets/google/fleurs,experiments/audio_full/en_us_1914.wav
google/fleurs,en_us,English (US),en,1846,11.04,16000,CC-BY 4.0,https://huggingface.co/datasets/google/fleurs,experiments/audio_full/en_us_1846.wav
google/fleurs,en_us,English (US),en,1806,9.9,16000,CC-BY 4.0,https://huggingface.co/datasets/google/fleurs,experiments/audio_full/en_us_1806.wav
google/fleurs,en_us,English (US),en,1776,4.8,16000,CC-BY 4.0,https://huggingface.co/datasets/google/fleurs,experiments/audio_full/en_us_1776.wav
google/fleurs,en_us,English (US),en,1729,11.28,16000,CC-BY 4.0,https://huggingface.co/datasets/google/fleurs,experiments/audio_full/en_us_1729.wav
google/fleurs,en_us,English (US),en,1855,10.92,16000,CC-BY 4.0,https://huggingface.co/datasets/google/fleurs,experiments/audio_full/en_us_1855.wav
google/fleurs,en_us,English (US),en,1919,11.28,16000,CC-BY 4.0,https://huggingface.co/datasets/google/fleurs,experiments/audio_full/en_us_1919.wav
google/fleurs,en_us,English (US),en,1802,5.72,16000,CC-BY 4.0,https://huggingface.co/datasets/google/fleurs,experiments/audio_full/en_us_1802.wav
google/fleurs,en_us,English (US),en,1711,15.56,16000,CC-BY 4.0,https://huggingface.co/datasets/google/fleurs,experiments/audio_full/en_us_1711.wav
google/fleurs,en_us,English (US),en,1685,13.92,16000,CC-BY 4.0,https://huggingface.co/datasets/google/fleurs,experiments/audio_full/en_us_1685.wav
google/fleurs,en_us,English (US),en,1992,8.64,16000,CC-BY 4.0,https://huggingface.co/datasets/google/fleurs,experiments/audio_full/en_us_1992.wav
google/fleurs,en_us,English (US),en,2005,5.36,16000,CC-BY 4.0,https://huggingface.co/datasets/google/fleurs,experiments/audio_full/en_us_2005.wav
google/fleurs,en_us,English (US),en,1982,10.14,16000,CC-BY 4.0,https://huggingface.co/datasets/google/fleurs,experiments/audio_full/en_us_1982.wav
google/fleurs,en_us,English (US),en,1674,5.64,16000,CC-BY 4.0,https://huggingface.co/datasets/google/fleurs,experiments/audio_full/en_us_1674.wav
google/fleurs,en_us,English (US),en,1952,8.58,16000,CC-BY 4.0,https://huggingface.co/datasets/google/fleurs,experiments/audio_full/en_us_1952.wav
google/fleurs,en_us,English (US),en,1752,11.44,16000,CC-BY 4.0,https://huggingface.co/datasets/google/fleurs,experiments/audio_full/en_us_1752.wav
google/fleurs,en_us,English (US),en,1749,9.6,16000,CC-BY 4.0,https://huggingface.co/datasets/google/fleurs,experiments/audio_full/en_us_1749.wav
google/fleurs,en_us,English (US),en,1705,10.12,16000,CC-BY 4.0,https://huggingface.co/datasets/google/fleurs,experiments/audio_full/en_us_1705.wav
google/fleurs,en_us,English (US),en,1662,8.38,16000,CC-BY 4.0,https://huggingface.co/datasets/google/fleurs,experiments/audio_full/en_us_1662.wav
google/fleurs,en_us,English (US),en,1729,11.4,16000,CC-BY 4.0,https://huggingface.co/datasets/google/fleurs,experiments/audio_full/en_us_1729.wav
google/fleurs,en_us,English (US),en,1790,14.66,16000,CC-BY 4.0,https://huggingface.co/datasets/google/fleurs,experiments/audio_full/en_us_1790.wav
google/fleurs,en_us,English (US),en,1858,6.3,16000,CC-BY 4.0,https://huggingface.co/datasets/google/fleurs,experiments/audio_full/en_us_1858.wav
google/fleurs,en_us,English (US),en,1789,14.6,16000,CC-BY 4.0,https://huggingface.co/datasets/google/fleurs,experiments/audio_full/en_us_1789.wav
google/fleurs,en_us,English (US),en,1909,5.64,16000,CC-BY 4.0,https://huggingface.co/datasets/google/fleurs,experiments/audio_full/en_us_1909.wav
google/fleurs,en_us,English (US),en,1897,9.58,16000,CC-BY 4.0,https://huggingface.co/datasets/google/fleurs,experiments/audio_full/en_us_1897.wav
google/fleurs,en_us,English (US),en,1680,10.2,16000,CC-BY 4.0,https://huggingface.co/datasets/google/fleurs,experiments/audio_full/en_us_1680.wav
google/fleurs,en_us,English (US),en,1953,6.84,16000,CC-BY 4.0,https://huggingface.co/datasets/google/fleurs,experiments/audio_full/en_us_1953.wav
google/fleurs,en_us,English (US),en,1740,8.34,16000,CC-BY 4.0,https://huggingface.co/datasets/google/fleurs,experiments/audio_full/en_us_1740.wav
google/fleurs,en_us,English (US),en,1717,10.92,16000,CC-BY 4.0,https://huggingface.co/datasets/google/fleurs,experiments/audio_full/en_us_1717.wav
google/fleurs,en_us,English (US),en,1987,9.82,16000,CC-BY 4.0,https://huggingface.co/datasets/google/fleurs,experiments/audio_full/en_us_1987.wav
google/fleurs,en_us,English (US),en,1990,8.76,16000,CC-BY 4.0,https://huggingface.co/datasets/google/fleurs,experiments/audio_full/en_us_1990.wav
google/fleurs,en_us,English (US),en,1908,4.5,16000,CC-BY 4.0,https://huggingface.co/datasets/google/fleurs,experiments/audio_full/en_us_1908.wav
google/fleurs,en_us,English (US),en,1752,7.56,16000,CC-BY 4.0,https://huggingface.co/datasets/google/fleurs,experiments/audio_full/en_us_1752.wav
google/fleurs,en_us,English (US),en,2005,5.78,16000,CC-BY 4.0,https://huggingface.co/datasets/google/fleurs,experiments/audio_full/en_us_2005.wav
google/fleurs,en_us,English (US),en,1678,12.78,16000,CC-BY 4.0,https://huggingface.co/datasets/google/fleurs,experiments/audio_full/en_us_1678.wav
google/fleurs,en_us,English (US),en,1701,10.62,16000,CC-BY 4.0,https://huggingface.co/datasets/google/fleurs,experiments/audio_full/en_us_1701.wav
google/fleurs,en_us,English (US),en,2001,7.32,16000,CC-BY 4.0,https://huggingface.co/datasets/google/fleurs,experiments/audio_full/en_us_2001.wav
google/fleurs,en_us,English (US),en,1991,11.4,16000,CC-BY 4.0,https://huggingface.co/datasets/google/fleurs,experiments/audio_full/en_us_1991.wav
google/fleurs,en_us,English (US),en,1895,10.18,16000,CC-BY 4.0,https://huggingface.co/datasets/google/fleurs,experiments/audio_full/en_us_1895.wav
google/fleurs,en_us,English (US),en,1710,9.12,16000,CC-BY 4.0,https://huggingface.co/datasets/google/fleurs,experiments/audio_full/en_us_1710.wav
google/fleurs,en_us,English (US),en,1975,10.74,16000,CC-BY 4.0,https://huggingface.co/datasets/google/fleurs,experiments/audio_full/en_us_1975.wav
google/fleurs,en_us,English (US),en,1864,19.12,16000,CC-BY 4.0,https://huggingface.co/datasets/google/fleurs,experiments/audio_full/en_us_1864.wav
google/fleurs,en_us,English (US),en,1720,6.42,16000,CC-BY 4.0,https://huggingface.co/datasets/google/fleurs,experiments/audio_full/en_us_1720.wav
google/fleurs,en_us,English (US),en,1723,12.78,16000,CC-BY 4.0,https://huggingface.co/datasets/google/fleurs,experiments/audio_full/en_us_1723.wav
google/fleurs,en_us,English (US),en,1769,8.94,16000,CC-BY 4.0,https://huggingface.co/datasets/google/fleurs,experiments/audio_full/en_us_1769.wav
google/fleurs,en_us,English (US),en,1794,8.88,16000,CC-BY 4.0,https://huggingface.co/datasets/google/fleurs,experiments/audio_full/en_us_1794.wav
google/fleurs,en_us,English (US),en,1950,12.48,16000,CC-BY 4.0,https://huggingface.co/datasets/google/fleurs,experiments/audio_full/en_us_1950.wav
google/fleurs,en_us,English (US),en,1855,10.2,16000,CC-BY 4.0,https://huggingface.co/datasets/google/fleurs,experiments/audio_full/en_us_1855.wav
google/fleurs,en_us,English (US),en,1882,6.18,16000,CC-BY 4.0,https://huggingface.co/datasets/google/fleurs,experiments/audio_full/en_us_1882.wav
google/fleurs,en_us,English (US),en,1890,6.84,16000,CC-BY 4.0,https://huggingface.co/datasets/google/fleurs,experiments/audio_full/en_us_1890.wav
google/fleurs,en_us,English (US),en,1849,6.78,16000,CC-BY 4.0,https://huggingface.co/datasets/google/fleurs,experiments/audio_full/en_us_1849.wav
google/fleurs,en_us,English (US),en,1893,10.2,16000,CC-BY 4.0,https://huggingface.co/datasets/google/fleurs,experiments/audio_full/en_us_1893.wav
google/fleurs,en_us,English (US),en,1667,14.22,16000,CC-BY 4.0,https://huggingface.co/datasets/google/fleurs,experiments/audio_full/en_us_1667.wav
google/fleurs,en_us,English (US),en,1814,7.68,16000,CC-BY 4.0,https://huggingface.co/datasets/google/fleurs,experiments/audio_full/en_us_1814.wav
google/fleurs,en_us,English (US),en,1893,12.24,16000,CC-BY 4.0,https://huggingface.co/datasets/google/fleurs,experiments/audio_full/en_us_1893.wav
google/fleurs,en_us,English (US),en,1999,8.76,16000,CC-BY 4.0,https://huggingface.co/datasets/google/fleurs,experiments/audio_full/en_us_1999.wav
google/fleurs,en_us,English (US),en,1722,9.42,16000,CC-BY 4.0,https://huggingface.co/datasets/google/fleurs,experiments/audio_full/en_us_1722.wav
google/fleurs,en_us,English (US),en,1778,5.04,16000,CC-BY 4.0,https://huggingface.co/datasets/google/fleurs,experiments/audio_full/en_us_1778.wav
google/fleurs,en_us,English (US),en,1830,10.64,16000,CC-BY 4.0,https://huggingface.co/datasets/google/fleurs,experiments/audio_full/en_us_1830.wav
google/fleurs,en_us,English (US),en,1841,9.48,16000,CC-BY 4.0,https://huggingface.co/datasets/google/fleurs,experiments/audio_full/en_us_1841.wav
google/fleurs,en_us,English (US),en,1866,7.86,16000,CC-BY 4.0,https://huggingface.co/datasets/google/fleurs,experiments/audio_full/en_us_1866.wav
google/fleurs,en_us,English (US),en,1712,17.46,16000,CC-BY 4.0,https://huggingface.co/datasets/google/fleurs,experiments/audio_full/en_us_1712.wav
google/fleurs,en_us,English (US),en,1831,15.36,16000,CC-BY 4.0,https://huggingface.co/datasets/google/fleurs,experiments/audio_full/en_us_1831.wav
google/fleurs,en_us,English (US),en,1939,7.02,16000,CC-BY 4.0,https://huggingface.co/datasets/google/fleurs,experiments/audio_full/en_us_1939.wav
google/fleurs,en_us,English (US),en,1870,4.32,16000,CC-BY 4.0,https://huggingface.co/datasets/google/fleurs,experiments/audio_full/en_us_1870.wav
google/fleurs,en_us,English (US),en,1941,6.84,16000,CC-BY 4.0,https://huggingface.co/datasets/google/fleurs,experiments/audio_full/en_us_1941.wav
google/fleurs,en_us,English (US),en,1911,14.88,16000,CC-BY 4.0,https://huggingface.co/datasets/google/fleurs,experiments/audio_full/en_us_1911.wav
google/fleurs,en_us,English (US),en,1698,6.42,16000,CC-BY 4.0,https://huggingface.co/datasets/google/fleurs,experiments/audio_full/en_us_1698.wav
google/fleurs,en_us,English (US),en,1750,4.62,16000,CC-BY 4.0,https://huggingface.co/datasets/google/fleurs,experiments/audio_full/en_us_1750.wav
google/fleurs,en_us,English (US),en,1803,8.52,16000,CC-BY 4.0,https://huggingface.co/datasets/google/fleurs,experiments/audio_full/en_us_1803.wav
google/fleurs,en_us,English (US),en,1792,5.88,16000,CC-BY 4.0,https://huggingface.co/datasets/google/fleurs,experiments/audio_full/en_us_1792.wav
google/fleurs,en_us,English (US),en,1757,10.98,16000,CC-BY 4.0,https://huggingface.co/datasets/google/fleurs,experiments/audio_full/en_us_1757.wav
google/fleurs,en_us,English (US),en,1860,7.26,16000,CC-BY 4.0,https://huggingface.co/datasets/google/fleurs,experiments/audio_full/en_us_1860.wav
google/fleurs,en_us,English (US),en,1798,13.18,16000,CC-BY 4.0,https://huggingface.co/datasets/google/fleurs,experiments/audio_full/en_us_1798.wav
google/fleurs,en_us,English (US),en,1824,15.06,16000,CC-BY 4.0,https://huggingface.co/datasets/google/fleurs,experiments/audio_full/en_us_1824.wav
google/fleurs,en_us,English (US),en,1941,4.8,16000,CC-BY 4.0,https://huggingface.co/datasets/google/fleurs,experiments/audio_full/en_us_1941.wav
google/fleurs,en_us,English (US),en,1896,15.0,16000,CC-BY 4.0,https://huggingface.co/datasets/google/fleurs,experiments/audio_full/en_us_1896.wav
google/fleurs,en_us,English (US),en,1955,7.2,16000,CC-BY 4.0,https://huggingface.co/datasets/google/fleurs,experiments/audio_full/en_us_1955.wav
google/fleurs,en_us,English (US),en,1881,7.68,16000,CC-BY 4.0,https://huggingface.co/datasets/google/fleurs,experiments/audio_full/en_us_1881.wav
google/fleurs,en_us,English (US),en,1797,11.64,16000,CC-BY 4.0,https://huggingface.co/datasets/google/fleurs,experiments/audio_full/en_us_1797.wav
google/fleurs,en_us,English (US),en,1899,11.28,16000,CC-BY 4.0,https://huggingface.co/datasets/google/fleurs,experiments/audio_full/en_us_1899.wav
google/fleurs,en_us,English (US),en,1691,9.36,16000,CC-BY 4.0,https://huggingface.co/datasets/google/fleurs,experiments/audio_full/en_us_1691.wav
google/fleurs,en_us,English (US),en,1801,14.28,16000,CC-BY 4.0,https://huggingface.co/datasets/google/fleurs,experiments/audio_full/en_us_1801.wav
google/fleurs,en_us,English (US),en,1846,8.76,16000,CC-BY 4.0,https://huggingface.co/datasets/google/fleurs,experiments/audio_full/en_us_1846.wav
google/fleurs,en_us,English (US),en,1732,13.68,16000,CC-BY 4.0,https://huggingface.co/datasets/google/fleurs,experiments/audio_full/en_us_1732.wav
google/fleurs,en_us,English (US),en,1969,12.8,16000,CC-BY 4.0,https://huggingface.co/datasets/google/fleurs,experiments/audio_full/en_us_1969.wav
google/fleurs,en_us,English (US),en,1722,9.3,16000,CC-BY 4.0,https://huggingface.co/datasets/google/fleurs,experiments/audio_full/en_us_1722.wav
google/fleurs,en_us,English (US),en,1668,13.32,16000,CC-BY 4.0,https://huggingface.co/datasets/google/fleurs,experiments/audio_full/en_us_1668.wav
google/fleurs,en_us,English (US),en,2004,6.48,16000,CC-BY 4.0,https://huggingface.co/datasets/google/fleurs,experiments/audio_full/en_us_2004.wav
google/fleurs,en_us,English (US),en,1750,5.16,16000,CC-BY 4.0,https://huggingface.co/datasets/google/fleurs,experiments/audio_full/en_us_1750.wav
google/fleurs,en_us,English (US),en,1760,6.9,16000,CC-BY 4.0,https://huggingface.co/datasets/google/fleurs,experiments/audio_full/en_us_1760.wav
google/fleurs,en_us,English (US),en,1930,9.16,16000,CC-BY 4.0,https://huggingface.co/datasets/google/fleurs,experiments/audio_full/en_us_1930.wav
google/fleurs,en_us,English (US),en,1799,5.7,16000,CC-BY 4.0,https://huggingface.co/datasets/google/fleurs,experiments/audio_full/en_us_1799.wav
google/fleurs,en_us,English (US),en,1867,7.02,16000,CC-BY 4.0,https://huggingface.co/datasets/google/fleurs,experiments/audio_full/en_us_1867.wav
google/fleurs,en_us,English (US),en,2008,9.66,16000,CC-BY 4.0,https://huggingface.co/datasets/google/fleurs,experiments/audio_full/en_us_2008.wav
google/fleurs,en_us,English (US),en,1821,6.36,16000,CC-BY 4.0,https://huggingface.co/datasets/google/fleurs,experiments/audio_full/en_us_1821.wav
google/fleurs,en_us,English (US),en,1779,10.8,16000,CC-BY 4.0,https://huggingface.co/datasets/google/fleurs,experiments/audio_full/en_us_1779.wav
google/fleurs,en_us,English (US),en,1911,14.84,16000,CC-BY 4.0,https://huggingface.co/datasets/google/fleurs,experiments/audio_full/en_us_1911.wav
google/fleurs,en_us,English (US),en,1807,12.32,16000,CC-BY 4.0,https://huggingface.co/datasets/google/fleurs,experiments/audio_full/en_us_1807.wav
google/fleurs,en_us,English (US),en,1980,12.64,16000,CC-BY 4.0,https://huggingface.co/datasets/google/fleurs,experiments/audio_full/en_us_1980.wav
google/fleurs,en_us,English (US),en,1660,10.68,16000,CC-BY 4.0,https://huggingface.co/datasets/google/fleurs,experiments/audio_full/en_us_1660.wav
google/fleurs,en_us,English (US),en,1680,14.88,16000,CC-BY 4.0,https://huggingface.co/datasets/google/fleurs,experiments/audio_full/en_us_1680.wav
google/fleurs,en_us,English (US),en,1825,9.24,16000,CC-BY 4.0,https://huggingface.co/datasets/google/fleurs,experiments/audio_full/en_us_1825.wav
google/fleurs,en_us,English (US),en,1671,10.02,16000,CC-BY 4.0,https://huggingface.co/datasets/google/fleurs,experiments/audio_full/en_us_1671.wav
google/fleurs,en_us,English (US),en,1889,4.86,16000,CC-BY 4.0,https://huggingface.co/datasets/google/fleurs,experiments/audio_full/en_us_1889.wav
google/fleurs,en_us,English (US),en,1808,7.68,16000,CC-BY 4.0,https://huggingface.co/datasets/google/fleurs,experiments/audio_full/en_us_1808.wav
google/fleurs,en_us,English (US),en,1756,9.96,16000,CC-BY 4.0,https://huggingface.co/datasets/google/fleurs,experiments/audio_full/en_us_1756.wav
google/fleurs,en_us,English (US),en,1845,10.22,16000,CC-BY 4.0,https://huggingface.co/datasets/google/fleurs,experiments/audio_full/en_us_1845.wav
google/fleurs,en_us,English (US),en,1713,9.84,16000,CC-BY 4.0,https://huggingface.co/datasets/google/fleurs,experiments/audio_full/en_us_1713.wav
google/fleurs,en_us,English (US),en,1849,6.6,16000,CC-BY 4.0,https://huggingface.co/datasets/google/fleurs,experiments/audio_full/en_us_1849.wav
google/fleurs,en_us,English (US),en,1780,11.04,16000,CC-BY 4.0,https://huggingface.co/datasets/google/fleurs,experiments/audio_full/en_us_1780.wav
google/fleurs,en_us,English (US),en,1792,4.56,16000,CC-BY 4.0,https://huggingface.co/datasets/google/fleurs,experiments/audio_full/en_us_1792.wav
google/fleurs,en_us,English (US),en,1984,9.48,16000,CC-BY 4.0,https://huggingface.co/datasets/google/fleurs,experiments/audio_full/en_us_1984.wav
google/fleurs,en_us,English (US),en,1728,6.72,16000,CC-BY 4.0,https://huggingface.co/datasets/google/fleurs,experiments/audio_full/en_us_1728.wav
google/fleurs,en_us,English (US),en,1884,6.12,16000,CC-BY 4.0,https://huggingface.co/datasets/google/fleurs,experiments/audio_full/en_us_1884.wav
google/fleurs,en_us,English (US),en,1664,8.36,16000,CC-BY 4.0,https://huggingface.co/datasets/google/fleurs,experiments/audio_full/en_us_1664.wav
google/fleurs,en_us,English (US),en,1917,10.26,16000,CC-BY 4.0,https://huggingface.co/datasets/google/fleurs,experiments/audio_full/en_us_1917.wav
google/fleurs,en_us,English (US),en,1786,11.88,16000,CC-BY 4.0,https://huggingface.co/datasets/google/fleurs,experiments/audio_full/en_us_1786.wav
google/fleurs,en_us,English (US),en,1978,4.98,16000,CC-BY 4.0,https://huggingface.co/datasets/google/fleurs,experiments/audio_full/en_us_1978.wav
google/fleurs,en_us,English (US),en,1803,8.04,16000,CC-BY 4.0,https://huggingface.co/datasets/google/fleurs,experiments/audio_full/en_us_1803.wav
google/fleurs,en_us,English (US),en,1741,7.44,16000,CC-BY 4.0,https://huggingface.co/datasets/google/fleurs,experiments/audio_full/en_us_1741.wav
google/fleurs,en_us,English (US),en,1736,6.0,16000,CC-BY 4.0,https://huggingface.co/datasets/google/fleurs,experiments/audio_full/en_us_1736.wav
google/fleurs,en_us,English (US),en,1860,4.56,16000,CC-BY 4.0,https://huggingface.co/datasets/google/fleurs,experiments/audio_full/en_us_1860.wav
google/fleurs,en_us,English (US),en,1704,7.32,16000,CC-BY 4.0,https://huggingface.co/datasets/google/fleurs,experiments/audio_full/en_us_1704.wav
google/fleurs,en_us,English (US),en,2007,8.76,16000,CC-BY 4.0,https://huggingface.co/datasets/google/fleurs,experiments/audio_full/en_us_2007.wav
google/fleurs,en_us,English (US),en,1741,7.68,16000,CC-BY 4.0,https://huggingface.co/datasets/google/fleurs,experiments/audio_full/en_us_1741.wav
google/fleurs,en_us,English (US),en,1765,11.82,16000,CC-BY 4.0,https://huggingface.co/datasets/google/fleurs,experiments/audio_full/en_us_1765.wav
google/fleurs,en_us,English (US),en,1755,6.64,16000,CC-BY 4.0,https://huggingface.co/datasets/google/fleurs,experiments/audio_full/en_us_1755.wav
google/fleurs,en_us,English (US),en,1906,5.88,16000,CC-BY 4.0,https://huggingface.co/datasets/google/fleurs,experiments/audio_full/en_us_1906.wav
google/fleurs,en_us,English (US),en,1939,10.28,16000,CC-BY 4.0,https://huggingface.co/datasets/google/fleurs,experiments/audio_full/en_us_1939.wav
google/fleurs,en_us,English (US),en,1940,9.48,16000,CC-BY 4.0,https://huggingface.co/datasets/google/fleurs,experiments/audio_full/en_us_1940.wav
google/fleurs,en_us,English (US),en,1858,9.6,16000,CC-BY 4.0,https://huggingface.co/datasets/google/fleurs,experiments/audio_full/en_us_1858.wav
google/fleurs,en_us,English (US),en,1998,6.66,16000,CC-BY 4.0,https://huggingface.co/datasets/google/fleurs,experiments/audio_full/en_us_1998.wav
google/fleurs,en_us,English (US),en,1690,19.66,16000,CC-BY 4.0,https://huggingface.co/datasets/google/fleurs,experiments/audio_full/en_us_1690.wav
google/fleurs,en_us,English (US),en,1805,11.56,16000,CC-BY 4.0,https://huggingface.co/datasets/google/fleurs,experiments/audio_full/en_us_1805.wav
google/fleurs,en_us,English (US),en,1853,5.16,16000,CC-BY 4.0,https://huggingface.co/datasets/google/fleurs,experiments/audio_full/en_us_1853.wav
google/fleurs,en_us,English (US),en,1749,13.74,16000,CC-BY 4.0,https://huggingface.co/datasets/google/fleurs,experiments/audio_full/en_us_1749.wav
google/fleurs,en_us,English (US),en,1928,6.78,16000,CC-BY 4.0,https://huggingface.co/datasets/google/fleurs,experiments/audio_full/en_us_1928.wav
google/fleurs,en_us,English (US),en,1961,14.1,16000,CC-BY 4.0,https://huggingface.co/datasets/google/fleurs,experiments/audio_full/en_us_1961.wav
google/fleurs,en_us,English (US),en,2004,6.96,16000,CC-BY 4.0,https://huggingface.co/datasets/google/fleurs,experiments/audio_full/en_us_2004.wav
google/fleurs,en_us,English (US),en,1666,8.34,16000,CC-BY 4.0,https://huggingface.co/datasets/google/fleurs,experiments/audio_full/en_us_1666.wav
google/fleurs,en_us,English (US),en,1687,11.52,16000,CC-BY 4.0,https://huggingface.co/datasets/google/fleurs,experiments/audio_full/en_us_1687.wav
google/fleurs,en_us,English (US),en,1773,12.5,16000,CC-BY 4.0,https://huggingface.co/datasets/google/fleurs,experiments/audio_full/en_us_1773.wav
google/fleurs,en_us,English (US),en,1970,14.06,16000,CC-BY 4.0,https://huggingface.co/datasets/google/fleurs,experiments/audio_full/en_us_1970.wav
google/fleurs,en_us,English (US),en,1862,10.08,16000,CC-BY 4.0,https://huggingface.co/datasets/google/fleurs,experiments/audio_full/en_us_1862.wav
google/fleurs,en_us,English (US),en,1903,9.18,16000,CC-BY 4.0,https://huggingface.co/datasets/google/fleurs,experiments/audio_full/en_us_1903.wav
google/fleurs,en_us,English (US),en,1695,12.24,16000,CC-BY 4.0,https://huggingface.co/datasets/google/fleurs,experiments/audio_full/en_us_1695.wav
google/fleurs,en_us,English (US),en,1921,9.72,16000,CC-BY 4.0,https://huggingface.co/datasets/google/fleurs,experiments/audio_full/en_us_1921.wav
google/fleurs,en_us,English (US),en,1923,15.36,16000,CC-BY 4.0,https://huggingface.co/datasets/google/fleurs,experiments/audio_full/en_us_1923.wav
google/fleurs,en_us,English (US),en,2003,6.9,16000,CC-BY 4.0,https://huggingface.co/datasets/google/fleurs,experiments/audio_full/en_us_2003.wav
google/fleurs,en_us,English (US),en,1694,10.72,16000,CC-BY 4.0,https://huggingface.co/datasets/google/fleurs,experiments/audio_full/en_us_1694.wav
google/fleurs,en_us,English (US),en,1823,7.68,16000,CC-BY 4.0,https://huggingface.co/datasets/google/fleurs,experiments/audio_full/en_us_1823.wav
google/fleurs,en_us,English (US),en,1822,11.52,16000,CC-BY 4.0,https://huggingface.co/datasets/google/fleurs,experiments/audio_full/en_us_1822.wav
google/fleurs,en_us,English (US),en,1943,10.4,16000,CC-BY 4.0,https://huggingface.co/datasets/google/fleurs,experiments/audio_full/en_us_1943.wav
google/fleurs,en_us,English (US),en,1956,7.62,16000,CC-BY 4.0,https://huggingface.co/datasets/google/fleurs,experiments/audio_full/en_us_1956.wav
google/fleurs,en_us,English (US),en,1719,10.8,16000,CC-BY 4.0,https://huggingface.co/datasets/google/fleurs,experiments/audio_full/en_us_1719.wav
google/fleurs,en_us,English (US),en,1689,20.76,16000,CC-BY 4.0,https://huggingface.co/datasets/google/fleurs,experiments/audio_full/en_us_1689.wav
google/fleurs,en_us,English (US),en,1810,11.34,16000,CC-BY 4.0,https://huggingface.co/datasets/google/fleurs,experiments/audio_full/en_us_1810.wav
google/fleurs,en_us,English (US),en,1778,3.84,16000,CC-BY 4.0,https://huggingface.co/datasets/google/fleurs,experiments/audio_full/en_us_1778.wav
google/fleurs,en_us,English (US),en,2006,6.24,16000,CC-BY 4.0,https://huggingface.co/datasets/google/fleurs,experiments/audio_full/en_us_2006.wav
google/fleurs,en_us,English (US),en,1805,5.64,16000,CC-BY 4.0,https://huggingface.co/datasets/google/fleurs,experiments/audio_full/en_us_1805.wav
google/fleurs,en_us,English (US),en,1890,7.2,16000,CC-BY 4.0,https://huggingface.co/datasets/google/fleurs,experiments/audio_full/en_us_1890.wav
google/fleurs,en_us,English (US),en,1782,11.82,16000,CC-BY 4.0,https://huggingface.co/datasets/google/fleurs,experiments/audio_full/en_us_1782.wav
google/fleurs,en_us,English (US),en,1784,19.02,16000,CC-BY 4.0,https://huggingface.co/datasets/google/fleurs,experiments/audio_full/en_us_1784.wav
google/fleurs,en_us,English (US),en,1949,6.48,16000,CC-BY 4.0,https://huggingface.co/datasets/google/fleurs,experiments/audio_full/en_us_1949.wav
google/fleurs,en_us,English (US),en,1683,11.1,16000,CC-BY 4.0,https://huggingface.co/datasets/google/fleurs,experiments/audio_full/en_us_1683.wav
google/fleurs,en_us,English (US),en,1919,10.38,16000,CC-BY 4.0,https://huggingface.co/datasets/google/fleurs,experiments/audio_full/en_us_1919.wav
google/fleurs,en_us,English (US),en,1791,4.5,16000,CC-BY 4.0,https://huggingface.co/datasets/google/fleurs,experiments/audio_full/en_us_1791.wav
google/fleurs,en_us,English (US),en,1693,8.52,16000,CC-BY 4.0,https://huggingface.co/datasets/google/fleurs,experiments/audio_full/en_us_1693.wav
google/fleurs,en_us,English (US),en,1885,8.94,16000,CC-BY 4.0,https://huggingface.co/datasets/google/fleurs,experiments/audio_full/en_us_1885.wav
google/fleurs,en_us,English (US),en,1772,5.86,16000,CC-BY 4.0,https://huggingface.co/datasets/google/fleurs,experiments/audio_full/en_us_1772.wav
google/fleurs,en_us,English (US),en,1998,6.6,16000,CC-BY 4.0,https://huggingface.co/datasets/google/fleurs,experiments/audio_full/en_us_1998.wav
google/fleurs,en_us,English (US),en,1857,12.22,16000,CC-BY 4.0,https://huggingface.co/datasets/google/fleurs,experiments/audio_full/en_us_1857.wav
google/fleurs,en_us,English (US),en,1761,8.62,16000,CC-BY 4.0,https://huggingface.co/datasets/google/fleurs,experiments/audio_full/en_us_1761.wav
google/fleurs,en_us,English (US),en,1702,10.18,16000,CC-BY 4.0,https://huggingface.co/datasets/google/fleurs,experiments/audio_full/en_us_1702.wav
google/fleurs,en_us,English (US),en,1746,7.94,16000,CC-BY 4.0,https://huggingface.co/datasets/google/fleurs,experiments/audio_full/en_us_1746.wav
google/fleurs,en_us,English (US),en,1907,5.46,16000,CC-BY 4.0,https://huggingface.co/datasets/google/fleurs,experiments/audio_full/en_us_1907.wav
google/fleurs,en_us,English (US),en,1769,8.46,16000,CC-BY 4.0,https://huggingface.co/datasets/google/fleurs,experiments/audio_full/en_us_1769.wav
google/fleurs,en_us,English (US),en,1788,15.6,16000,CC-BY 4.0,https://huggingface.co/datasets/google/fleurs,experiments/audio_full/en_us_1788.wav
google/fleurs,en_us,English (US),en,1801,13.1,16000,CC-BY 4.0,https://huggingface.co/datasets/google/fleurs,experiments/audio_full/en_us_1801.wav
google/fleurs,en_us,English (US),en,1861,10.56,16000,CC-BY 4.0,https://huggingface.co/datasets/google/fleurs,experiments/audio_full/en_us_1861.wav
google/fleurs,en_us,English (US),en,1996,15.6,16000,CC-BY 4.0,https://huggingface.co/datasets/google/fleurs,experiments/audio_full/en_us_1996.wav
google/fleurs,en_us,English (US),en,1697,6.36,16000,CC-BY 4.0,https://huggingface.co/datasets/google/fleurs,experiments/audio_full/en_us_1697.wav
google/fleurs,en_us,English (US),en,1962,6.6,16000,CC-BY 4.0,https://huggingface.co/datasets/google/fleurs,experiments/audio_full/en_us_1962.wav
google/fleurs,en_us,English (US),en,1847,11.64,16000,CC-BY 4.0,https://huggingface.co/datasets/google/fleurs,experiments/audio_full/en_us_1847.wav
google/fleurs,en_us,English (US),en,1932,18.9,16000,CC-BY 4.0,https://huggingface.co/datasets/google/fleurs,experiments/audio_full/en_us_1932.wav
google/fleurs,en_us,English (US),en,1850,17.98,16000,CC-BY 4.0,https://huggingface.co/datasets/google/fleurs,experiments/audio_full/en_us_1850.wav
google/fleurs,en_us,English (US),en,1700,7.2,16000,CC-BY 4.0,https://huggingface.co/datasets/google/fleurs,experiments/audio_full/en_us_1700.wav
google/fleurs,en_us,English (US),en,1727,6.54,16000,CC-BY 4.0,https://huggingface.co/datasets/google/fleurs,experiments/audio_full/en_us_1727.wav
google/fleurs,en_us,English (US),en,1984,11.22,16000,CC-BY 4.0,https://huggingface.co/datasets/google/fleurs,experiments/audio_full/en_us_1984.wav
google/fleurs,en_us,English (US),en,1853,5.76,16000,CC-BY 4.0,https://huggingface.co/datasets/google/fleurs,experiments/audio_full/en_us_1853.wav
google/fleurs,en_us,English (US),en,1694,7.98,16000,CC-BY 4.0,https://huggingface.co/datasets/google/fleurs,experiments/audio_full/en_us_1694.wav
google/fleurs,en_us,English (US),en,1878,9.24,16000,CC-BY 4.0,https://huggingface.co/datasets/google/fleurs,experiments/audio_full/en_us_1878.wav
google/fleurs,en_us,English (US),en,1692,7.38,16000,CC-BY 4.0,https://huggingface.co/datasets/google/fleurs,experiments/audio_full/en_us_1692.wav
google/fleurs,en_us,English (US),en,1797,7.26,16000,CC-BY 4.0,https://huggingface.co/datasets/google/fleurs,experiments/audio_full/en_us_1797.wav
google/fleurs,en_us,English (US),en,1912,10.52,16000,CC-BY 4.0,https://huggingface.co/datasets/google/fleurs,experiments/audio_full/en_us_1912.wav
google/fleurs,en_us,English (US),en,1711,9.84,16000,CC-BY 4.0,https://huggingface.co/datasets/google/fleurs,experiments/audio_full/en_us_1711.wav
google/fleurs,en_us,English (US),en,1913,8.76,16000,CC-BY 4.0,https://huggingface.co/datasets/google/fleurs,experiments/audio_full/en_us_1913.wav
google/fleurs,en_us,English (US),en,1787,9.6,16000,CC-BY 4.0,https://huggingface.co/datasets/google/fleurs,experiments/audio_full/en_us_1787.wav
google/fleurs,en_us,English (US),en,1977,6.78,16000,CC-BY 4.0,https://huggingface.co/datasets/google/fleurs,experiments/audio_full/en_us_1977.wav
google/fleurs,en_us,English (US),en,1667,10.86,16000,CC-BY 4.0,https://huggingface.co/datasets/google/fleurs,experiments/audio_full/en_us_1667.wav
google/fleurs,en_us,English (US),en,1669,7.2,16000,CC-BY 4.0,https://huggingface.co/datasets/google/fleurs,experiments/audio_full/en_us_1669.wav
google/fleurs,en_us,English (US),en,1838,6.06,16000,CC-BY 4.0,https://huggingface.co/datasets/google/fleurs,experiments/audio_full/en_us_1838.wav
google/fleurs,en_us,English (US),en,1832,9.3,16000,CC-BY 4.0,https://huggingface.co/datasets/google/fleurs,experiments/audio_full/en_us_1832.wav
google/fleurs,en_us,English (US),en,1991,9.74,16000,CC-BY 4.0,https://huggingface.co/datasets/google/fleurs,experiments/audio_full/en_us_1991.wav
google/fleurs,en_us,English (US),en,1776,8.22,16000,CC-BY 4.0,https://huggingface.co/datasets/google/fleurs,experiments/audio_full/en_us_1776.wav
google/fleurs,en_us,English (US),en,1809,10.74,16000,CC-BY 4.0,https://huggingface.co/datasets/google/fleurs,experiments/audio_full/en_us_1809.wav
google/fleurs,en_us,English (US),en,1693,6.66,16000,CC-BY 4.0,https://huggingface.co/datasets/google/fleurs,experiments/audio_full/en_us_1693.wav
google/fleurs,en_us,English (US),en,1878,13.12,16000,CC-BY 4.0,https://huggingface.co/datasets/google/fleurs,experiments/audio_full/en_us_1878.wav
google/fleurs,en_us,English (US),en,1730,12.12,16000,CC-BY 4.0,https://huggingface.co/datasets/google/fleurs,experiments/audio_full/en_us_1730.wav
google/fleurs,en_us,English (US),en,1696,7.44,16000,CC-BY 4.0,https://huggingface.co/datasets/google/fleurs,experiments/audio_full/en_us_1696.wav
google/fleurs,en_us,English (US),en,1695,9.96,16000,CC-BY 4.0,https://huggingface.co/datasets/google/fleurs,experiments/audio_full/en_us_1695.wav
google/fleurs,en_us,English (US),en,1739,10.14,16000,CC-BY 4.0,https://huggingface.co/datasets/google/fleurs,experiments/audio_full/en_us_1739.wav
google/fleurs,en_us,English (US),en,1758,12.48,16000,CC-BY 4.0,https://huggingface.co/datasets/google/fleurs,experiments/audio_full/en_us_1758.wav
google/fleurs,en_us,English (US),en,1699,9.6,16000,CC-BY 4.0,https://huggingface.co/datasets/google/fleurs,experiments/audio_full/en_us_1699.wav
google/fleurs,en_us,English (US),en,1842,12.96,16000,CC-BY 4.0,https://huggingface.co/datasets/google/fleurs,experiments/audio_full/en_us_1842.wav
google/fleurs,en_us,English (US),en,1836,10.8,16000,CC-BY 4.0,https://huggingface.co/datasets/google/fleurs,experiments/audio_full/en_us_1836.wav
google/fleurs,en_us,English (US),en,1975,9.76,16000,CC-BY 4.0,https://huggingface.co/datasets/google/fleurs,experiments/audio_full/en_us_1975.wav
google/fleurs,en_us,English (US),en,1738,9.12,16000,CC-BY 4.0,https://huggingface.co/datasets/google/fleurs,experiments/audio_full/en_us_1738.wav
google/fleurs,en_us,English (US),en,1935,10.02,16000,CC-BY 4.0,https://huggingface.co/datasets/google/fleurs,experiments/audio_full/en_us_1935.wav
google/fleurs,en_us,English (US),en,1889,6.78,16000,CC-BY 4.0,https://huggingface.co/datasets/google/fleurs,experiments/audio_full/en_us_1889.wav
google/fleurs,en_us,English (US),en,1865,7.5,16000,CC-BY 4.0,https://huggingface.co/datasets/google/fleurs,experiments/audio_full/en_us_1865.wav
google/fleurs,en_us,English (US),en,1848,10.02,16000,CC-BY 4.0,https://huggingface.co/datasets/google/fleurs,experiments/audio_full/en_us_1848.wav
google/fleurs,en_us,English (US),en,1838,7.08,16000,CC-BY 4.0,https://huggingface.co/datasets/google/fleurs,experiments/audio_full/en_us_1838.wav
google/fleurs,en_us,English (US),en,1718,11.8,16000,CC-BY 4.0,https://huggingface.co/datasets/google/fleurs,experiments/audio_full/en_us_1718.wav
google/fleurs,en_us,English (US),en,1828,7.2,16000,CC-BY 4.0,https://huggingface.co/datasets/google/fleurs,experiments/audio_full/en_us_1828.wav
google/fleurs,en_us,English (US),en,1740,7.02,16000,CC-BY 4.0,https://huggingface.co/datasets/google/fleurs,experiments/audio_full/en_us_1740.wav
google/fleurs,en_us,English (US),en,1701,6.9,16000,CC-BY 4.0,https://huggingface.co/datasets/google/fleurs,experiments/audio_full/en_us_1701.wav
google/fleurs,en_us,English (US),en,1721,9.24,16000,CC-BY 4.0,https://huggingface.co/datasets/google/fleurs,experiments/audio_full/en_us_1721.wav
google/fleurs,en_us,English (US),en,1699,7.92,16000,CC-BY 4.0,https://huggingface.co/datasets/google/fleurs,experiments/audio_full/en_us_1699.wav
google/fleurs,en_us,English (US),en,1854,8.58,16000,CC-BY 4.0,https://huggingface.co/datasets/google/fleurs,experiments/audio_full/en_us_1854.wav
google/fleurs,en_us,English (US),en,1896,11.4,16000,CC-BY 4.0,https://huggingface.co/datasets/google/fleurs,experiments/audio_full/en_us_1896.wav
google/fleurs,en_us,English (US),en,1746,9.06,16000,CC-BY 4.0,https://huggingface.co/datasets/google/fleurs,experiments/audio_full/en_us_1746.wav
google/fleurs,en_us,English (US),en,1796,11.22,16000,CC-BY 4.0,https://huggingface.co/datasets/google/fleurs,experiments/audio_full/en_us_1796.wav
google/fleurs,en_us,English (US),en,1843,10.5,16000,CC-BY 4.0,https://huggingface.co/datasets/google/fleurs,experiments/audio_full/en_us_1843.wav
google/fleurs,en_us,English (US),en,1683,17.7,16000,CC-BY 4.0,https://huggingface.co/datasets/google/fleurs,experiments/audio_full/en_us_1683.wav
google/fleurs,en_us,English (US),en,1764,9.66,16000,CC-BY 4.0,https://huggingface.co/datasets/google/fleurs,experiments/audio_full/en_us_1764.wav
google/fleurs,en_us,English (US),en,1904,10.58,16000,CC-BY 4.0,https://huggingface.co/datasets/google/fleurs,experiments/audio_full/en_us_1904.wav
google/fleurs,en_us,English (US),en,1698,7.52,16000,CC-BY 4.0,https://huggingface.co/datasets/google/fleurs,experiments/audio_full/en_us_1698.wav
google/fleurs,en_us,English (US),en,1851,6.42,16000,CC-BY 4.0,https://huggingface.co/datasets/google/fleurs,experiments/audio_full/en_us_1851.wav
google/fleurs,en_us,English (US),en,1700,4.92,16000,CC-BY 4.0,https://huggingface.co/datasets/google/fleurs,experiments/audio_full/en_us_1700.wav
google/fleurs,en_us,English (US),en,1907,7.02,16000,CC-BY 4.0,https://huggingface.co/datasets/google/fleurs,experiments/audio_full/en_us_1907.wav
google/fleurs,en_us,English (US),en,1813,11.22,16000,CC-BY 4.0,https://huggingface.co/datasets/google/fleurs,experiments/audio_full/en_us_1813.wav
google/fleurs,en_us,English (US),en,1996,13.98,16000,CC-BY 4.0,https://huggingface.co/datasets/google/fleurs,experiments/audio_full/en_us_1996.wav
google/fleurs,en_us,English (US),en,1915,13.34,16000,CC-BY 4.0,https://huggingface.co/datasets/google/fleurs,experiments/audio_full/en_us_1915.wav
google/fleurs,en_us,English (US),en,1721,6.48,16000,CC-BY 4.0,https://huggingface.co/datasets/google/fleurs,experiments/audio_full/en_us_1721.wav
google/fleurs,en_us,English (US),en,1910,7.54,16000,CC-BY 4.0,https://huggingface.co/datasets/google/fleurs,experiments/audio_full/en_us_1910.wav
google/fleurs,en_us,English (US),en,1954,7.86,16000,CC-BY 4.0,https://huggingface.co/datasets/google/fleurs,experiments/audio_full/en_us_1954.wav
google/fleurs,en_us,English (US),en,1993,8.66,16000,CC-BY 4.0,https://huggingface.co/datasets/google/fleurs,experiments/audio_full/en_us_1993.wav
google/fleurs,en_us,English (US),en,1981,9.26,16000,CC-BY 4.0,https://huggingface.co/datasets/google/fleurs,experiments/audio_full/en_us_1981.wav
google/fleurs,en_us,English (US),en,1967,9.72,16000,CC-BY 4.0,https://huggingface.co/datasets/google/fleurs,experiments/audio_full/en_us_1967.wav
google/fleurs,en_us,English (US),en,1837,8.04,16000,CC-BY 4.0,https://huggingface.co/datasets/google/fleurs,experiments/audio_full/en_us_1837.wav
google/fleurs,en_us,English (US),en,2009,13.86,16000,CC-BY 4.0,https://huggingface.co/datasets/google/fleurs,experiments/audio_full/en_us_2009.wav
google/fleurs,en_us,English (US),en,1964,9.84,16000,CC-BY 4.0,https://huggingface.co/datasets/google/fleurs,experiments/audio_full/en_us_1964.wav
google/fleurs,en_us,English (US),en,1933,8.64,16000,CC-BY 4.0,https://huggingface.co/datasets/google/fleurs,experiments/audio_full/en_us_1933.wav
google/fleurs,en_us,English (US),en,1877,19.56,16000,CC-BY 4.0,https://huggingface.co/datasets/google/fleurs,experiments/audio_full/en_us_1877.wav
google/fleurs,en_us,English (US),en,1944,10.5,16000,CC-BY 4.0,https://huggingface.co/datasets/google/fleurs,experiments/audio_full/en_us_1944.wav
google/fleurs,en_us,English (US),en,1731,7.48,16000,CC-BY 4.0,https://huggingface.co/datasets/google/fleurs,experiments/audio_full/en_us_1731.wav
google/fleurs,en_us,English (US),en,1835,11.88,16000,CC-BY 4.0,https://huggingface.co/datasets/google/fleurs,experiments/audio_full/en_us_1835.wav
google/fleurs,en_us,English (US),en,1817,6.8,16000,CC-BY 4.0,https://huggingface.co/datasets/google/fleurs,experiments/audio_full/en_us_1817.wav
google/fleurs,en_us,English (US),en,1773,12.78,16000,CC-BY 4.0,https://huggingface.co/datasets/google/fleurs,experiments/audio_full/en_us_1773.wav
google/fleurs,en_us,English (US),en,1677,5.94,16000,CC-BY 4.0,https://huggingface.co/datasets/google/fleurs,experiments/audio_full/en_us_1677.wav
google/fleurs,en_us,English (US),en,1926,6.72,16000,CC-BY 4.0,https://huggingface.co/datasets/google/fleurs,experiments/audio_full/en_us_1926.wav
google/fleurs,en_us,English (US),en,1978,4.02,16000,CC-BY 4.0,https://huggingface.co/datasets/google/fleurs,experiments/audio_full/en_us_1978.wav
google/fleurs,en_us,English (US),en,1938,10.56,16000,CC-BY 4.0,https://huggingface.co/datasets/google/fleurs,experiments/audio_full/en_us_1938.wav
google/fleurs,en_us,English (US),en,1854,7.68,16000,CC-BY 4.0,https://huggingface.co/datasets/google/fleurs,experiments/audio_full/en_us_1854.wav
google/fleurs,en_us,English (US),en,1873,10.98,16000,CC-BY 4.0,https://huggingface.co/datasets/google/fleurs,experiments/audio_full/en_us_1873.wav
google/fleurs,en_us,English (US),en,1775,11.54,16000,CC-BY 4.0,https://huggingface.co/datasets/google/fleurs,experiments/audio_full/en_us_1775.wav
google/fleurs,en_us,English (US),en,1937,23.76,16000,CC-BY 4.0,https://huggingface.co/datasets/google/fleurs,experiments/audio_full/en_us_1937.wav
google/fleurs,en_us,English (US),en,1946,9.3,16000,CC-BY 4.0,https://huggingface.co/datasets/google/fleurs,experiments/audio_full/en_us_1946.wav
google/fleurs,en_us,English (US),en,2002,5.76,16000,CC-BY 4.0,https://huggingface.co/datasets/google/fleurs,experiments/audio_full/en_us_2002.wav
google/fleurs,en_us,English (US),en,1875,7.32,16000,CC-BY 4.0,https://huggingface.co/datasets/google/fleurs,experiments/audio_full/en_us_1875.wav
google/fleurs,en_us,English (US),en,1989,12.36,16000,CC-BY 4.0,https://huggingface.co/datasets/google/fleurs,experiments/audio_full/en_us_1989.wav
google/fleurs,en_us,English (US),en,1976,8.64,16000,CC-BY 4.0,https://huggingface.co/datasets/google/fleurs,experiments/audio_full/en_us_1976.wav
google/fleurs,en_us,English (US),en,1762,5.4,16000,CC-BY 4.0,https://huggingface.co/datasets/google/fleurs,experiments/audio_full/en_us_1762.wav
google/fleurs,en_us,English (US),en,1988,7.68,16000,CC-BY 4.0,https://huggingface.co/datasets/google/fleurs,experiments/audio_full/en_us_1988.wav
google/fleurs,en_us,English (US),en,1922,9.36,16000,CC-BY 4.0,https://huggingface.co/datasets/google/fleurs,experiments/audio_full/en_us_1922.wav
google/fleurs,en_us,English (US),en,1716,21.72,16000,CC-BY 4.0,https://huggingface.co/datasets/google/fleurs,experiments/audio_full/en_us_1716.wav
google/fleurs,en_us,English (US),en,1948,11.88,16000,CC-BY 4.0,https://huggingface.co/datasets/google/fleurs,experiments/audio_full/en_us_1948.wav
google/fleurs,en_us,English (US),en,2009,11.04,16000,CC-BY 4.0,https://huggingface.co/datasets/google/fleurs,experiments/audio_full/en_us_2009.wav
google/fleurs,en_us,English (US),en,1786,7.74,16000,CC-BY 4.0,https://huggingface.co/datasets/google/fleurs,experiments/audio_full/en_us_1786.wav
google/fleurs,en_us,English (US),en,1708,13.18,16000,CC-BY 4.0,https://huggingface.co/datasets/google/fleurs,experiments/audio_full/en_us_1708.wav
google/fleurs,en_us,English (US),en,1847,14.04,16000,CC-BY 4.0,https://huggingface.co/datasets/google/fleurs,experiments/audio_full/en_us_1847.wav
google/fleurs,en_us,English (US),en,1816,6.24,16000,CC-BY 4.0,https://huggingface.co/datasets/google/fleurs,experiments/audio_full/en_us_1816.wav
google/fleurs,en_us,English (US),en,1724,11.48,16000,CC-BY 4.0,https://huggingface.co/datasets/google/fleurs,experiments/audio_full/en_us_1724.wav
google/fleurs,en_us,English (US),en,1815,6.3,16000,CC-BY 4.0,https://huggingface.co/datasets/google/fleurs,experiments/audio_full/en_us_1815.wav
google/fleurs,en_us,English (US),en,1771,11.9,16000,CC-BY 4.0,https://huggingface.co/datasets/google/fleurs,experiments/audio_full/en_us_1771.wav
google/fleurs,en_us,English (US),en,1743,16.44,16000,CC-BY 4.0,https://huggingface.co/datasets/google/fleurs,experiments/audio_full/en_us_1743.wav
google/fleurs,en_us,English (US),en,1706,12.72,16000,CC-BY 4.0,https://huggingface.co/datasets/google/fleurs,experiments/audio_full/en_us_1706.wav
google/fleurs,en_us,English (US),en,1748,5.72,16000,CC-BY 4.0,https://huggingface.co/datasets/google/fleurs,experiments/audio_full/en_us_1748.wav
google/fleurs,en_us,English (US),en,1957,3.84,16000,CC-BY 4.0,https://huggingface.co/datasets/google/fleurs,experiments/audio_full/en_us_1957.wav
google/fleurs,en_us,English (US),en,1804,11.04,16000,CC-BY 4.0,https://huggingface.co/datasets/google/fleurs,experiments/audio_full/en_us_1804.wav
google/fleurs,en_us,English (US),en,1760,12.44,16000,CC-BY 4.0,https://huggingface.co/datasets/google/fleurs,experiments/audio_full/en_us_1760.wav
google/fleurs,en_us,English (US),en,1852,25.68,16000,CC-BY 4.0,https://huggingface.co/datasets/google/fleurs,experiments/audio_full/en_us_1852.wav
google/fleurs,en_us,English (US),en,1993,9.94,16000,CC-BY 4.0,https://huggingface.co/datasets/google/fleurs,experiments/audio_full/en_us_1993.wav
google/fleurs,en_us,English (US),en,1720,6.98,16000,CC-BY 4.0,https://huggingface.co/datasets/google/fleurs,experiments/audio_full/en_us_1720.wav
google/fleurs,en_us,English (US),en,1916,10.44,16000,CC-BY 4.0,https://huggingface.co/datasets/google/fleurs,experiments/audio_full/en_us_1916.wav
google/fleurs,en_us,English (US),en,1995,9.72,16000,CC-BY 4.0,https://huggingface.co/datasets/google/fleurs,experiments/audio_full/en_us_1995.wav
google/fleurs,en_us,English (US),en,1957,4.98,16000,CC-BY 4.0,https://huggingface.co/datasets/google/fleurs,experiments/audio_full/en_us_1957.wav
google/fleurs,en_us,English (US),en,1758,9.0,16000,CC-BY 4.0,https://huggingface.co/datasets/google/fleurs,experiments/audio_full/en_us_1758.wav
google/fleurs,en_us,English (US),en,1832,10.38,16000,CC-BY 4.0,https://huggingface.co/datasets/google/fleurs,experiments/audio_full/en_us_1832.wav
google/fleurs,en_us,English (US),en,1877,12.12,16000,CC-BY 4.0,https://huggingface.co/datasets/google/fleurs,experiments/audio_full/en_us_1877.wav
google/fleurs,en_us,English (US),en,1870,6.06,16000,CC-BY 4.0,https://huggingface.co/datasets/google/fleurs,experiments/audio_full/en_us_1870.wav
google/fleurs,en_us,English (US),en,1810,8.82,16000,CC-BY 4.0,https://huggingface.co/datasets/google/fleurs,experiments/audio_full/en_us_1810.wav
google/fleurs,en_us,English (US),en,1843,14.52,16000,CC-BY 4.0,https://huggingface.co/datasets/google/fleurs,experiments/audio_full/en_us_1843.wav
google/fleurs,en_us,English (US),en,1697,8.76,16000,CC-BY 4.0,https://huggingface.co/datasets/google/fleurs,experiments/audio_full/en_us_1697.wav
google/fleurs,en_us,English (US),en,1685,12.9,16000,CC-BY 4.0,https://huggingface.co/datasets/google/fleurs,experiments/audio_full/en_us_1685.wav
google/fleurs,en_us,English (US),en,1834,7.56,16000,CC-BY 4.0,https://huggingface.co/datasets/google/fleurs,experiments/audio_full/en_us_1834.wav
google/fleurs,en_us,English (US),en,1679,3.96,16000,CC-BY 4.0,https://huggingface.co/datasets/google/fleurs,experiments/audio_full/en_us_1679.wav
google/fleurs,en_us,English (US),en,1742,7.02,16000,CC-BY 4.0,https://huggingface.co/datasets/google/fleurs,experiments/audio_full/en_us_1742.wav
google/fleurs,en_us,English (US),en,1727,7.2,16000,CC-BY 4.0,https://huggingface.co/datasets/google/fleurs,experiments/audio_full/en_us_1727.wav
google/fleurs,en_us,English (US),en,1751,12.36,16000,CC-BY 4.0,https://huggingface.co/datasets/google/fleurs,experiments/audio_full/en_us_1751.wav
google/fleurs,en_us,English (US),en,1734,12.12,16000,CC-BY 4.0,https://huggingface.co/datasets/google/fleurs,experiments/audio_full/en_us_1734.wav
google/fleurs,en_us,English (US),en,1716,18.96,16000,CC-BY 4.0,https://huggingface.co/datasets/google/fleurs,experiments/audio_full/en_us_1716.wav
google/fleurs,en_us,English (US),en,1899,14.52,16000,CC-BY 4.0,https://huggingface.co/datasets/google/fleurs,experiments/audio_full/en_us_1899.wav
google/fleurs,en_us,English (US),en,1898,12.36,16000,CC-BY 4.0,https://huggingface.co/datasets/google/fleurs,experiments/audio_full/en_us_1898.wav
google/fleurs,en_us,English (US),en,1664,5.4,16000,CC-BY 4.0,https://huggingface.co/datasets/google/fleurs,experiments/audio_full/en_us_1664.wav
google/fleurs,en_us,English (US),en,1789,12.6,16000,CC-BY 4.0,https://huggingface.co/datasets/google/fleurs,experiments/audio_full/en_us_1789.wav
google/fleurs,en_us,English (US),en,1811,12.0,16000,CC-BY 4.0,https://huggingface.co/datasets/google/fleurs,experiments/audio_full/en_us_1811.wav
google/fleurs,en_us,English (US),en,1958,6.72,16000,CC-BY 4.0,https://huggingface.co/datasets/google/fleurs,experiments/audio_full/en_us_1958.wav
google/fleurs,en_us,English (US),en,1894,9.06,16000,CC-BY 4.0,https://huggingface.co/datasets/google/fleurs,experiments/audio_full/en_us_1894.wav
google/fleurs,en_us,English (US),en,1944,9.72,16000,CC-BY 4.0,https://huggingface.co/datasets/google/fleurs,experiments/audio_full/en_us_1944.wav
google/fleurs,en_us,English (US),en,1804,14.9,16000,CC-BY 4.0,https://huggingface.co/datasets/google/fleurs,experiments/audio_full/en_us_1804.wav
google/fleurs,en_us,English (US),en,1985,9.9,16000,CC-BY 4.0,https://huggingface.co/datasets/google/fleurs,experiments/audio_full/en_us_1985.wav
google/fleurs,en_us,English (US),en,1886,6.84,16000,CC-BY 4.0,https://huggingface.co/datasets/google/fleurs,experiments/audio_full/en_us_1886.wav
google/fleurs,en_us,English (US),en,1687,11.22,16000,CC-BY 4.0,https://huggingface.co/datasets/google/fleurs,experiments/audio_full/en_us_1687.wav
google/fleurs,en_us,English (US),en,1674,6.6,16000,CC-BY 4.0,https://huggingface.co/datasets/google/fleurs,experiments/audio_full/en_us_1674.wav
google/fleurs,en_us,English (US),en,1793,11.1,16000,CC-BY 4.0,https://huggingface.co/datasets/google/fleurs,experiments/audio_full/en_us_1793.wav
google/fleurs,en_us,English (US),en,1753,20.18,16000,CC-BY 4.0,https://huggingface.co/datasets/google/fleurs,experiments/audio_full/en_us_1753.wav
google/fleurs,en_us,English (US),en,1856,9.36,16000,CC-BY 4.0,https://huggingface.co/datasets/google/fleurs,experiments/audio_full/en_us_1856.wav
google/fleurs,en_us,English (US),en,1818,5.94,16000,CC-BY 4.0,https://huggingface.co/datasets/google/fleurs,experiments/audio_full/en_us_1818.wav
google/fleurs,en_us,English (US),en,1820,8.8,16000,CC-BY 4.0,https://huggingface.co/datasets/google/fleurs,experiments/audio_full/en_us_1820.wav
google/fleurs,en_us,English (US),en,1959,8.64,16000,CC-BY 4.0,https://huggingface.co/datasets/google/fleurs,experiments/audio_full/en_us_1959.wav
google/fleurs,en_us,English (US),en,1812,12.0,16000,CC-BY 4.0,https://huggingface.co/datasets/google/fleurs,experiments/audio_full/en_us_1812.wav
google/fleurs,en_us,English (US),en,1719,13.26,16000,CC-BY 4.0,https://huggingface.co/datasets/google/fleurs,experiments/audio_full/en_us_1719.wav
google/fleurs,en_us,English (US),en,1932,17.88,16000,CC-BY 4.0,https://huggingface.co/datasets/google/fleurs,experiments/audio_full/en_us_1932.wav
google/fleurs,en_us,English (US),en,1936,13.8,16000,CC-BY 4.0,https://huggingface.co/datasets/google/fleurs,experiments/audio_full/en_us_1936.wav
google/fleurs,en_us,English (US),en,1948,10.2,16000,CC-BY 4.0,https://huggingface.co/datasets/google/fleurs,experiments/audio_full/en_us_1948.wav
google/fleurs,en_us,English (US),en,1979,10.08,16000,CC-BY 4.0,https://huggingface.co/datasets/google/fleurs,experiments/audio_full/en_us_1979.wav
google/fleurs,en_us,English (US),en,1670,29.3,16000,CC-BY 4.0,https://huggingface.co/datasets/google/fleurs,experiments/audio_full/en_us_1670.wav
google/fleurs,en_us,English (US),en,1965,8.46,16000,CC-BY 4.0,https://huggingface.co/datasets/google/fleurs,experiments/audio_full/en_us_1965.wav
google/fleurs,en_us,English (US),en,1986,11.94,16000,CC-BY 4.0,https://huggingface.co/datasets/google/fleurs,experiments/audio_full/en_us_1986.wav
google/fleurs,en_us,English (US),en,1771,8.94,16000,CC-BY 4.0,https://huggingface.co/datasets/google/fleurs,experiments/audio_full/en_us_1771.wav
google/fleurs,en_us,English (US),en,1945,6.24,16000,CC-BY 4.0,https://huggingface.co/datasets/google/fleurs,experiments/audio_full/en_us_1945.wav
google/fleurs,en_us,English (US),en,1777,8.52,16000,CC-BY 4.0,https://huggingface.co/datasets/google/fleurs,experiments/audio_full/en_us_1777.wav
google/fleurs,en_us,English (US),en,2008,13.54,16000,CC-BY 4.0,https://huggingface.co/datasets/google/fleurs,experiments/audio_full/en_us_2008.wav
google/fleurs,en_us,English (US),en,1673,10.08,16000,CC-BY 4.0,https://huggingface.co/datasets/google/fleurs,experiments/audio_full/en_us_1673.wav
google/fleurs,en_us,English (US),en,1872,12.12,16000,CC-BY 4.0,https://huggingface.co/datasets/google/fleurs,experiments/audio_full/en_us_1872.wav
google/fleurs,en_us,English (US),en,1949,6.72,16000,CC-BY 4.0,https://huggingface.co/datasets/google/fleurs,experiments/audio_full/en_us_1949.wav
google/fleurs,en_us,English (US),en,1968,10.8,16000,CC-BY 4.0,https://huggingface.co/datasets/google/fleurs,experiments/audio_full/en_us_1968.wav
google/fleurs,en_us,English (US),en,1983,20.86,16000,CC-BY 4.0,https://huggingface.co/datasets/google/fleurs,experiments/audio_full/en_us_1983.wav
google/fleurs,en_us,English (US),en,1951,10.38,16000,CC-BY 4.0,https://huggingface.co/datasets/google/fleurs,experiments/audio_full/en_us_1951.wav
google/fleurs,en_us,English (US),en,1845,9.68,16000,CC-BY 4.0,https://huggingface.co/datasets/google/fleurs,experiments/audio_full/en_us_1845.wav
google/fleurs,en_us,English (US),en,1820,5.52,16000,CC-BY 4.0,https://huggingface.co/datasets/google/fleurs,experiments/audio_full/en_us_1820.wav
google/fleurs,en_us,English (US),en,1972,5.04,16000,CC-BY 4.0,https://huggingface.co/datasets/google/fleurs,experiments/audio_full/en_us_1972.wav
google/fleurs,en_us,English (US),en,1924,7.68,16000,CC-BY 4.0,https://huggingface.co/datasets/google/fleurs,experiments/audio_full/en_us_1924.wav
google/fleurs,en_us,English (US),en,1990,11.4,16000,CC-BY 4.0,https://huggingface.co/datasets/google/fleurs,experiments/audio_full/en_us_1990.wav
google/fleurs,en_us,English (US),en,1759,23.64,16000,CC-BY 4.0,https://huggingface.co/datasets/google/fleurs,experiments/audio_full/en_us_1759.wav
google/fleurs,en_us,English (US),en,1689,13.02,16000,CC-BY 4.0,https://huggingface.co/datasets/google/fleurs,experiments/audio_full/en_us_1689.wav
google/fleurs,en_us,English (US),en,1882,9.64,16000,CC-BY 4.0,https://huggingface.co/datasets/google/fleurs,experiments/audio_full/en_us_1882.wav
google/fleurs,en_us,English (US),en,1673,10.68,16000,CC-BY 4.0,https://huggingface.co/datasets/google/fleurs,experiments/audio_full/en_us_1673.wav
google/fleurs,en_us,English (US),en,1714,12.96,16000,CC-BY 4.0,https://huggingface.co/datasets/google/fleurs,experiments/audio_full/en_us_1714.wav
google/fleurs,en_us,English (US),en,1688,17.44,16000,CC-BY 4.0,https://huggingface.co/datasets/google/fleurs,experiments/audio_full/en_us_1688.wav
google/fleurs,en_us,English (US),en,1777,7.92,16000,CC-BY 4.0,https://huggingface.co/datasets/google/fleurs,experiments/audio_full/en_us_1777.wav
google/fleurs,en_us,English (US),en,1784,12.06,16000,CC-BY 4.0,https://huggingface.co/datasets/google/fleurs,experiments/audio_full/en_us_1784.wav
google/fleurs,en_us,English (US),en,1865,8.58,16000,CC-BY 4.0,https://huggingface.co/datasets/google/fleurs,experiments/audio_full/en_us_1865.wav
google/fleurs,en_us,English (US),en,1702,6.84,16000,CC-BY 4.0,https://huggingface.co/datasets/google/fleurs,experiments/audio_full/en_us_1702.wav
google/fleurs,en_us,English (US),en,1663,12.12,16000,CC-BY 4.0,https://huggingface.co/datasets/google/fleurs,experiments/audio_full/en_us_1663.wav
google/fleurs,en_us,English (US),en,1982,6.18,16000,CC-BY 4.0,https://huggingface.co/datasets/google/fleurs,experiments/audio_full/en_us_1982.wav
google/fleurs,en_us,English (US),en,1710,7.92,16000,CC-BY 4.0,https://huggingface.co/datasets/google/fleurs,experiments/audio_full/en_us_1710.wav
google/fleurs,en_us,English (US),en,1933,11.06,16000,CC-BY 4.0,https://huggingface.co/datasets/google/fleurs,experiments/audio_full/en_us_1933.wav
google/fleurs,en_us,English (US),en,1863,16.9,16000,CC-BY 4.0,https://huggingface.co/datasets/google/fleurs,experiments/audio_full/en_us_1863.wav
google/fleurs,en_us,English (US),en,1922,9.06,16000,CC-BY 4.0,https://huggingface.co/datasets/google/fleurs,experiments/audio_full/en_us_1922.wav
google/fleurs,en_us,English (US),en,1676,9.42,16000,CC-BY 4.0,https://huggingface.co/datasets/google/fleurs,experiments/audio_full/en_us_1676.wav
google/fleurs,en_us,English (US),en,1767,6.72,16000,CC-BY 4.0,https://huggingface.co/datasets/google/fleurs,experiments/audio_full/en_us_1767.wav
google/fleurs,en_us,English (US),en,1929,8.1,16000,CC-BY 4.0,https://huggingface.co/datasets/google/fleurs,experiments/audio_full/en_us_1929.wav
google/fleurs,en_us,English (US),en,1672,10.16,16000,CC-BY 4.0,https://huggingface.co/datasets/google/fleurs,experiments/audio_full/en_us_1672.wav
google/fleurs,en_us,English (US),en,1920,6.96,16000,CC-BY 4.0,https://huggingface.co/datasets/google/fleurs,experiments/audio_full/en_us_1920.wav
google/fleurs,en_us,English (US),en,1884,7.68,16000,CC-BY 4.0,https://huggingface.co/datasets/google/fleurs,experiments/audio_full/en_us_1884.wav
google/fleurs,en_us,English (US),en,1665,8.28,16000,CC-BY 4.0,https://huggingface.co/datasets/google/fleurs,experiments/audio_full/en_us_1665.wav
google/fleurs,en_us,English (US),en,1765,7.98,16000,CC-BY 4.0,https://huggingface.co/datasets/google/fleurs,experiments/audio_full/en_us_1765.wav
google/fleurs,en_us,English (US),en,1879,5.46,16000,CC-BY 4.0,https://huggingface.co/datasets/google/fleurs,experiments/audio_full/en_us_1879.wav
google/fleurs,en_us,English (US),en,1976,7.5,16000,CC-BY 4.0,https://huggingface.co/datasets/google/fleurs,experiments/audio_full/en_us_1976.wav
google/fleurs,en_us,English (US),en,1970,8.34,16000,CC-BY 4.0,https://huggingface.co/datasets/google/fleurs,experiments/audio_full/en_us_1970.wav
google/fleurs,en_us,English (US),en,1745,7.68,16000,CC-BY 4.0,https://huggingface.co/datasets/google/fleurs,experiments/audio_full/en_us_1745.wav
google/fleurs,en_us,English (US),en,1977,6.6,16000,CC-BY 4.0,https://huggingface.co/datasets/google/fleurs,experiments/audio_full/en_us_1977.wav
google/fleurs,en_us,English (US),en,1770,5.64,16000,CC-BY 4.0,https://huggingface.co/datasets/google/fleurs,experiments/audio_full/en_us_1770.wav
google/fleurs,en_us,English (US),en,1806,10.38,16000,CC-BY 4.0,https://huggingface.co/datasets/google/fleurs,experiments/audio_full/en_us_1806.wav
google/fleurs,en_us,English (US),en,1744,5.64,16000,CC-BY 4.0,https://huggingface.co/datasets/google/fleurs,experiments/audio_full/en_us_1744.wav
google/fleurs,en_us,English (US),en,1869,16.2,16000,CC-BY 4.0,https://huggingface.co/datasets/google/fleurs,experiments/audio_full/en_us_1869.wav
google/fleurs,en_us,English (US),en,1841,10.14,16000,CC-BY 4.0,https://huggingface.co/datasets/google/fleurs,experiments/audio_full/en_us_1841.wav
google/fleurs,en_us,English (US),en,1986,8.64,16000,CC-BY 4.0,https://huggingface.co/datasets/google/fleurs,experiments/audio_full/en_us_1986.wav
google/fleurs,en_us,English (US),en,1926,8.34,16000,CC-BY 4.0,https://huggingface.co/datasets/google/fleurs,experiments/audio_full/en_us_1926.wav
google/fleurs,en_us,English (US),en,1840,8.4,16000,CC-BY 4.0,https://huggingface.co/datasets/google/fleurs,experiments/audio_full/en_us_1840.wav
google/fleurs,en_us,English (US),en,1964,11.88,16000,CC-BY 4.0,https://huggingface.co/datasets/google/fleurs,experiments/audio_full/en_us_1964.wav
google/fleurs,en_us,English (US),en,1774,13.92,16000,CC-BY 4.0,https://huggingface.co/datasets/google/fleurs,experiments/audio_full/en_us_1774.wav
google/fleurs,en_us,English (US),en,2003,9.24,16000,CC-BY 4.0,https://huggingface.co/datasets/google/fleurs,experiments/audio_full/en_us_2003.wav
google/fleurs,en_us,English (US),en,1859,15.6,16000,CC-BY 4.0,https://huggingface.co/datasets/google/fleurs,experiments/audio_full/en_us_1859.wav
google/fleurs,en_us,English (US),en,1842,17.52,16000,CC-BY 4.0,https://huggingface.co/datasets/google/fleurs,experiments/audio_full/en_us_1842.wav
google/fleurs,en_us,English (US),en,1887,5.46,16000,CC-BY 4.0,https://huggingface.co/datasets/google/fleurs,experiments/audio_full/en_us_1887.wav
google/fleurs,en_us,English (US),en,1830,8.52,16000,CC-BY 4.0,https://huggingface.co/datasets/google/fleurs,experiments/audio_full/en_us_1830.wav
google/fleurs,en_us,English (US),en,1900,7.92,16000,CC-BY 4.0,https://huggingface.co/datasets/google/fleurs,experiments/audio_full/en_us_1900.wav
google/fleurs,en_us,English (US),en,1873,8.68,16000,CC-BY 4.0,https://huggingface.co/datasets/google/fleurs,experiments/audio_full/en_us_1873.wav
google/fleurs,en_us,English (US),en,1735,20.4,16000,CC-BY 4.0,https://huggingface.co/datasets/google/fleurs,experiments/audio_full/en_us_1735.wav
google/fleurs,en_us,English (US),en,1725,10.74,16000,CC-BY 4.0,https://huggingface.co/datasets/google/fleurs,experiments/audio_full/en_us_1725.wav
google/fleurs,en_us,English (US),en,1868,13.2,16000,CC-BY 4.0,https://huggingface.co/datasets/google/fleurs,experiments/audio_full/en_us_1868.wav
google/fleurs,en_us,English (US),en,1981,9.9,16000,CC-BY 4.0,https://huggingface.co/datasets/google/fleurs,experiments/audio_full/en_us_1981.wav
google/fleurs,en_us,English (US),en,1942,7.92,16000,CC-BY 4.0,https://huggingface.co/datasets/google/fleurs,experiments/audio_full/en_us_1942.wav
google/fleurs,en_us,English (US),en,1918,11.88,16000,CC-BY 4.0,https://huggingface.co/datasets/google/fleurs,experiments/audio_full/en_us_1918.wav
google/fleurs,en_us,English (US),en,1925,10.8,16000,CC-BY 4.0,https://huggingface.co/datasets/google/fleurs,experiments/audio_full/en_us_1925.wav
google/fleurs,en_us,English (US),en,1955,10.44,16000,CC-BY 4.0,https://huggingface.co/datasets/google/fleurs,experiments/audio_full/en_us_1955.wav
google/fleurs,en_us,English (US),en,1857,10.26,16000,CC-BY 4.0,https://huggingface.co/datasets/google/fleurs,experiments/audio_full/en_us_1857.wav
google/fleurs,en_us,English (US),en,1965,8.96,16000,CC-BY 4.0,https://huggingface.co/datasets/google/fleurs,experiments/audio_full/en_us_1965.wav
google/fleurs,en_us,English (US),en,1840,10.86,16000,CC-BY 4.0,https://huggingface.co/datasets/google/fleurs,experiments/audio_full/en_us_1840.wav
google/fleurs,en_us,English (US),en,1814,10.8,16000,CC-BY 4.0,https://huggingface.co/datasets/google/fleurs,experiments/audio_full/en_us_1814.wav
google/fleurs,en_us,English (US),en,1905,6.6,16000,CC-BY 4.0,https://huggingface.co/datasets/google/fleurs,experiments/audio_full/en_us_1905.wav
google/fleurs,en_us,English (US),en,1959,5.76,16000,CC-BY 4.0,https://huggingface.co/datasets/google/fleurs,experiments/audio_full/en_us_1959.wav
google/fleurs,en_us,English (US),en,1766,6.12,16000,CC-BY 4.0,https://huggingface.co/datasets/google/fleurs,experiments/audio_full/en_us_1766.wav
google/fleurs,en_us,English (US),en,1768,7.62,16000,CC-BY 4.0,https://huggingface.co/datasets/google/fleurs,experiments/audio_full/en_us_1768.wav
google/fleurs,en_us,English (US),en,1908,6.66,16000,CC-BY 4.0,https://huggingface.co/datasets/google/fleurs,experiments/audio_full/en_us_1908.wav
google/fleurs,en_us,English (US),en,1891,14.74,16000,CC-BY 4.0,https://huggingface.co/datasets/google/fleurs,experiments/audio_full/en_us_1891.wav
google/fleurs,en_us,English (US),en,1753,16.5,16000,CC-BY 4.0,https://huggingface.co/datasets/google/fleurs,experiments/audio_full/en_us_1753.wav
google/fleurs,en_us,English (US),en,1793,8.28,16000,CC-BY 4.0,https://huggingface.co/datasets/google/fleurs,experiments/audio_full/en_us_1793.wav
google/fleurs,en_us,English (US),en,1684,10.96,16000,CC-BY 4.0,https://huggingface.co/datasets/google/fleurs,experiments/audio_full/en_us_1684.wav
google/fleurs,en_us,English (US),en,1960,10.56,16000,CC-BY 4.0,https://huggingface.co/datasets/google/fleurs,experiments/audio_full/en_us_1960.wav
google/fleurs,en_us,English (US),en,1924,12.96,16000,CC-BY 4.0,https://huggingface.co/datasets/google/fleurs,experiments/audio_full/en_us_1924.wav
google/fleurs,en_us,English (US),en,1718,8.76,16000,CC-BY 4.0,https://huggingface.co/datasets/google/fleurs,experiments/audio_full/en_us_1718.wav
google/fleurs,en_us,English (US),en,1862,9.72,16000,CC-BY 4.0,https://huggingface.co/datasets/google/fleurs,experiments/audio_full/en_us_1862.wav
google/fleurs,en_us,English (US),en,1756,13.38,16000,CC-BY 4.0,https://huggingface.co/datasets/google/fleurs,experiments/audio_full/en_us_1756.wav
google/fleurs,en_us,English (US),en,1779,7.68,16000,CC-BY 4.0,https://huggingface.co/datasets/google/fleurs,experiments/audio_full/en_us_1779.wav
google/fleurs,en_us,English (US),en,1969,9.84,16000,CC-BY 4.0,https://huggingface.co/datasets/google/fleurs,experiments/audio_full/en_us_1969.wav
google/fleurs,en_us,English (US),en,1883,9.84,16000,CC-BY 4.0,https://huggingface.co/datasets/google/fleurs,experiments/audio_full/en_us_1883.wav
google/fleurs,en_us,English (US),en,1839,4.94,16000,CC-BY 4.0,https://huggingface.co/datasets/google/fleurs,experiments/audio_full/en_us_1839.wav
google/fleurs,en_us,English (US),en,1818,8.28,16000,CC-BY 4.0,https://huggingface.co/datasets/google/fleurs,experiments/audio_full/en_us_1818.wav
google/fleurs,en_us,English (US),en,1963,12.72,16000,CC-BY 4.0,https://huggingface.co/datasets/google/fleurs,experiments/audio_full/en_us_1963.wav
google/fleurs,en_us,English (US),en,1754,8.96,16000,CC-BY 4.0,https://huggingface.co/datasets/google/fleurs,experiments/audio_full/en_us_1754.wav
google/fleurs,en_us,English (US),en,1963,8.16,16000,CC-BY 4.0,https://huggingface.co/datasets/google/fleurs,experiments/audio_full/en_us_1963.wav
google/fleurs,en_us,English (US),en,1681,19.98,16000,CC-BY 4.0,https://huggingface.co/datasets/google/fleurs,experiments/audio_full/en_us_1681.wav
google/fleurs,en_us,English (US),en,1871,6.72,16000,CC-BY 4.0,https://huggingface.co/datasets/google/fleurs,experiments/audio_full/en_us_1871.wav
google/fleurs,en_us,English (US),en,1947,7.38,16000,CC-BY 4.0,https://huggingface.co/datasets/google/fleurs,experiments/audio_full/en_us_1947.wav
google/fleurs,en_us,English (US),en,1894,6.48,16000,CC-BY 4.0,https://huggingface.co/datasets/google/fleurs,experiments/audio_full/en_us_1894.wav
google/fleurs,en_us,English (US),en,1696,8.1,16000,CC-BY 4.0,https://huggingface.co/datasets/google/fleurs,experiments/audio_full/en_us_1696.wav
google/fleurs,en_us,English (US),en,1712,19.46,16000,CC-BY 4.0,https://huggingface.co/datasets/google/fleurs,experiments/audio_full/en_us_1712.wav
google/fleurs,en_us,English (US),en,1679,4.38,16000,CC-BY 4.0,https://huggingface.co/datasets/google/fleurs,experiments/audio_full/en_us_1679.wav
google/fleurs,en_us,English (US),en,1807,7.44,16000,CC-BY 4.0,https://huggingface.co/datasets/google/fleurs,experiments/audio_full/en_us_1807.wav
google/fleurs,en_us,English (US),en,1815,10.94,16000,CC-BY 4.0,https://huggingface.co/datasets/google/fleurs,experiments/audio_full/en_us_1815.wav
google/fleurs,en_us,English (US),en,1762,8.52,16000,CC-BY 4.0,https://huggingface.co/datasets/google/fleurs,experiments/audio_full/en_us_1762.wav
google/fleurs,en_us,English (US),en,1824,16.76,16000,CC-BY 4.0,https://huggingface.co/datasets/google/fleurs,experiments/audio_full/en_us_1824.wav
google/fleurs,en_us,English (US),en,1935,8.54,16000,CC-BY 4.0,https://huggingface.co/datasets/google/fleurs,experiments/audio_full/en_us_1935.wav
google/fleurs,en_us,English (US),en,1947,8.94,16000,CC-BY 4.0,https://huggingface.co/datasets/google/fleurs,experiments/audio_full/en_us_1947.wav
google/fleurs,en_us,English (US),en,1800,8.28,16000,CC-BY 4.0,https://huggingface.co/datasets/google/fleurs,experiments/audio_full/en_us_1800.wav
google/fleurs,en_us,English (US),en,1678,10.2,16000,CC-BY 4.0,https://huggingface.co/datasets/google/fleurs,experiments/audio_full/en_us_1678.wav
google/fleurs,en_us,English (US),en,1795,13.38,16000,CC-BY 4.0,https://huggingface.co/datasets/google/fleurs,experiments/audio_full/en_us_1795.wav
google/fleurs,en_us,English (US),en,1708,9.48,16000,CC-BY 4.0,https://huggingface.co/datasets/google/fleurs,experiments/audio_full/en_us_1708.wav
google/fleurs,en_us,English (US),en,1885,14.88,16000,CC-BY 4.0,https://huggingface.co/datasets/google/fleurs,experiments/audio_full/en_us_1885.wav
google/fleurs,en_us,English (US),en,1852,16.32,16000,CC-BY 4.0,https://huggingface.co/datasets/google/fleurs,experiments/audio_full/en_us_1852.wav
google/fleurs,en_us,English (US),en,1973,10.44,16000,CC-BY 4.0,https://huggingface.co/datasets/google/fleurs,experiments/audio_full/en_us_1973.wav
google/fleurs,en_us,English (US),en,1668,10.44,16000,CC-BY 4.0,https://huggingface.co/datasets/google/fleurs,experiments/audio_full/en_us_1668.wav
google/fleurs,en_us,English (US),en,1828,9.54,16000,CC-BY 4.0,https://huggingface.co/datasets/google/fleurs,experiments/audio_full/en_us_1828.wav
google/fleurs,en_us,English (US),en,1909,6.24,16000,CC-BY 4.0,https://huggingface.co/datasets/google/fleurs,experiments/audio_full/en_us_1909.wav
google/fleurs,en_us,English (US),en,1895,7.56,16000,CC-BY 4.0,https://huggingface.co/datasets/google/fleurs,experiments/audio_full/en_us_1895.wav
google/fleurs,en_us,English (US),en,1902,7.5,16000,CC-BY 4.0,https://huggingface.co/datasets/google/fleurs,experiments/audio_full/en_us_1902.wav
google/fleurs,en_us,English (US),en,1905,11.16,16000,CC-BY 4.0,https://huggingface.co/datasets/google/fleurs,experiments/audio_full/en_us_1905.wav
google/fleurs,en_us,English (US),en,1819,12.94,16000,CC-BY 4.0,https://huggingface.co/datasets/google/fleurs,experiments/audio_full/en_us_1819.wav
google/fleurs,en_us,English (US),en,1971,14.92,16000,CC-BY 4.0,https://huggingface.co/datasets/google/fleurs,experiments/audio_full/en_us_1971.wav
google/fleurs,en_us,English (US),en,1826,6.24,16000,CC-BY 4.0,https://huggingface.co/datasets/google/fleurs,experiments/audio_full/en_us_1826.wav
google/fleurs,en_us,English (US),en,1672,10.6,16000,CC-BY 4.0,https://huggingface.co/datasets/google/fleurs,experiments/audio_full/en_us_1672.wav
google/fleurs,en_us,English (US),en,1902,7.08,16000,CC-BY 4.0,https://huggingface.co/datasets/google/fleurs,experiments/audio_full/en_us_1902.wav
google/fleurs,en_us,English (US),en,1936,12.6,16000,CC-BY 4.0,https://huggingface.co/datasets/google/fleurs,experiments/audio_full/en_us_1936.wav
google/fleurs,en_us,English (US),en,1775,10.3,16000,CC-BY 4.0,https://huggingface.co/datasets/google/fleurs,experiments/audio_full/en_us_1775.wav
google/fleurs,en_us,English (US),en,1954,10.26,16000,CC-BY 4.0,https://huggingface.co/datasets/google/fleurs,experiments/audio_full/en_us_1954.wav
google/fleurs,en_us,English (US),en,1802,5.76,16000,CC-BY 4.0,https://huggingface.co/datasets/google/fleurs,experiments/audio_full/en_us_1802.wav
google/fleurs,en_us,English (US),en,1866,4.68,16000,CC-BY 4.0,https://huggingface.co/datasets/google/fleurs,experiments/audio_full/en_us_1866.wav
google/fleurs,en_us,English (US),en,1798,11.22,16000,CC-BY 4.0,https://huggingface.co/datasets/google/fleurs,experiments/audio_full/en_us_1798.wav
google/fleurs,en_us,English (US),en,1874,7.74,16000,CC-BY 4.0,https://huggingface.co/datasets/google/fleurs,experiments/audio_full/en_us_1874.wav
google/fleurs,en_us,English (US),en,2000,13.3,16000,CC-BY 4.0,https://huggingface.co/datasets/google/fleurs,experiments/audio_full/en_us_2000.wav
google/fleurs,en_us,English (US),en,2007,6.96,16000,CC-BY 4.0,https://huggingface.co/datasets/google/fleurs,experiments/audio_full/en_us_2007.wav
google/fleurs,en_us,English (US),en,1772,5.62,16000,CC-BY 4.0,https://huggingface.co/datasets/google/fleurs,experiments/audio_full/en_us_1772.wav
google/fleurs,en_us,English (US),en,1671,12.42,16000,CC-BY 4.0,https://huggingface.co/datasets/google/fleurs,experiments/audio_full/en_us_1671.wav
google/fleurs,en_us,English (US),en,1742,9.36,16000,CC-BY 4.0,https://huggingface.co/datasets/google/fleurs,experiments/audio_full/en_us_1742.wav
google/fleurs,en_us,English (US),en,1940,15.46,16000,CC-BY 4.0,https://huggingface.co/datasets/google/fleurs,experiments/audio_full/en_us_1940.wav
google/fleurs,en_us,English (US),en,1763,7.14,16000,CC-BY 4.0,https://huggingface.co/datasets/google/fleurs,experiments/audio_full/en_us_1763.wav
google/fleurs,en_us,English (US),en,1791,6.72,16000,CC-BY 4.0,https://huggingface.co/datasets/google/fleurs,experiments/audio_full/en_us_1791.wav
google/fleurs,en_us,English (US),en,1761,8.16,16000,CC-BY 4.0,https://huggingface.co/datasets/google/fleurs,experiments/audio_full/en_us_1761.wav
google/fleurs,en_us,English (US),en,1781,7.32,16000,CC-BY 4.0,https://huggingface.co/datasets/google/fleurs,experiments/audio_full/en_us_1781.wav
google/fleurs,en_us,English (US),en,1665,10.8,16000,CC-BY 4.0,https://huggingface.co/datasets/google/fleurs,experiments/audio_full/en_us_1665.wav
google/fleurs,en_us,English (US),en,1717,7.8,16000,CC-BY 4.0,https://huggingface.co/datasets/google/fleurs,experiments/audio_full/en_us_1717.wav
google/fleurs,en_us,English (US),en,1714,10.84,16000,CC-BY 4.0,https://huggingface.co/datasets/google/fleurs,experiments/audio_full/en_us_1714.wav
google/fleurs,en_us,English (US),en,1971,9.48,16000,CC-BY 4.0,https://huggingface.co/datasets/google/fleurs,experiments/audio_full/en_us_1971.wav
google/fleurs,en_us,English (US),en,1796,5.82,16000,CC-BY 4.0,https://huggingface.co/datasets/google/fleurs,experiments/audio_full/en_us_1796.wav
google/fleurs,en_us,English (US),en,1914,5.88,16000,CC-BY 4.0,https://huggingface.co/datasets/google/fleurs,experiments/audio_full/en_us_1914.wav
google/fleurs,en_us,English (US),en,1861,7.32,16000,CC-BY 4.0,https://huggingface.co/datasets/google/fleurs,experiments/audio_full/en_us_1861.wav
google/fleurs,en_us,English (US),en,1670,19.8,16000,CC-BY 4.0,https://huggingface.co/datasets/google/fleurs,experiments/audio_full/en_us_1670.wav
google/fleurs,en_us,English (US),en,1788,16.0,16000,CC-BY 4.0,https://huggingface.co/datasets/google/fleurs,experiments/audio_full/en_us_1788.wav
google/fleurs,en_us,English (US),en,1927,8.28,16000,CC-BY 4.0,https://huggingface.co/datasets/google/fleurs,experiments/audio_full/en_us_1927.wav
google/fleurs,en_us,English (US),en,1703,10.12,16000,CC-BY 4.0,https://huggingface.co/datasets/google/fleurs,experiments/audio_full/en_us_1703.wav
google/fleurs,en_us,English (US),en,1879,6.98,16000,CC-BY 4.0,https://huggingface.co/datasets/google/fleurs,experiments/audio_full/en_us_1879.wav
google/fleurs,en_us,English (US),en,1737,6.6,16000,CC-BY 4.0,https://huggingface.co/datasets/google/fleurs,experiments/audio_full/en_us_1737.wav
google/fleurs,en_us,English (US),en,1901,13.48,16000,CC-BY 4.0,https://huggingface.co/datasets/google/fleurs,experiments/audio_full/en_us_1901.wav
google/fleurs,en_us,English (US),en,1952,11.32,16000,CC-BY 4.0,https://huggingface.co/datasets/google/fleurs,experiments/audio_full/en_us_1952.wav
google/fleurs,en_us,English (US),en,1900,6.42,16000,CC-BY 4.0,https://huggingface.co/datasets/google/fleurs,experiments/audio_full/en_us_1900.wav
google/fleurs,en_us,English (US),en,1967,11.28,16000,CC-BY 4.0,https://huggingface.co/datasets/google/fleurs,experiments/audio_full/en_us_1967.wav
google/fleurs,en_us,English (US),en,1663,9.9,16000,CC-BY 4.0,https://huggingface.co/datasets/google/fleurs,experiments/audio_full/en_us_1663.wav
google/fleurs,en_us,English (US),en,1888,8.58,16000,CC-BY 4.0,https://huggingface.co/datasets/google/fleurs,experiments/audio_full/en_us_1888.wav
google/fleurs,en_us,English (US),en,1800,12.0,16000,CC-BY 4.0,https://huggingface.co/datasets/google/fleurs,experiments/audio_full/en_us_1800.wav
google/fleurs,en_us,English (US),en,1764,12.36,16000,CC-BY 4.0,https://huggingface.co/datasets/google/fleurs,experiments/audio_full/en_us_1764.wav
google/fleurs,en_us,English (US),en,1766,9.72,16000,CC-BY 4.0,https://huggingface.co/datasets/google/fleurs,experiments/audio_full/en_us_1766.wav
google/fleurs,en_us,English (US),en,1897,7.14,16000,CC-BY 4.0,https://huggingface.co/datasets/google/fleurs,experiments/audio_full/en_us_1897.wav
google/fleurs,en_us,English (US),en,1821,7.32,16000,CC-BY 4.0,https://huggingface.co/datasets/google/fleurs,experiments/audio_full/en_us_1821.wav
google/fleurs,en_us,English (US),en,1953,5.52,16000,CC-BY 4.0,https://huggingface.co/datasets/google/fleurs,experiments/audio_full/en_us_1953.wav
google/fleurs,en_us,English (US),en,1973,9.96,16000,CC-BY 4.0,https://huggingface.co/datasets/google/fleurs,experiments/audio_full/en_us_1973.wav
google/fleurs,en_us,English (US),en,1985,9.0,16000,CC-BY 4.0,https://huggingface.co/datasets/google/fleurs,experiments/audio_full/en_us_1985.wav
google/fleurs,en_us,English (US),en,1781,8.88,16000,CC-BY 4.0,https://huggingface.co/datasets/google/fleurs,experiments/audio_full/en_us_1781.wav
google/fleurs,en_us,English (US),en,1675,6.6,16000,CC-BY 4.0,https://huggingface.co/datasets/google/fleurs,experiments/audio_full/en_us_1675.wav
google/fleurs,en_us,English (US),en,1726,9.84,16000,CC-BY 4.0,https://huggingface.co/datasets/google/fleurs,experiments/audio_full/en_us_1726.wav
google/fleurs,en_us,English (US),en,1921,12.12,16000,CC-BY 4.0,https://huggingface.co/datasets/google/fleurs,experiments/audio_full/en_us_1921.wav
google/fleurs,en_us,English (US),en,1715,11.52,16000,CC-BY 4.0,https://huggingface.co/datasets/google/fleurs,experiments/audio_full/en_us_1715.wav
google/fleurs,en_us,English (US),en,1856,8.46,16000,CC-BY 4.0,https://huggingface.co/datasets/google/fleurs,experiments/audio_full/en_us_1856.wav
google/fleurs,en_us,English (US),en,1869,10.98,16000,CC-BY 4.0,https://huggingface.co/datasets/google/fleurs,experiments/audio_full/en_us_1869.wav
google/fleurs,en_us,English (US),en,1844,5.64,16000,CC-BY 4.0,https://huggingface.co/datasets/google/fleurs,experiments/audio_full/en_us_1844.wav
google/fleurs,en_us,English (US),en,1951,9.6,16000,CC-BY 4.0,https://huggingface.co/datasets/google/fleurs,experiments/audio_full/en_us_1951.wav
google/fleurs,en_us,English (US),en,1738,8.28,16000,CC-BY 4.0,https://huggingface.co/datasets/google/fleurs,experiments/audio_full/en_us_1738.wav
google/fleurs,en_us,English (US),en,1661,6.36,16000,CC-BY 4.0,https://huggingface.co/datasets/google/fleurs,experiments/audio_full/en_us_1661.wav
google/fleurs,en_us,English (US),en,1983,20.74,16000,CC-BY 4.0,https://huggingface.co/datasets/google/fleurs,experiments/audio_full/en_us_1983.wav
google/fleurs,en_us,English (US),en,1745,9.66,16000,CC-BY 4.0,https://huggingface.co/datasets/google/fleurs,experiments/audio_full/en_us_1745.wav
google/fleurs,en_us,English (US),en,1863,12.96,16000,CC-BY 4.0,https://huggingface.co/datasets/google/fleurs,experiments/audio_full/en_us_1863.wav
google/fleurs,en_us,English (US),en,1960,15.3,16000,CC-BY 4.0,https://huggingface.co/datasets/google/fleurs,experiments/audio_full/en_us_1960.wav
google/fleurs,en_us,English (US),en,1901,16.08,16000,CC-BY 4.0,https://huggingface.co/datasets/google/fleurs,experiments/audio_full/en_us_1901.wav
google/fleurs,en_us,English (US),en,1886,7.8,16000,CC-BY 4.0,https://huggingface.co/datasets/google/fleurs,experiments/audio_full/en_us_1886.wav
google/fleurs,en_us,English (US),en,1989,18.42,16000,CC-BY 4.0,https://huggingface.co/datasets/google/fleurs,experiments/audio_full/en_us_1989.wav
google/fleurs,en_us,English (US),en,1910,7.26,16000,CC-BY 4.0,https://huggingface.co/datasets/google/fleurs,experiments/audio_full/en_us_1910.wav
google/fleurs,en_us,English (US),en,1724,11.74,16000,CC-BY 4.0,https://huggingface.co/datasets/google/fleurs,experiments/audio_full/en_us_1724.wav
google/fleurs,en_us,English (US),en,1817,4.56,16000,CC-BY 4.0,https://huggingface.co/datasets/google/fleurs,experiments/audio_full/en_us_1817.wav
google/fleurs,en_us,English (US),en,1997,13.02,16000,CC-BY 4.0,https://huggingface.co/datasets/google/fleurs,experiments/audio_full/en_us_1997.wav
google/fleurs,en_us,English (US),en,1892,13.14,16000,CC-BY 4.0,https://huggingface.co/datasets/google/fleurs,experiments/audio_full/en_us_1892.wav
google/fleurs,en_us,English (US),en,1833,9.06,16000,CC-BY 4.0,https://huggingface.co/datasets/google/fleurs,experiments/audio_full/en_us_1833.wav
google/fleurs,en_us,English (US),en,1931,11.28,16000,CC-BY 4.0,https://huggingface.co/datasets/google/fleurs,experiments/audio_full/en_us_1931.wav
google/fleurs,en_us,English (US),en,2001,7.32,16000,CC-BY 4.0,https://huggingface.co/datasets/google/fleurs,experiments/audio_full/en_us_2001.wav
google/fleurs,en_us,English (US),en,1819,12.24,16000,CC-BY 4.0,https://huggingface.co/datasets/google/fleurs,experiments/audio_full/en_us_1819.wav
google/fleurs,en_us,English (US),en,1754,10.74,16000,CC-BY 4.0,https://huggingface.co/datasets/google/fleurs,experiments/audio_full/en_us_1754.wav
google/fleurs,en_us,English (US),en,1662,11.16,16000,CC-BY 4.0,https://huggingface.co/datasets/google/fleurs,experiments/audio_full/en_us_1662.wav
google/fleurs,en_us,English (US),en,1785,11.76,16000,CC-BY 4.0,https://huggingface.co/datasets/google/fleurs,experiments/audio_full/en_us_1785.wav
google/fleurs,en_us,English (US),en,1898,15.7,16000,CC-BY 4.0,https://huggingface.co/datasets/google/fleurs,experiments/audio_full/en_us_1898.wav
google/fleurs,en_us,English (US),en,1872,12.54,16000,CC-BY 4.0,https://huggingface.co/datasets/google/fleurs,experiments/audio_full/en_us_1872.wav
google/fleurs,en_us,English (US),en,1799,7.8,16000,CC-BY 4.0,https://huggingface.co/datasets/google/fleurs,experiments/audio_full/en_us_1799.wav
google/fleurs,en_us,English (US),en,1974,6.0,16000,CC-BY 4.0,https://huggingface.co/datasets/google/fleurs,experiments/audio_full/en_us_1974.wav
google/fleurs,en_us,English (US),en,1962,10.56,16000,CC-BY 4.0,https://huggingface.co/datasets/google/fleurs,experiments/audio_full/en_us_1962.wav
google/fleurs,en_us,English (US),en,1731,7.1,16000,CC-BY 4.0,https://huggingface.co/datasets/google/fleurs,experiments/audio_full/en_us_1731.wav
google/fleurs,en_us,English (US),en,1871,6.02,16000,CC-BY 4.0,https://huggingface.co/datasets/google/fleurs,experiments/audio_full/en_us_1871.wav
google/fleurs,en_us,English (US),en,1835,16.08,16000,CC-BY 4.0,https://huggingface.co/datasets/google/fleurs,experiments/audio_full/en_us_1835.wav
google/fleurs,en_us,English (US),en,1707,10.92,16000,CC-BY 4.0,https://huggingface.co/datasets/google/fleurs,experiments/audio_full/en_us_1707.wav
google/fleurs,en_us,English (US),en,1906,6.36,16000,CC-BY 4.0,https://huggingface.co/datasets/google/fleurs,experiments/audio_full/en_us_1906.wav
google/fleurs,en_us,English (US),en,1787,8.46,16000,CC-BY 4.0,https://huggingface.co/datasets/google/fleurs,experiments/audio_full/en_us_1787.wav
google/fleurs,en_us,English (US),en,1703,6.12,16000,CC-BY 4.0,https://huggingface.co/datasets/google/fleurs,experiments/audio_full/en_us_1703.wav
google/fleurs,en_us,English (US),en,1713,13.92,16000,CC-BY 4.0,https://huggingface.co/datasets/google/fleurs,experiments/audio_full/en_us_1713.wav
google/fleurs,en_us,English (US),en,1966,8.52,16000,CC-BY 4.0,https://huggingface.co/datasets/google/fleurs,experiments/audio_full/en_us_1966.wav
google/fleurs,en_us,English (US),en,1880,3.96,16000,CC-BY 4.0,https://huggingface.co/datasets/google/fleurs,experiments/audio_full/en_us_1880.wav
google/fleurs,en_us,English (US),en,1794,8.28,16000,CC-BY 4.0,https://huggingface.co/datasets/google/fleurs,experiments/audio_full/en_us_1794.wav
google/fleurs,en_us,English (US),en,1837,10.26,16000,CC-BY 4.0,https://huggingface.co/datasets/google/fleurs,experiments/audio_full/en_us_1837.wav
google/fleurs,en_us,English (US),en,1875,10.12,16000,CC-BY 4.0,https://huggingface.co/datasets/google/fleurs,experiments/audio_full/en_us_1875.wav
google/fleurs,en_us,English (US),en,1992,9.5,16000,CC-BY 4.0,https://huggingface.co/datasets/google/fleurs,experiments/audio_full/en_us_1992.wav
google/fleurs,en_us,English (US),en,1812,10.32,16000,CC-BY 4.0,https://huggingface.co/datasets/google/fleurs,experiments/audio_full/en_us_1812.wav
google/fleurs,en_us,English (US),en,1782,11.76,16000,CC-BY 4.0,https://huggingface.co/datasets/google/fleurs,experiments/audio_full/en_us_1782.wav
google/fleurs,en_us,English (US),en,1704,10.26,16000,CC-BY 4.0,https://huggingface.co/datasets/google/fleurs,experiments/audio_full/en_us_1704.wav
google/fleurs,en_us,English (US),en,1686,12.12,16000,CC-BY 4.0,https://huggingface.co/datasets/google/fleurs,experiments/audio_full/en_us_1686.wav
google/fleurs,en_us,English (US),en,1747,3.6,16000,CC-BY 4.0,https://huggingface.co/datasets/google/fleurs,experiments/audio_full/en_us_1747.wav
google/fleurs,en_us,English (US),en,1755,4.86,16000,CC-BY 4.0,https://huggingface.co/datasets/google/fleurs,experiments/audio_full/en_us_1755.wav
google/fleurs,en_us,English (US),en,1692,10.34,16000,CC-BY 4.0,https://huggingface.co/datasets/google/fleurs,experiments/audio_full/en_us_1692.wav
google/fleurs,en_us,English (US),en,1831,10.68,16000,CC-BY 4.0,https://huggingface.co/datasets/google/fleurs,experiments/audio_full/en_us_1831.wav
google/fleurs,en_us,English (US),en,1790,12.96,16000,CC-BY 4.0,https://huggingface.co/datasets/google/fleurs,experiments/audio_full/en_us_1790.wav
google/fleurs,en_us,English (US),en,1669,9.14,16000,CC-BY 4.0,https://huggingface.co/datasets/google/fleurs,experiments/audio_full/en_us_1669.wav
google/fleurs,en_us,English (US),en,1892,10.32,16000,CC-BY 4.0,https://huggingface.co/datasets/google/fleurs,experiments/audio_full/en_us_1892.wav
google/fleurs,en_us,English (US),en,1816,9.24,16000,CC-BY 4.0,https://huggingface.co/datasets/google/fleurs,experiments/audio_full/en_us_1816.wav
google/fleurs,en_us,English (US),en,1979,10.98,16000,CC-BY 4.0,https://huggingface.co/datasets/google/fleurs,experiments/audio_full/en_us_1979.wav
google/fleurs,en_us,English (US),en,1823,7.68,16000,CC-BY 4.0,https://huggingface.co/datasets/google/fleurs,experiments/audio_full/en_us_1823.wav
google/fleurs,en_us,English (US),en,1770,4.38,16000,CC-BY 4.0,https://huggingface.co/datasets/google/fleurs,experiments/audio_full/en_us_1770.wav
google/fleurs,en_us,English (US),en,1833,9.48,16000,CC-BY 4.0,https://huggingface.co/datasets/google/fleurs,experiments/audio_full/en_us_1833.wav
google/fleurs,en_us,English (US),en,1874,7.92,16000,CC-BY 4.0,https://huggingface.co/datasets/google/fleurs,experiments/audio_full/en_us_1874.wav
google/fleurs,en_us,English (US),en,1783,7.58,16000,CC-BY 4.0,https://huggingface.co/datasets/google/fleurs,experiments/audio_full/en_us_1783.wav
google/fleurs,en_us,English (US),en,1759,14.28,16000,CC-BY 4.0,https://huggingface.co/datasets/google/fleurs,experiments/audio_full/en_us_1759.wav
google/fleurs,en_us,English (US),en,1829,10.38,16000,CC-BY 4.0,https://huggingface.co/datasets/google/fleurs,experiments/audio_full/en_us_1829.wav
google/fleurs,en_us,English (US),en,1732,13.68,16000,CC-BY 4.0,https://huggingface.co/datasets/google/fleurs,experiments/audio_full/en_us_1732.wav
google/fleurs,en_us,English (US),en,1876,11.1,16000,CC-BY 4.0,https://huggingface.co/datasets/google/fleurs,experiments/audio_full/en_us_1876.wav
google/fleurs,en_us,English (US),en,1844,5.04,16000,CC-BY 4.0,https://huggingface.co/datasets/google/fleurs,experiments/audio_full/en_us_1844.wav
google/fleurs,en_us,English (US),en,1661,6.9,16000,CC-BY 4.0,https://huggingface.co/datasets/google/fleurs,experiments/audio_full/en_us_1661.wav
google/fleurs,en_us,English (US),en,1920,7.44,16000,CC-BY 4.0,https://huggingface.co/datasets/google/fleurs,experiments/audio_full/en_us_1920.wav
google/fleurs,en_us,English (US),en,1783,7.8,16000,CC-BY 4.0,https://huggingface.co/datasets/google/fleurs,experiments/audio_full/en_us_1783.wav
google/fleurs,en_us,English (US),en,1748,7.12,16000,CC-BY 4.0,https://huggingface.co/datasets/google/fleurs,experiments/audio_full/en_us_1748.wav
google/fleurs,en_us,English (US),en,1707,12.0,16000,CC-BY 4.0,https://huggingface.co/datasets/google/fleurs,experiments/audio_full/en_us_1707.wav
google/fleurs,en_us,English (US),en,1677,6.18,16000,CC-BY 4.0,https://huggingface.co/datasets/google/fleurs,experiments/audio_full/en_us_1677.wav
google/fleurs,en_us,English (US),en,1851,4.98,16000,CC-BY 4.0,https://huggingface.co/datasets/google/fleurs,experiments/audio_full/en_us_1851.wav
google/fleurs,en_us,English (US),en,1915,12.12,16000,CC-BY 4.0,https://huggingface.co/datasets/google/fleurs,experiments/audio_full/en_us_1915.wav
google/fleurs,en_us,English (US),en,1848,9.24,16000,CC-BY 4.0,https://huggingface.co/datasets/google/fleurs,experiments/audio_full/en_us_1848.wav
google/fleurs,hi_in,Hindi,south_asia,1766,9.12,16000,CC-BY 4.0,https://huggingface.co/datasets/google/fleurs,experiments/audio_full/hi_in_1766.wav
google/fleurs,hi_in,Hindi,south_asia,1784,13.8,16000,CC-BY 4.0,https://huggingface.co/datasets/google/fleurs,experiments/audio_full/hi_in_1784.wav
google/fleurs,hi_in,Hindi,south_asia,1718,15.0,16000,CC-BY 4.0,https://huggingface.co/datasets/google/fleurs,experiments/audio_full/hi_in_1718.wav
google/fleurs,hi_in,Hindi,south_asia,1778,5.1,16000,CC-BY 4.0,https://huggingface.co/datasets/google/fleurs,experiments/audio_full/hi_in_1778.wav
google/fleurs,hi_in,Hindi,south_asia,1828,13.2,16000,CC-BY 4.0,https://huggingface.co/datasets/google/fleurs,experiments/audio_full/hi_in_1828.wav
google/fleurs,hi_in,Hindi,south_asia,1666,10.62,16000,CC-BY 4.0,https://huggingface.co/datasets/google/fleurs,experiments/audio_full/hi_in_1666.wav
google/fleurs,hi_in,Hindi,south_asia,1836,17.1,16000,CC-BY 4.0,https://huggingface.co/datasets/google/fleurs,experiments/audio_full/hi_in_1836.wav
google/fleurs,hi_in,Hindi,south_asia,1792,8.22,16000,CC-BY 4.0,https://huggingface.co/datasets/google/fleurs,experiments/audio_full/hi_in_1792.wav
google/fleurs,hi_in,Hindi,south_asia,1827,7.8,16000,CC-BY 4.0,https://huggingface.co/datasets/google/fleurs,experiments/audio_full/hi_in_1827.wav
google/fleurs,hi_in,Hindi,south_asia,1985,13.68,16000,CC-BY 4.0,https://huggingface.co/datasets/google/fleurs,experiments/audio_full/hi_in_1985.wav
google/fleurs,hi_in,Hindi,south_asia,1996,14.28,16000,CC-BY 4.0,https://huggingface.co/datasets/google/fleurs,experiments/audio_full/hi_in_1996.wav
google/fleurs,hi_in,Hindi,south_asia,1702,12.9,16000,CC-BY 4.0,https://huggingface.co/datasets/google/fleurs,experiments/audio_full/hi_in_1702.wav
google/fleurs,hi_in,Hindi,south_asia,1955,9.0,16000,CC-BY 4.0,https://huggingface.co/datasets/google/fleurs,experiments/audio_full/hi_in_1955.wav
google/fleurs,hi_in,Hindi,south_asia,1797,10.26,16000,CC-BY 4.0,https://huggingface.co/datasets/google/fleurs,experiments/audio_full/hi_in_1797.wav
google/fleurs,hi_in,Hindi,south_asia,1680,20.88,16000,CC-BY 4.0,https://huggingface.co/datasets/google/fleurs,experiments/audio_full/hi_in_1680.wav
google/fleurs,hi_in,Hindi,south_asia,1992,8.88,16000,CC-BY 4.0,https://huggingface.co/datasets/google/fleurs,experiments/audio_full/hi_in_1992.wav
google/fleurs,hi_in,Hindi,south_asia,1719,10.5,16000,CC-BY 4.0,https://huggingface.co/datasets/google/fleurs,experiments/audio_full/hi_in_1719.wav
google/fleurs,hi_in,Hindi,south_asia,1681,17.94,16000,CC-BY 4.0,https://huggingface.co/datasets/google/fleurs,experiments/audio_full/hi_in_1681.wav
google/fleurs,hi_in,Hindi,south_asia,2006,5.94,16000,CC-BY 4.0,https://huggingface.co/datasets/google/fleurs,experiments/audio_full/hi_in_2006.wav
google/fleurs,hi_in,Hindi,south_asia,1720,10.44,16000,CC-BY 4.0,https://huggingface.co/datasets/google/fleurs,experiments/audio_full/hi_in_1720.wav
google/fleurs,hi_in,Hindi,south_asia,1732,17.76,16000,CC-BY 4.0,https://huggingface.co/datasets/google/fleurs,experiments/audio_full/hi_in_1732.wav
google/fleurs,hi_in,Hindi,south_asia,1874,19.74,16000,CC-BY 4.0,https://huggingface.co/datasets/google/fleurs,experiments/audio_full/hi_in_1874.wav
google/fleurs,hi_in,Hindi,south_asia,1981,12.78,16000,CC-BY 4.0,https://huggingface.co/datasets/google/fleurs,experiments/audio_full/hi_in_1981.wav
google/fleurs,hi_in,Hindi,south_asia,1683,14.94,16000,CC-BY 4.0,https://huggingface.co/datasets/google/fleurs,experiments/audio_full/hi_in_1683.wav
google/fleurs,hi_in,Hindi,south_asia,1807,18.36,16000,CC-BY 4.0,https://huggingface.co/datasets/google/fleurs,experiments/audio_full/hi_in_1807.wav
google/fleurs,hi_in,Hindi,south_asia,1818,7.74,16000,CC-BY 4.0,https://huggingface.co/datasets/google/fleurs,experiments/audio_full/hi_in_1818.wav
google/fleurs,hi_in,Hindi,south_asia,1957,4.08,16000,CC-BY 4.0,https://huggingface.co/datasets/google/fleurs,experiments/audio_full/hi_in_1957.wav
google/fleurs,hi_in,Hindi,south_asia,1802,5.46,16000,CC-BY 4.0,https://huggingface.co/datasets/google/fleurs,experiments/audio_full/hi_in_1802.wav
google/fleurs,hi_in,Hindi,south_asia,1743,18.6,16000,CC-BY 4.0,https://huggingface.co/datasets/google/fleurs,experiments/audio_full/hi_in_1743.wav
google/fleurs,hi_in,Hindi,south_asia,1702,9.72,16000,CC-BY 4.0,https://huggingface.co/datasets/google/fleurs,experiments/audio_full/hi_in_1702.wav
google/fleurs,hi_in,Hindi,south_asia,1843,12.36,16000,CC-BY 4.0,https://huggingface.co/datasets/google/fleurs,experiments/audio_full/hi_in_1843.wav
google/fleurs,hi_in,Hindi,south_asia,1847,12.36,16000,CC-BY 4.0,https://huggingface.co/datasets/google/fleurs,experiments/audio_full/hi_in_1847.wav
google/fleurs,hi_in,Hindi,south_asia,1815,12.48,16000,CC-BY 4.0,https://huggingface.co/datasets/google/fleurs,experiments/audio_full/hi_in_1815.wav
google/fleurs,hi_in,Hindi,south_asia,1910,7.02,16000,CC-BY 4.0,https://huggingface.co/datasets/google/fleurs,experiments/audio_full/hi_in_1910.wav
google/fleurs,hi_in,Hindi,south_asia,1721,8.22,16000,CC-BY 4.0,https://huggingface.co/datasets/google/fleurs,experiments/audio_full/hi_in_1721.wav
google/fleurs,hi_in,Hindi,south_asia,1767,8.7,16000,CC-BY 4.0,https://huggingface.co/datasets/google/fleurs,experiments/audio_full/hi_in_1767.wav
google/fleurs,hi_in,Hindi,south_asia,1958,8.82,16000,CC-BY 4.0,https://huggingface.co/datasets/google/fleurs,experiments/audio_full/hi_in_1958.wav
google/fleurs,hi_in,Hindi,south_asia,1669,8.7,16000,CC-BY 4.0,https://huggingface.co/datasets/google/fleurs,experiments/audio_full/hi_in_1669.wav
google/fleurs,hi_in,Hindi,south_asia,1706,14.64,16000,CC-BY 4.0,https://huggingface.co/datasets/google/fleurs,experiments/audio_full/hi_in_1706.wav
google/fleurs,hi_in,Hindi,south_asia,1759,24.0,16000,CC-BY 4.0,https://huggingface.co/datasets/google/fleurs,experiments/audio_full/hi_in_1759.wav
google/fleurs,hi_in,Hindi,south_asia,1953,8.4,16000,CC-BY 4.0,https://huggingface.co/datasets/google/fleurs,experiments/audio_full/hi_in_1953.wav
google/fleurs,hi_in,Hindi,south_asia,1769,12.24,16000,CC-BY 4.0,https://huggingface.co/datasets/google/fleurs,experiments/audio_full/hi_in_1769.wav
google/fleurs,hi_in,Hindi,south_asia,1982,8.52,16000,CC-BY 4.0,https://huggingface.co/datasets/google/fleurs,experiments/audio_full/hi_in_1982.wav
google/fleurs,hi_in,Hindi,south_asia,1801,12.48,16000,CC-BY 4.0,https://huggingface.co/datasets/google/fleurs,experiments/audio_full/hi_in_1801.wav
google/fleurs,hi_in,Hindi,south_asia,1719,10.8,16000,CC-BY 4.0,https://huggingface.co/datasets/google/fleurs,experiments/audio_full/hi_in_1719.wav
google/fleurs,hi_in,Hindi,south_asia,1978,6.36,16000,CC-BY 4.0,https://huggingface.co/datasets/google/fleurs,experiments/audio_full/hi_in_1978.wav
google/fleurs,hi_in,Hindi,south_asia,1820,6.72,16000,CC-BY 4.0,https://huggingface.co/datasets/google/fleurs,experiments/audio_full/hi_in_1820.wav
google/fleurs,hi_in,Hindi,south_asia,1742,11.16,16000,CC-BY 4.0,https://huggingface.co/datasets/google/fleurs,experiments/audio_full/hi_in_1742.wav
google/fleurs,hi_in,Hindi,south_asia,1769,15.96,16000,CC-BY 4.0,https://huggingface.co/datasets/google/fleurs,experiments/audio_full/hi_in_1769.wav
google/fleurs,hi_in,Hindi,south_asia,1895,11.34,16000,CC-BY 4.0,https://huggingface.co/datasets/google/fleurs,experiments/audio_full/hi_in_1895.wav
google/fleurs,hi_in,Hindi,south_asia,1958,7.68,16000,CC-BY 4.0,https://huggingface.co/datasets/google/fleurs,experiments/audio_full/hi_in_1958.wav
google/fleurs,hi_in,Hindi,south_asia,1886,13.32,16000,CC-BY 4.0,https://huggingface.co/datasets/google/fleurs,experiments/audio_full/hi_in_1886.wav
google/fleurs,hi_in,Hindi,south_asia,1961,21.48,16000,CC-BY 4.0,https://huggingface.co/datasets/google/fleurs,experiments/audio_full/hi_in_1961.wav
google/fleurs,hi_in,Hindi,south_asia,1966,9.66,16000,CC-BY 4.0,https://huggingface.co/datasets/google/fleurs,experiments/audio_full/hi_in_1966.wav
google/fleurs,hi_in,Hindi,south_asia,1695,18.96,16000,CC-BY 4.0,https://huggingface.co/datasets/google/fleurs,experiments/audio_full/hi_in_1695.wav
google/fleurs,hi_in,Hindi,south_asia,1791,5.82,16000,CC-BY 4.0,https://huggingface.co/datasets/google/fleurs,experiments/audio_full/hi_in_1791.wav
google/fleurs,hi_in,Hindi,south_asia,1689,18.48,16000,CC-BY 4.0,https://huggingface.co/datasets/google/fleurs,experiments/audio_full/hi_in_1689.wav
google/fleurs,hi_in,Hindi,south_asia,1982,7.8,16000,CC-BY 4.0,https://huggingface.co/datasets/google/fleurs,experiments/audio_full/hi_in_1982.wav
google/fleurs,hi_in,Hindi,south_asia,1847,12.12,16000,CC-BY 4.0,https://huggingface.co/datasets/google/fleurs,experiments/audio_full/hi_in_1847.wav
google/fleurs,hi_in,Hindi,south_asia,1772,6.36,16000,CC-BY 4.0,https://huggingface.co/datasets/google/fleurs,experiments/audio_full/hi_in_1772.wav
google/fleurs,hi_in,Hindi,south_asia,1803,9.72,16000,CC-BY 4.0,https://huggingface.co/datasets/google/fleurs,experiments/audio_full/hi_in_1803.wav
google/fleurs,hi_in,Hindi,south_asia,1718,14.94,16000,CC-BY 4.0,https://huggingface.co/datasets/google/fleurs,experiments/audio_full/hi_in_1718.wav
google/fleurs,hi_in,Hindi,south_asia,1827,9.18,16000,CC-BY 4.0,https://huggingface.co/datasets/google/fleurs,experiments/audio_full/hi_in_1827.wav
google/fleurs,hi_in,Hindi,south_asia,1820,6.9,16000,CC-BY 4.0,https://huggingface.co/datasets/google/fleurs,experiments/audio_full/hi_in_1820.wav
google/fleurs,hi_in,Hindi,south_asia,1844,6.24,16000,CC-BY 4.0,https://huggingface.co/datasets/google/fleurs,experiments/audio_full/hi_in_1844.wav
google/fleurs,hi_in,Hindi,south_asia,1875,8.4,16000,CC-BY 4.0,https://huggingface.co/datasets/google/fleurs,experiments/audio_full/hi_in_1875.wav
google/fleurs,hi_in,Hindi,south_asia,1893,12.48,16000,CC-BY 4.0,https://huggingface.co/datasets/google/fleurs,experiments/audio_full/hi_in_1893.wav
google/fleurs,hi_in,Hindi,south_asia,1974,5.82,16000,CC-BY 4.0,https://huggingface.co/datasets/google/fleurs,experiments/audio_full/hi_in_1974.wav
google/fleurs,hi_in,Hindi,south_asia,1873,10.32,16000,CC-BY 4.0,https://huggingface.co/datasets/google/fleurs,experiments/audio_full/hi_in_1873.wav
google/fleurs,hi_in,Hindi,south_asia,1683,16.56,16000,CC-BY 4.0,https://huggingface.co/datasets/google/fleurs,experiments/audio_full/hi_in_1683.wav
google/fleurs,hi_in,Hindi,south_asia,1913,10.2,16000,CC-BY 4.0,https://huggingface.co/datasets/google/fleurs,experiments/audio_full/hi_in_1913.wav
google/fleurs,hi_in,Hindi,south_asia,1887,9.48,16000,CC-BY 4.0,https://huggingface.co/datasets/google/fleurs,experiments/audio_full/hi_in_1887.wav
google/fleurs,hi_in,Hindi,south_asia,1750,6.24,16000,CC-BY 4.0,https://huggingface.co/datasets/google/fleurs,experiments/audio_full/hi_in_1750.wav
google/fleurs,hi_in,Hindi,south_asia,1681,13.68,16000,CC-BY 4.0,https://huggingface.co/datasets/google/fleurs,experiments/audio_full/hi_in_1681.wav
google/fleurs,hi_in,Hindi,south_asia,1842,24.48,16000,CC-BY 4.0,https://huggingface.co/datasets/google/fleurs,experiments/audio_full/hi_in_1842.wav
google/fleurs,hi_in,Hindi,south_asia,1993,9.78,16000,CC-BY 4.0,https://huggingface.co/datasets/google/fleurs,experiments/audio_full/hi_in_1993.wav
google/fleurs,hi_in,Hindi,south_asia,1835,22.26,16000,CC-BY 4.0,https://huggingface.co/datasets/google/fleurs,experiments/audio_full/hi_in_1835.wav
google/fleurs,hi_in,Hindi,south_asia,1933,13.26,16000,CC-BY 4.0,https://huggingface.co/datasets/google/fleurs,experiments/audio_full/hi_in_1933.wav
google/fleurs,hi_in,Hindi,south_asia,1956,16.92,16000,CC-BY 4.0,https://huggingface.co/datasets/google/fleurs,experiments/audio_full/hi_in_1956.wav
google/fleurs,hi_in,Hindi,south_asia,1861,11.34,16000,CC-BY 4.0,https://huggingface.co/datasets/google/fleurs,experiments/audio_full/hi_in_1861.wav
google/fleurs,hi_in,Hindi,south_asia,1849,12.24,16000,CC-BY 4.0,https://huggingface.co/datasets/google/fleurs,experiments/audio_full/hi_in_1849.wav
google/fleurs,hi_in,Hindi,south_asia,1960,18.06,16000,CC-BY 4.0,https://huggingface.co/datasets/google/fleurs,experiments/audio_full/hi_in_1960.wav
google/fleurs,hi_in,Hindi,south_asia,1985,13.44,16000,CC-BY 4.0,https://huggingface.co/datasets/google/fleurs,experiments/audio_full/hi_in_1985.wav
google/fleurs,hi_in,Hindi,south_asia,1922,12.84,16000,CC-BY 4.0,https://huggingface.co/datasets/google/fleurs,experiments/audio_full/hi_in_1922.wav
google/fleurs,hi_in,Hindi,south_asia,1952,9.9,16000,CC-BY 4.0,https://huggingface.co/datasets/google/fleurs,experiments/audio_full/hi_in_1952.wav
google/fleurs,hi_in,Hindi,south_asia,1937,31.44,16000,CC-BY 4.0,https://huggingface.co/datasets/google/fleurs,experiments/audio_full/hi_in_1937.wav
google/fleurs,hi_in,Hindi,south_asia,1868,13.68,16000,CC-BY 4.0,https://huggingface.co/datasets/google/fleurs,experiments/audio_full/hi_in_1868.wav
google/fleurs,hi_in,Hindi,south_asia,1925,9.96,16000,CC-BY 4.0,https://huggingface.co/datasets/google/fleurs,experiments/audio_full/hi_in_1925.wav
google/fleurs,hi_in,Hindi,south_asia,1719,15.0,16000,CC-BY 4.0,https://huggingface.co/datasets/google/fleurs,experiments/audio_full/hi_in_1719.wav
google/fleurs,hi_in,Hindi,south_asia,1687,10.08,16000,CC-BY 4.0,https://huggingface.co/datasets/google/fleurs,experiments/audio_full/hi_in_1687.wav
google/fleurs,hi_in,Hindi,south_asia,2009,19.74,16000,CC-BY 4.0,https://huggingface.co/datasets/google/fleurs,experiments/audio_full/hi_in_2009.wav
google/fleurs,hi_in,Hindi,south_asia,1973,18.96,16000,CC-BY 4.0,https://huggingface.co/datasets/google/fleurs,experiments/audio_full/hi_in_1973.wav
google/fleurs,hi_in,Hindi,south_asia,1746,5.76,16000,CC-BY 4.0,https://huggingface.co/datasets/google/fleurs,experiments/audio_full/hi_in_1746.wav
google/fleurs,hi_in,Hindi,south_asia,1853,8.88,16000,CC-BY 4.0,https://huggingface.co/datasets/google/fleurs,experiments/audio_full/hi_in_1853.wav
google/fleurs,hi_in,Hindi,south_asia,1675,8.52,16000,CC-BY 4.0,https://huggingface.co/datasets/google/fleurs,experiments/audio_full/hi_in_1675.wav
google/fleurs,hi_in,Hindi,south_asia,1723,12.06,16000,CC-BY 4.0,https://huggingface.co/datasets/google/fleurs,experiments/audio_full/hi_in_1723.wav
google/fleurs,hi_in,Hindi,south_asia,1788,16.26,16000,CC-BY 4.0,https://huggingface.co/datasets/google/fleurs,experiments/audio_full/hi_in_1788.wav
google/fleurs,hi_in,Hindi,south_asia,1661,10.44,16000,CC-BY 4.0,https://huggingface.co/datasets/google/fleurs,experiments/audio_full/hi_in_1661.wav
google/fleurs,hi_in,Hindi,south_asia,1965,15.72,16000,CC-BY 4.0,https://huggingface.co/datasets/google/fleurs,experiments/audio_full/hi_in_1965.wav
google/fleurs,hi_in,Hindi,south_asia,1919,10.2,16000,CC-BY 4.0,https://huggingface.co/datasets/google/fleurs,experiments/audio_full/hi_in_1919.wav
google/fleurs,hi_in,Hindi,south_asia,1859,18.6,16000,CC-BY 4.0,https://huggingface.co/datasets/google/fleurs,experiments/audio_full/hi_in_1859.wav
google/fleurs,hi_in,Hindi,south_asia,1737,5.1,16000,CC-BY 4.0,https://huggingface.co/datasets/google/fleurs,experiments/audio_full/hi_in_1737.wav
google/fleurs,hi_in,Hindi,south_asia,1998,8.58,16000,CC-BY 4.0,https://huggingface.co/datasets/google/fleurs,experiments/audio_full/hi_in_1998.wav
google/fleurs,hi_in,Hindi,south_asia,1849,13.44,16000,CC-BY 4.0,https://huggingface.co/datasets/google/fleurs,experiments/audio_full/hi_in_1849.wav
google/fleurs,hi_in,Hindi,south_asia,1808,8.76,16000,CC-BY 4.0,https://huggingface.co/datasets/google/fleurs,experiments/audio_full/hi_in_1808.wav
google/fleurs,hi_in,Hindi,south_asia,1892,16.92,16000,CC-BY 4.0,https://huggingface.co/datasets/google/fleurs,experiments/audio_full/hi_in_1892.wav
google/fleurs,hi_in,Hindi,south_asia,1915,14.64,16000,CC-BY 4.0,https://huggingface.co/datasets/google/fleurs,experiments/audio_full/hi_in_1915.wav
google/fleurs,hi_in,Hindi,south_asia,1934,9.0,16000,CC-BY 4.0,https://huggingface.co/datasets/google/fleurs,experiments/audio_full/hi_in_1934.wav
google/fleurs,hi_in,Hindi,south_asia,1823,13.68,16000,CC-BY 4.0,https://huggingface.co/datasets/google/fleurs,experiments/audio_full/hi_in_1823.wav
google/fleurs,hi_in,Hindi,south_asia,1896,19.44,16000,CC-BY 4.0,https://huggingface.co/datasets/google/fleurs,experiments/audio_full/hi_in_1896.wav
google/fleurs,hi_in,Hindi,south_asia,1683,12.18,16000,CC-BY 4.0,https://huggingface.co/datasets/google/fleurs,experiments/audio_full/hi_in_1683.wav
google/fleurs,hi_in,Hindi,south_asia,1928,10.2,16000,CC-BY 4.0,https://huggingface.co/datasets/google/fleurs,experiments/audio_full/hi_in_1928.wav
google/fleurs,hi_in,Hindi,south_asia,1712,21.06,16000,CC-BY 4.0,https://huggingface.co/datasets/google/fleurs,experiments/audio_full/hi_in_1712.wav
google/fleurs,hi_in,Hindi,south_asia,1779,10.62,16000,CC-BY 4.0,https://huggingface.co/datasets/google/fleurs,experiments/audio_full/hi_in_1779.wav
google/fleurs,hi_in,Hindi,south_asia,1741,7.62,16000,CC-BY 4.0,https://huggingface.co/datasets/google/fleurs,experiments/audio_full/hi_in_1741.wav
google/fleurs,hi_in,Hindi,south_asia,1788,15.42,16000,CC-BY 4.0,https://huggingface.co/datasets/google/fleurs,experiments/audio_full/hi_in_1788.wav
google/fleurs,hi_in,Hindi,south_asia,1862,18.84,16000,CC-BY 4.0,https://huggingface.co/datasets/google/fleurs,experiments/audio_full/hi_in_1862.wav
google/fleurs,hi_in,Hindi,south_asia,1673,14.04,16000,CC-BY 4.0,https://huggingface.co/datasets/google/fleurs,experiments/audio_full/hi_in_1673.wav
google/fleurs,hi_in,Hindi,south_asia,1926,6.66,16000,CC-BY 4.0,https://huggingface.co/datasets/google/fleurs,experiments/audio_full/hi_in_1926.wav
google/fleurs,hi_in,Hindi,south_asia,1732,15.0,16000,CC-BY 4.0,https://huggingface.co/datasets/google/fleurs,experiments/audio_full/hi_in_1732.wav
google/fleurs,hi_in,Hindi,south_asia,2004,12.78,16000,CC-BY 4.0,https://huggingface.co/datasets/google/fleurs,experiments/audio_full/hi_in_2004.wav
google/fleurs,hi_in,Hindi,south_asia,1797,13.08,16000,CC-BY 4.0,https://huggingface.co/datasets/google/fleurs,experiments/audio_full/hi_in_1797.wav
google/fleurs,hi_in,Hindi,south_asia,1747,4.74,16000,CC-BY 4.0,https://huggingface.co/datasets/google/fleurs,experiments/audio_full/hi_in_1747.wav
google/fleurs,hi_in,Hindi,south_asia,1984,15.54,16000,CC-BY 4.0,https://huggingface.co/datasets/google/fleurs,experiments/audio_full/hi_in_1984.wav
google/fleurs,hi_in,Hindi,south_asia,1721,10.56,16000,CC-BY 4.0,https://huggingface.co/datasets/google/fleurs,experiments/audio_full/hi_in_1721.wav
google/fleurs,hi_in,Hindi,south_asia,1949,8.04,16000,CC-BY 4.0,https://huggingface.co/datasets/google/fleurs,experiments/audio_full/hi_in_1949.wav
google/fleurs,hi_in,Hindi,south_asia,1988,9.9,16000,CC-BY 4.0,https://huggingface.co/datasets/google/fleurs,experiments/audio_full/hi_in_1988.wav
google/fleurs,hi_in,Hindi,south_asia,2007,7.8,16000,CC-BY 4.0,https://huggingface.co/datasets/google/fleurs,experiments/audio_full/hi_in_2007.wav
google/fleurs,hi_in,Hindi,south_asia,1884,10.2,16000,CC-BY 4.0,https://huggingface.co/datasets/google/fleurs,experiments/audio_full/hi_in_1884.wav
google/fleurs,hi_in,Hindi,south_asia,1990,18.48,16000,CC-BY 4.0,https://huggingface.co/datasets/google/fleurs,experiments/audio_full/hi_in_1990.wav
google/fleurs,hi_in,Hindi,south_asia,1798,19.74,16000,CC-BY 4.0,https://huggingface.co/datasets/google/fleurs,experiments/audio_full/hi_in_1798.wav
google/fleurs,hi_in,Hindi,south_asia,1935,7.14,16000,CC-BY 4.0,https://huggingface.co/datasets/google/fleurs,experiments/audio_full/hi_in_1935.wav
google/fleurs,hi_in,Hindi,south_asia,1912,11.7,16000,CC-BY 4.0,https://huggingface.co/datasets/google/fleurs,experiments/audio_full/hi_in_1912.wav
google/fleurs,hi_in,Hindi,south_asia,1871,5.46,16000,CC-BY 4.0,https://huggingface.co/datasets/google/fleurs,experiments/audio_full/hi_in_1871.wav
google/fleurs,hi_in,Hindi,south_asia,1806,13.68,16000,CC-BY 4.0,https://huggingface.co/datasets/google/fleurs,experiments/audio_full/hi_in_1806.wav
google/fleurs,hi_in,Hindi,south_asia,1761,9.84,16000,CC-BY 4.0,https://huggingface.co/datasets/google/fleurs,experiments/audio_full/hi_in_1761.wav
google/fleurs,hi_in,Hindi,south_asia,1961,24.12,16000,CC-BY 4.0,https://huggingface.co/datasets/google/fleurs,experiments/audio_full/hi_in_1961.wav
google/fleurs,hi_in,Hindi,south_asia,1734,10.32,16000,CC-BY 4.0,https://huggingface.co/datasets/google/fleurs,experiments/audio_full/hi_in_1734.wav
google/fleurs,hi_in,Hindi,south_asia,1787,10.26,16000,CC-BY 4.0,https://huggingface.co/datasets/google/fleurs,experiments/audio_full/hi_in_1787.wav
google/fleurs,hi_in,Hindi,south_asia,1668,11.46,16000,CC-BY 4.0,https://huggingface.co/datasets/google/fleurs,experiments/audio_full/hi_in_1668.wav
google/fleurs,hi_in,Hindi,south_asia,1938,15.72,16000,CC-BY 4.0,https://huggingface.co/datasets/google/fleurs,experiments/audio_full/hi_in_1938.wav
google/fleurs,hi_in,Hindi,south_asia,1692,8.52,16000,CC-BY 4.0,https://huggingface.co/datasets/google/fleurs,experiments/audio_full/hi_in_1692.wav
google/fleurs,hi_in,Hindi,south_asia,1919,11.22,16000,CC-BY 4.0,https://huggingface.co/datasets/google/fleurs,experiments/audio_full/hi_in_1919.wav
google/fleurs,hi_in,Hindi,south_asia,1779,11.34,16000,CC-BY 4.0,https://huggingface.co/datasets/google/fleurs,experiments/audio_full/hi_in_1779.wav
google/fleurs,hi_in,Hindi,south_asia,1829,10.26,16000,CC-BY 4.0,https://huggingface.co/datasets/google/fleurs,experiments/audio_full/hi_in_1829.wav
google/fleurs,hi_in,Hindi,south_asia,1988,8.7,16000,CC-BY 4.0,https://huggingface.co/datasets/google/fleurs,experiments/audio_full/hi_in_1988.wav
google/fleurs,hi_in,Hindi,south_asia,2000,12.78,16000,CC-BY 4.0,https://huggingface.co/datasets/google/fleurs,experiments/audio_full/hi_in_2000.wav
google/fleurs,hi_in,Hindi,south_asia,1873,12.18,16000,CC-BY 4.0,https://huggingface.co/datasets/google/fleurs,experiments/audio_full/hi_in_1873.wav
google/fleurs,hi_in,Hindi,south_asia,1891,7.44,16000,CC-BY 4.0,https://huggingface.co/datasets/google/fleurs,experiments/audio_full/hi_in_1891.wav
google/fleurs,hi_in,Hindi,south_asia,1748,9.0,16000,CC-BY 4.0,https://huggingface.co/datasets/google/fleurs,experiments/audio_full/hi_in_1748.wav
google/fleurs,hi_in,Hindi,south_asia,1691,9.9,16000,CC-BY 4.0,https://huggingface.co/datasets/google/fleurs,experiments/audio_full/hi_in_1691.wav
google/fleurs,hi_in,Hindi,south_asia,1901,17.16,16000,CC-BY 4.0,https://huggingface.co/datasets/google/fleurs,experiments/audio_full/hi_in_1901.wav
google/fleurs,hi_in,Hindi,south_asia,1845,13.32,16000,CC-BY 4.0,https://huggingface.co/datasets/google/fleurs,experiments/audio_full/hi_in_1845.wav
google/fleurs,hi_in,Hindi,south_asia,1853,12.6,16000,CC-BY 4.0,https://huggingface.co/datasets/google/fleurs,experiments/audio_full/hi_in_1853.wav
google/fleurs,hi_in,Hindi,south_asia,1960,16.5,16000,CC-BY 4.0,https://huggingface.co/datasets/google/fleurs,experiments/audio_full/hi_in_1960.wav
google/fleurs,hi_in,Hindi,south_asia,1758,13.44,16000,CC-BY 4.0,https://huggingface.co/datasets/google/fleurs,experiments/audio_full/hi_in_1758.wav
google/fleurs,hi_in,Hindi,south_asia,1721,8.64,16000,CC-BY 4.0,https://huggingface.co/datasets/google/fleurs,experiments/audio_full/hi_in_1721.wav
google/fleurs,hi_in,Hindi,south_asia,1918,8.88,16000,CC-BY 4.0,https://huggingface.co/datasets/google/fleurs,experiments/audio_full/hi_in_1918.wav
google/fleurs,hi_in,Hindi,south_asia,1928,10.74,16000,CC-BY 4.0,https://huggingface.co/datasets/google/fleurs,experiments/audio_full/hi_in_1928.wav
google/fleurs,hi_in,Hindi,south_asia,1941,5.64,16000,CC-BY 4.0,https://huggingface.co/datasets/google/fleurs,experiments/audio_full/hi_in_1941.wav
google/fleurs,hi_in,Hindi,south_asia,1753,20.46,16000,CC-BY 4.0,https://huggingface.co/datasets/google/fleurs,experiments/audio_full/hi_in_1753.wav
google/fleurs,hi_in,Hindi,south_asia,1974,5.76,16000,CC-BY 4.0,https://huggingface.co/datasets/google/fleurs,experiments/audio_full/hi_in_1974.wav
google/fleurs,hi_in,Hindi,south_asia,1876,9.24,16000,CC-BY 4.0,https://huggingface.co/datasets/google/fleurs,experiments/audio_full/hi_in_1876.wav
google/fleurs,hi_in,Hindi,south_asia,1890,11.58,16000,CC-BY 4.0,https://huggingface.co/datasets/google/fleurs,experiments/audio_full/hi_in_1890.wav
google/fleurs,hi_in,Hindi,south_asia,1674,7.2,16000,CC-BY 4.0,https://huggingface.co/datasets/google/fleurs,experiments/audio_full/hi_in_1674.wav
google/fleurs,hi_in,Hindi,south_asia,1754,9.96,16000,CC-BY 4.0,https://huggingface.co/datasets/google/fleurs,experiments/audio_full/hi_in_1754.wav
google/fleurs,hi_in,Hindi,south_asia,1679,7.38,16000,CC-BY 4.0,https://huggingface.co/datasets/google/fleurs,experiments/audio_full/hi_in_1679.wav
google/fleurs,hi_in,Hindi,south_asia,1872,15.0,16000,CC-BY 4.0,https://huggingface.co/datasets/google/fleurs,experiments/audio_full/hi_in_1872.wav
google/fleurs,hi_in,Hindi,south_asia,1900,13.26,16000,CC-BY 4.0,https://huggingface.co/datasets/google/fleurs,experiments/audio_full/hi_in_1900.wav
google/fleurs,hi_in,Hindi,south_asia,1923,19.38,16000,CC-BY 4.0,https://huggingface.co/datasets/google/fleurs,experiments/audio_full/hi_in_1923.wav
google/fleurs,hi_in,Hindi,south_asia,1802,6.36,16000,CC-BY 4.0,https://huggingface.co/datasets/google/fleurs,experiments/audio_full/hi_in_1802.wav
google/fleurs,hi_in,Hindi,south_asia,1922,17.76,16000,CC-BY 4.0,https://huggingface.co/datasets/google/fleurs,experiments/audio_full/hi_in_1922.wav
google/fleurs,hi_in,Hindi,south_asia,1694,11.88,16000,CC-BY 4.0,https://huggingface.co/datasets/google/fleurs,experiments/audio_full/hi_in_1694.wav
google/fleurs,hi_in,Hindi,south_asia,1823,9.0,16000,CC-BY 4.0,https://huggingface.co/datasets/google/fleurs,experiments/audio_full/hi_in_1823.wav
google/fleurs,hi_in,Hindi,south_asia,1880,8.16,16000,CC-BY 4.0,https://huggingface.co/datasets/google/fleurs,experiments/audio_full/hi_in_1880.wav
google/fleurs,hi_in,Hindi,south_asia,1747,3.84,16000,CC-BY 4.0,https://huggingface.co/datasets/google/fleurs,experiments/audio_full/hi_in_1747.wav
google/fleurs,hi_in,Hindi,south_asia,1793,12.06,16000,CC-BY 4.0,https://huggingface.co/datasets/google/fleurs,experiments/audio_full/hi_in_1793.wav
google/fleurs,hi_in,Hindi,south_asia,1706,15.0,16000,CC-BY 4.0,https://huggingface.co/datasets/google/fleurs,experiments/audio_full/hi_in_1706.wav
google/fleurs,hi_in,Hindi,south_asia,1754,9.54,16000,CC-BY 4.0,https://huggingface.co/datasets/google/fleurs,experiments/audio_full/hi_in_1754.wav
google/fleurs,hi_in,Hindi,south_asia,1677,8.28,16000,CC-BY 4.0,https://huggingface.co/datasets/google/fleurs,experiments/audio_full/hi_in_1677.wav
google/fleurs,hi_in,Hindi,south_asia,1738,13.92,16000,CC-BY 4.0,https://huggingface.co/datasets/google/fleurs,experiments/audio_full/hi_in_1738.wav
google/fleurs,hi_in,Hindi,south_asia,1884,15.96,16000,CC-BY 4.0,https://huggingface.co/datasets/google/fleurs,experiments/audio_full/hi_in_1884.wav
google/fleurs,hi_in,Hindi,south_asia,1918,12.24,16000,CC-BY 4.0,https://huggingface.co/datasets/google/fleurs,experiments/audio_full/hi_in_1918.wav
google/fleurs,hi_in,Hindi,south_asia,1838,7.32,16000,CC-BY 4.0,https://huggingface.co/datasets/google/fleurs,experiments/audio_full/hi_in_1838.wav
google/fleurs,hi_in,Hindi,south_asia,1995,19.68,16000,CC-BY 4.0,https://huggingface.co/datasets/google/fleurs,experiments/audio_full/hi_in_1995.wav
google/fleurs,hi_in,Hindi,south_asia,1762,6.84,16000,CC-BY 4.0,https://huggingface.co/datasets/google/fleurs,experiments/audio_full/hi_in_1762.wav
google/fleurs,hi_in,Hindi,south_asia,1951,14.04,16000,CC-BY 4.0,https://huggingface.co/datasets/google/fleurs,experiments/audio_full/hi_in_1951.wav
google/fleurs,hi_in,Hindi,south_asia,1841,14.04,16000,CC-BY 4.0,https://huggingface.co/datasets/google/fleurs,experiments/audio_full/hi_in_1841.wav
google/fleurs,hi_in,Hindi,south_asia,1757,7.68,16000,CC-BY 4.0,https://huggingface.co/datasets/google/fleurs,experiments/audio_full/hi_in_1757.wav
google/fleurs,hi_in,Hindi,south_asia,1760,11.76,16000,CC-BY 4.0,https://huggingface.co/datasets/google/fleurs,experiments/audio_full/hi_in_1760.wav
google/fleurs,hi_in,Hindi,south_asia,1885,6.24,16000,CC-BY 4.0,https://huggingface.co/datasets/google/fleurs,experiments/audio_full/hi_in_1885.wav
google/fleurs,hi_in,Hindi,south_asia,1701,12.24,16000,CC-BY 4.0,https://huggingface.co/datasets/google/fleurs,experiments/audio_full/hi_in_1701.wav
google/fleurs,hi_in,Hindi,south_asia,1912,9.48,16000,CC-BY 4.0,https://huggingface.co/datasets/google/fleurs,experiments/audio_full/hi_in_1912.wav
google/fleurs,hi_in,Hindi,south_asia,1790,19.8,16000,CC-BY 4.0,https://huggingface.co/datasets/google/fleurs,experiments/audio_full/hi_in_1790.wav
google/fleurs,hi_in,Hindi,south_asia,1765,9.72,16000,CC-BY 4.0,https://huggingface.co/datasets/google/fleurs,experiments/audio_full/hi_in_1765.wav
google/fleurs,hi_in,Hindi,south_asia,1826,6.36,16000,CC-BY 4.0,https://huggingface.co/datasets/google/fleurs,experiments/audio_full/hi_in_1826.wav
google/fleurs,hi_in,Hindi,south_asia,1990,20.4,16000,CC-BY 4.0,https://huggingface.co/datasets/google/fleurs,experiments/audio_full/hi_in_1990.wav
google/fleurs,hi_in,Hindi,south_asia,1816,13.62,16000,CC-BY 4.0,https://huggingface.co/datasets/google/fleurs,experiments/audio_full/hi_in_1816.wav
google/fleurs,hi_in,Hindi,south_asia,1932,20.76,16000,CC-BY 4.0,https://huggingface.co/datasets/google/fleurs,experiments/audio_full/hi_in_1932.wav
google/fleurs,hi_in,Hindi,south_asia,1736,6.6,16000,CC-BY 4.0,https://huggingface.co/datasets/google/fleurs,experiments/audio_full/hi_in_1736.wav
google/fleurs,hi_in,Hindi,south_asia,1917,9.9,16000,CC-BY 4.0,https://huggingface.co/datasets/google/fleurs,experiments/audio_full/hi_in_1917.wav
google/fleurs,hi_in,Hindi,south_asia,1710,12.96,16000,CC-BY 4.0,https://huggingface.co/datasets/google/fleurs,experiments/audio_full/hi_in_1710.wav
google/fleurs,hi_in,Hindi,south_asia,1821,9.12,16000,CC-BY 4.0,https://huggingface.co/datasets/google/fleurs,experiments/audio_full/hi_in_1821.wav
google/fleurs,hi_in,Hindi,south_asia,1673,12.06,16000,CC-BY 4.0,https://huggingface.co/datasets/google/fleurs,experiments/audio_full/hi_in_1673.wav
google/fleurs,hi_in,Hindi,south_asia,1694,13.68,16000,CC-BY 4.0,https://huggingface.co/datasets/google/fleurs,experiments/audio_full/hi_in_1694.wav
google/fleurs,hi_in,Hindi,south_asia,1689,17.04,16000,CC-BY 4.0,https://huggingface.co/datasets/google/fleurs,experiments/audio_full/hi_in_1689.wav
google/fleurs,hi_in,Hindi,south_asia,1882,9.72,16000,CC-BY 4.0,https://huggingface.co/datasets/google/fleurs,experiments/audio_full/hi_in_1882.wav
google/fleurs,hi_in,Hindi,south_asia,1778,8.46,16000,CC-BY 4.0,https://huggingface.co/datasets/google/fleurs,experiments/audio_full/hi_in_1778.wav
google/fleurs,hi_in,Hindi,south_asia,1669,8.76,16000,CC-BY 4.0,https://huggingface.co/datasets/google/fleurs,experiments/audio_full/hi_in_1669.wav
google/fleurs,hi_in,Hindi,south_asia,1660,13.74,16000,CC-BY 4.0,https://huggingface.co/datasets/google/fleurs,experiments/audio_full/hi_in_1660.wav
google/fleurs,hi_in,Hindi,south_asia,1714,12.12,16000,CC-BY 4.0,https://huggingface.co/datasets/google/fleurs,experiments/audio_full/hi_in_1714.wav
google/fleurs,hi_in,Hindi,south_asia,1943,10.68,16000,CC-BY 4.0,https://huggingface.co/datasets/google/fleurs,experiments/audio_full/hi_in_1943.wav
google/fleurs,hi_in,Hindi,south_asia,1914,13.02,16000,CC-BY 4.0,https://huggingface.co/datasets/google/fleurs,experiments/audio_full/hi_in_1914.wav
google/fleurs,hi_in,Hindi,south_asia,1839,8.64,16000,CC-BY 4.0,https://huggingface.co/datasets/google/fleurs,experiments/audio_full/hi_in_1839.wav
google/fleurs,hi_in,Hindi,south_asia,1694,11.4,16000,CC-BY 4.0,https://huggingface.co/datasets/google/fleurs,experiments/audio_full/hi_in_1694.wav
google/fleurs,hi_in,Hindi,south_asia,1716,24.12,16000,CC-BY 4.0,https://huggingface.co/datasets/google/fleurs,experiments/audio_full/hi_in_1716.wav
google/fleurs,hi_in,Hindi,south_asia,1709,10.86,16000,CC-BY 4.0,https://huggingface.co/datasets/google/fleurs,experiments/audio_full/hi_in_1709.wav
google/fleurs,hi_in,Hindi,south_asia,1745,7.68,16000,CC-BY 4.0,https://huggingface.co/datasets/google/fleurs,experiments/audio_full/hi_in_1745.wav
google/fleurs,hi_in,Hindi,south_asia,1703,7.92,16000,CC-BY 4.0,https://huggingface.co/datasets/google/fleurs,experiments/audio_full/hi_in_1703.wav
google/fleurs,hi_in,Hindi,south_asia,1997,13.56,16000,CC-BY 4.0,https://huggingface.co/datasets/google/fleurs,experiments/audio_full/hi_in_1997.wav
google/fleurs,hi_in,Hindi,south_asia,1678,14.94,16000,CC-BY 4.0,https://huggingface.co/datasets/google/fleurs,experiments/audio_full/hi_in_1678.wav
google/fleurs,hi_in,Hindi,south_asia,1895,7.32,16000,CC-BY 4.0,https://huggingface.co/datasets/google/fleurs,experiments/audio_full/hi_in_1895.wav
google/fleurs,hi_in,Hindi,south_asia,1956,13.74,16000,CC-BY 4.0,https://huggingface.co/datasets/google/fleurs,experiments/audio_full/hi_in_1956.wav
google/fleurs,hi_in,Hindi,south_asia,1831,12.96,16000,CC-BY 4.0,https://huggingface.co/datasets/google/fleurs,experiments/audio_full/hi_in_1831.wav
google/fleurs,hi_in,Hindi,south_asia,2005,6.54,16000,CC-BY 4.0,https://huggingface.co/datasets/google/fleurs,experiments/audio_full/hi_in_2005.wav
google/fleurs,hi_in,Hindi,south_asia,1665,10.62,16000,CC-BY 4.0,https://huggingface.co/datasets/google/fleurs,experiments/audio_full/hi_in_1665.wav
google/fleurs,hi_in,Hindi,south_asia,1917,8.94,16000,CC-BY 4.0,https://huggingface.co/datasets/google/fleurs,experiments/audio_full/hi_in_1917.wav
google/fleurs,hi_in,Hindi,south_asia,2002,7.56,16000,CC-BY 4.0,https://huggingface.co/datasets/google/fleurs,experiments/audio_full/hi_in_2002.wav
google/fleurs,hi_in,Hindi,south_asia,1817,6.42,16000,CC-BY 4.0,https://huggingface.co/datasets/google/fleurs,experiments/audio_full/hi_in_1817.wav
google/fleurs,hi_in,Hindi,south_asia,1666,10.2,16000,CC-BY 4.0,https://huggingface.co/datasets/google/fleurs,experiments/audio_full/hi_in_1666.wav
google/fleurs,hi_in,Hindi,south_asia,1954,12.54,16000,CC-BY 4.0,https://huggingface.co/datasets/google/fleurs,experiments/audio_full/hi_in_1954.wav
google/fleurs,hi_in,Hindi,south_asia,1857,15.06,16000,CC-BY 4.0,https://huggingface.co/datasets/google/fleurs,experiments/audio_full/hi_in_1857.wav
google/fleurs,hi_in,Hindi,south_asia,1679,6.36,16000,CC-BY 4.0,https://huggingface.co/datasets/google/fleurs,experiments/audio_full/hi_in_1679.wav
google/fleurs,hi_in,Hindi,south_asia,1734,10.2,16000,CC-BY 4.0,https://huggingface.co/datasets/google/fleurs,experiments/audio_full/hi_in_1734.wav
google/fleurs,hi_in,Hindi,south_asia,1877,17.76,16000,CC-BY 4.0,https://huggingface.co/datasets/google/fleurs,experiments/audio_full/hi_in_1877.wav
google/fleurs,hi_in,Hindi,south_asia,1670,19.62,16000,CC-BY 4.0,https://huggingface.co/datasets/google/fleurs,experiments/audio_full/hi_in_1670.wav
google/fleurs,hi_in,Hindi,south_asia,1674,9.0,16000,CC-BY 4.0,https://huggingface.co/datasets/google/fleurs,experiments/audio_full/hi_in_1674.wav
google/fleurs,hi_in,Hindi,south_asia,1891,6.12,16000,CC-BY 4.0,https://huggingface.co/datasets/google/fleurs,experiments/audio_full/hi_in_1891.wav
google/fleurs,hi_in,Hindi,south_asia,1724,9.48,16000,CC-BY 4.0,https://huggingface.co/datasets/google/fleurs,experiments/audio_full/hi_in_1724.wav
google/fleurs,hi_in,Hindi,south_asia,1785,14.1,16000,CC-BY 4.0,https://huggingface.co/datasets/google/fleurs,experiments/audio_full/hi_in_1785.wav
google/fleurs,hi_in,Hindi,south_asia,1698,9.12,16000,CC-BY 4.0,https://huggingface.co/datasets/google/fleurs,experiments/audio_full/hi_in_1698.wav
google/fleurs,hi_in,Hindi,south_asia,1675,9.3,16000,CC-BY 4.0,https://huggingface.co/datasets/google/fleurs,experiments/audio_full/hi_in_1675.wav
google/fleurs,hi_in,Hindi,south_asia,1861,12.72,16000,CC-BY 4.0,https://huggingface.co/datasets/google/fleurs,experiments/audio_full/hi_in_1861.wav
google/fleurs,hi_in,Hindi,south_asia,1881,9.9,16000,CC-BY 4.0,https://huggingface.co/datasets/google/fleurs,experiments/audio_full/hi_in_1881.wav
google/fleurs,hi_in,Hindi,south_asia,1729,22.26,16000,CC-BY 4.0,https://huggingface.co/datasets/google/fleurs,experiments/audio_full/hi_in_1729.wav
google/fleurs,hi_in,Hindi,south_asia,1711,26.82,16000,CC-BY 4.0,https://huggingface.co/datasets/google/fleurs,experiments/audio_full/hi_in_1711.wav
google/fleurs,hi_in,Hindi,south_asia,1706,12.84,16000,CC-BY 4.0,https://huggingface.co/datasets/google/fleurs,experiments/audio_full/hi_in_1706.wav
google/fleurs,hi_in,Hindi,south_asia,1770,8.88,16000,CC-BY 4.0,https://huggingface.co/datasets/google/fleurs,experiments/audio_full/hi_in_1770.wav
google/fleurs,hi_in,Hindi,south_asia,1941,5.76,16000,CC-BY 4.0,https://huggingface.co/datasets/google/fleurs,experiments/audio_full/hi_in_1941.wav
google/fleurs,hi_in,Hindi,south_asia,1764,13.32,16000,CC-BY 4.0,https://huggingface.co/datasets/google/fleurs,experiments/audio_full/hi_in_1764.wav
google/fleurs,hi_in,Hindi,south_asia,1722,17.94,16000,CC-BY 4.0,https://huggingface.co/datasets/google/fleurs,experiments/audio_full/hi_in_1722.wav
google/fleurs,hi_in,Hindi,south_asia,1687,8.76,16000,CC-BY 4.0,https://huggingface.co/datasets/google/fleurs,experiments/audio_full/hi_in_1687.wav
google/fleurs,hi_in,Hindi,south_asia,1952,15.18,16000,CC-BY 4.0,https://huggingface.co/datasets/google/fleurs,experiments/audio_full/hi_in_1952.wav
google/fleurs,hi_in,Hindi,south_asia,1844,7.32,16000,CC-BY 4.0,https://huggingface.co/datasets/google/fleurs,experiments/audio_full/hi_in_1844.wav
google/fleurs,hi_in,Hindi,south_asia,2008,18.6,16000,CC-BY 4.0,https://huggingface.co/datasets/google/fleurs,experiments/audio_full/hi_in_2008.wav
google/fleurs,hi_in,Hindi,south_asia,1889,6.6,16000,CC-BY 4.0,https://huggingface.co/datasets/google/fleurs,experiments/audio_full/hi_in_1889.wav
google/fleurs,hi_in,Hindi,south_asia,1768,10.2,16000,CC-BY 4.0,https://huggingface.co/datasets/google/fleurs,experiments/audio_full/hi_in_1768.wav
google/fleurs,hi_in,Hindi,south_asia,1824,12.42,16000,CC-BY 4.0,https://huggingface.co/datasets/google/fleurs,experiments/audio_full/hi_in_1824.wav
google/fleurs,hi_in,Hindi,south_asia,1799,9.84,16000,CC-BY 4.0,https://huggingface.co/datasets/google/fleurs,experiments/audio_full/hi_in_1799.wav
google/fleurs,hi_in,Hindi,south_asia,1760,9.54,16000,CC-BY 4.0,https://huggingface.co/datasets/google/fleurs,experiments/audio_full/hi_in_1760.wav
google/fleurs,hi_in,Hindi,south_asia,1722,13.08,16000,CC-BY 4.0,https://huggingface.co/datasets/google/fleurs,experiments/audio_full/hi_in_1722.wav
google/fleurs,hi_in,Hindi,south_asia,1755,7.02,16000,CC-BY 4.0,https://huggingface.co/datasets/google/fleurs,experiments/audio_full/hi_in_1755.wav
google/fleurs,hi_in,Hindi,south_asia,1854,8.76,16000,CC-BY 4.0,https://huggingface.co/datasets/google/fleurs,experiments/audio_full/hi_in_1854.wav
google/fleurs,hi_in,Hindi,south_asia,1859,13.92,16000,CC-BY 4.0,https://huggingface.co/datasets/google/fleurs,experiments/audio_full/hi_in_1859.wav
google/fleurs,hi_in,Hindi,south_asia,1889,5.52,16000,CC-BY 4.0,https://huggingface.co/datasets/google/fleurs,experiments/audio_full/hi_in_1889.wav
google/fleurs,hi_in,Hindi,south_asia,1959,6.6,16000,CC-BY 4.0,https://huggingface.co/datasets/google/fleurs,experiments/audio_full/hi_in_1959.wav
google/fleurs,hi_in,Hindi,south_asia,1904,7.14,16000,CC-BY 4.0,https://huggingface.co/datasets/google/fleurs,experiments/audio_full/hi_in_1904.wav
google/fleurs,hi_in,Hindi,south_asia,1955,10.02,16000,CC-BY 4.0,https://huggingface.co/datasets/google/fleurs,experiments/audio_full/hi_in_1955.wav
google/fleurs,hi_in,Hindi,south_asia,1846,9.24,16000,CC-BY 4.0,https://huggingface.co/datasets/google/fleurs,experiments/audio_full/hi_in_1846.wav
google/fleurs,hi_in,Hindi,south_asia,1971,12.96,16000,CC-BY 4.0,https://huggingface.co/datasets/google/fleurs,experiments/audio_full/hi_in_1971.wav
google/fleurs,hi_in,Hindi,south_asia,1862,14.22,16000,CC-BY 4.0,https://huggingface.co/datasets/google/fleurs,experiments/audio_full/hi_in_1862.wav
google/fleurs,hi_in,Hindi,south_asia,1832,15.72,16000,CC-BY 4.0,https://huggingface.co/datasets/google/fleurs,experiments/audio_full/hi_in_1832.wav
google/fleurs,hi_in,Hindi,south_asia,1700,4.86,16000,CC-BY 4.0,https://huggingface.co/datasets/google/fleurs,experiments/audio_full/hi_in_1700.wav
google/fleurs,hi_in,Hindi,south_asia,1837,10.92,16000,CC-BY 4.0,https://huggingface.co/datasets/google/fleurs,experiments/audio_full/hi_in_1837.wav
google/fleurs,hi_in,Hindi,south_asia,1711,20.4,16000,CC-BY 4.0,https://huggingface.co/datasets/google/fleurs,experiments/audio_full/hi_in_1711.wav
google/fleurs,hi_in,Hindi,south_asia,1771,13.32,16000,CC-BY 4.0,https://huggingface.co/datasets/google/fleurs,experiments/audio_full/hi_in_1771.wav
google/fleurs,hi_in,Hindi,south_asia,1954,13.56,16000,CC-BY 4.0,https://huggingface.co/datasets/google/fleurs,experiments/audio_full/hi_in_1954.wav
google/fleurs,hi_in,Hindi,south_asia,1975,7.08,16000,CC-BY 4.0,https://huggingface.co/datasets/google/fleurs,experiments/audio_full/hi_in_1975.wav
google/fleurs,hi_in,Hindi,south_asia,1803,11.04,16000,CC-BY 4.0,https://huggingface.co/datasets/google/fleurs,experiments/audio_full/hi_in_1803.wav
google/fleurs,hi_in,Hindi,south_asia,1776,9.06,16000,CC-BY 4.0,https://huggingface.co/datasets/google/fleurs,experiments/audio_full/hi_in_1776.wav
google/fleurs,hi_in,Hindi,south_asia,1665,12.24,16000,CC-BY 4.0,https://huggingface.co/datasets/google/fleurs,experiments/audio_full/hi_in_1665.wav
google/fleurs,hi_in,Hindi,south_asia,1748,7.5,16000,CC-BY 4.0,https://huggingface.co/datasets/google/fleurs,experiments/audio_full/hi_in_1748.wav
google/fleurs,hi_in,Hindi,south_asia,2006,6.36,16000,CC-BY 4.0,https://huggingface.co/datasets/google/fleurs,experiments/audio_full/hi_in_2006.wav
google/fleurs,hi_in,Hindi,south_asia,1668,10.92,16000,CC-BY 4.0,https://huggingface.co/datasets/google/fleurs,experiments/audio_full/hi_in_1668.wav
google/fleurs,hi_in,Hindi,south_asia,1773,14.1,16000,CC-BY 4.0,https://huggingface.co/datasets/google/fleurs,experiments/audio_full/hi_in_1773.wav
google/fleurs,hi_in,Hindi,south_asia,1689,15.66,16000,CC-BY 4.0,https://huggingface.co/datasets/google/fleurs,experiments/audio_full/hi_in_1689.wav
google/fleurs,hi_in,Hindi,south_asia,1994,9.6,16000,CC-BY 4.0,https://huggingface.co/datasets/google/fleurs,experiments/audio_full/hi_in_1994.wav
google/fleurs,hi_in,Hindi,south_asia,1959,9.96,16000,CC-BY 4.0,https://huggingface.co/datasets/google/fleurs,experiments/audio_full/hi_in_1959.wav
google/fleurs,hi_in,Hindi,south_asia,1840,12.9,16000,CC-BY 4.0,https://huggingface.co/datasets/google/fleurs,experiments/audio_full/hi_in_1840.wav
google/fleurs,hi_in,Hindi,south_asia,1967,15.66,16000,CC-BY 4.0,https://huggingface.co/datasets/google/fleurs,experiments/audio_full/hi_in_1967.wav
google/fleurs,hi_in,Hindi,south_asia,1709,13.44,16000,CC-BY 4.0,https://huggingface.co/datasets/google/fleurs,experiments/audio_full/hi_in_1709.wav
google/fleurs,hi_in,Hindi,south_asia,1728,9.72,16000,CC-BY 4.0,https://huggingface.co/datasets/google/fleurs,experiments/audio_full/hi_in_1728.wav
google/fleurs,hi_in,Hindi,south_asia,1691,10.08,16000,CC-BY 4.0,https://huggingface.co/datasets/google/fleurs,experiments/audio_full/hi_in_1691.wav
google/fleurs,hi_in,Hindi,south_asia,1851,9.3,16000,CC-BY 4.0,https://huggingface.co/datasets/google/fleurs,experiments/audio_full/hi_in_1851.wav
google/fleurs,hi_in,Hindi,south_asia,1661,8.4,16000,CC-BY 4.0,https://huggingface.co/datasets/google/fleurs,experiments/audio_full/hi_in_1661.wav
google/fleurs,hi_in,Hindi,south_asia,1691,8.04,16000,CC-BY 4.0,https://huggingface.co/datasets/google/fleurs,experiments/audio_full/hi_in_1691.wav
google/fleurs,hi_in,Hindi,south_asia,1676,6.48,16000,CC-BY 4.0,https://huggingface.co/datasets/google/fleurs,experiments/audio_full/hi_in_1676.wav
google/fleurs,hi_in,Hindi,south_asia,1701,7.98,16000,CC-BY 4.0,https://huggingface.co/datasets/google/fleurs,experiments/audio_full/hi_in_1701.wav
google/fleurs,hi_in,Hindi,south_asia,1668,12.18,16000,CC-BY 4.0,https://huggingface.co/datasets/google/fleurs,experiments/audio_full/hi_in_1668.wav
google/fleurs,hi_in,Hindi,south_asia,1798,12.6,16000,CC-BY 4.0,https://huggingface.co/datasets/google/fleurs,experiments/audio_full/hi_in_1798.wav
google/fleurs,hi_in,Hindi,south_asia,1965,14.28,16000,CC-BY 4.0,https://huggingface.co/datasets/google/fleurs,experiments/audio_full/hi_in_1965.wav
google/fleurs,hi_in,Hindi,south_asia,1915,14.4,16000,CC-BY 4.0,https://huggingface.co/datasets/google/fleurs,experiments/audio_full/hi_in_1915.wav
google/fleurs,hi_in,Hindi,south_asia,1860,8.52,16000,CC-BY 4.0,https://huggingface.co/datasets/google/fleurs,experiments/audio_full/hi_in_1860.wav
google/fleurs,hi_in,Hindi,south_asia,1821,8.1,16000,CC-BY 4.0,https://huggingface.co/datasets/google/fleurs,experiments/audio_full/hi_in_1821.wav
google/fleurs,hi_in,Hindi,south_asia,1872,13.8,16000,CC-BY 4.0,https://huggingface.co/datasets/google/fleurs,experiments/audio_full/hi_in_1872.wav
google/fleurs,hi_in,Hindi,south_asia,1987,5.58,16000,CC-BY 4.0,https://huggingface.co/datasets/google/fleurs,experiments/audio_full/hi_in_1987.wav
google/fleurs,hi_in,Hindi,south_asia,1871,6.18,16000,CC-BY 4.0,https://huggingface.co/datasets/google/fleurs,experiments/audio_full/hi_in_1871.wav
google/fleurs,hi_in,Hindi,south_asia,1869,17.46,16000,CC-BY 4.0,https://huggingface.co/datasets/google/fleurs,experiments/audio_full/hi_in_1869.wav
google/fleurs,hi_in,Hindi,south_asia,1717,13.2,16000,CC-BY 4.0,https://huggingface.co/datasets/google/fleurs,experiments/audio_full/hi_in_1717.wav
google/fleurs,hi_in,Hindi,south_asia,1957,5.1,16000,CC-BY 4.0,https://huggingface.co/datasets/google/fleurs,experiments/audio_full/hi_in_1957.wav
google/fleurs,hi_in,Hindi,south_asia,1789,18.42,16000,CC-BY 4.0,https://huggingface.co/datasets/google/fleurs,experiments/audio_full/hi_in_1789.wav
google/fleurs,hi_in,Hindi,south_asia,1672,13.44,16000,CC-BY 4.0,https://huggingface.co/datasets/google/fleurs,experiments/audio_full/hi_in_1672.wav
google/fleurs,hi_in,Hindi,south_asia,1810,23.28,16000,CC-BY 4.0,https://huggingface.co/datasets/google/fleurs,experiments/audio_full/hi_in_1810.wav
google/fleurs,hi_in,Hindi,south_asia,1728,6.96,16000,CC-BY 4.0,https://huggingface.co/datasets/google/fleurs,experiments/audio_full/hi_in_1728.wav
google/fleurs,hi_in,Hindi,south_asia,1875,7.92,16000,CC-BY 4.0,https://huggingface.co/datasets/google/fleurs,experiments/audio_full/hi_in_1875.wav
google/fleurs,hi_in,Hindi,south_asia,1970,16.08,16000,CC-BY 4.0,https://huggingface.co/datasets/google/fleurs,experiments/audio_full/hi_in_1970.wav
google/fleurs,hi_in,Hindi,south_asia,1939,7.56,16000,CC-BY 4.0,https://huggingface.co/datasets/google/fleurs,experiments/audio_full/hi_in_1939.wav
google/fleurs,hi_in,Hindi,south_asia,1729,21.36,16000,CC-BY 4.0,https://huggingface.co/datasets/google/fleurs,experiments/audio_full/hi_in_1729.wav
google/fleurs,hi_in,Hindi,south_asia,1667,14.4,16000,CC-BY 4.0,https://huggingface.co/datasets/google/fleurs,experiments/audio_full/hi_in_1667.wav
google/fleurs,hi_in,Hindi,south_asia,1907,7.08,16000,CC-BY 4.0,https://huggingface.co/datasets/google/fleurs,experiments/audio_full/hi_in_1907.wav
google/fleurs,hi_in,Hindi,south_asia,1767,10.68,16000,CC-BY 4.0,https://huggingface.co/datasets/google/fleurs,experiments/audio_full/hi_in_1767.wav
google/fleurs,hi_in,Hindi,south_asia,1935,8.88,16000,CC-BY 4.0,https://huggingface.co/datasets/google/fleurs,experiments/audio_full/hi_in_1935.wav
google/fleurs,hi_in,Hindi,south_asia,1774,18.18,16000,CC-BY 4.0,https://huggingface.co/datasets/google/fleurs,experiments/audio_full/hi_in_1774.wav
google/fleurs,hi_in,Hindi,south_asia,1813,21.12,16000,CC-BY 4.0,https://huggingface.co/datasets/google/fleurs,experiments/audio_full/hi_in_1813.wav
google/fleurs,hi_in,Hindi,south_asia,1761,9.12,16000,CC-BY 4.0,https://huggingface.co/datasets/google/fleurs,experiments/audio_full/hi_in_1761.wav
google/fleurs,hi_in,Hindi,south_asia,1992,14.82,16000,CC-BY 4.0,https://huggingface.co/datasets/google/fleurs,experiments/audio_full/hi_in_1992.wav
google/fleurs,hi_in,Hindi,south_asia,1976,7.08,16000,CC-BY 4.0,https://huggingface.co/datasets/google/fleurs,experiments/audio_full/hi_in_1976.wav
google/fleurs,hi_in,Hindi,south_asia,1910,5.94,16000,CC-BY 4.0,https://huggingface.co/datasets/google/fleurs,experiments/audio_full/hi_in_1910.wav
google/fleurs,hi_in,Hindi,south_asia,1740,7.86,16000,CC-BY 4.0,https://huggingface.co/datasets/google/fleurs,experiments/audio_full/hi_in_1740.wav
google/fleurs,hi_in,Hindi,south_asia,1794,16.44,16000,CC-BY 4.0,https://huggingface.co/datasets/google/fleurs,experiments/audio_full/hi_in_1794.wav
google/fleurs,hi_in,Hindi,south_asia,1869,15.9,16000,CC-BY 4.0,https://huggingface.co/datasets/google/fleurs,experiments/audio_full/hi_in_1869.wav
google/fleurs,hi_in,Hindi,south_asia,1995,18.3,16000,CC-BY 4.0,https://huggingface.co/datasets/google/fleurs,experiments/audio_full/hi_in_1995.wav
google/fleurs,hi_in,Hindi,south_asia,1887,11.7,16000,CC-BY 4.0,https://huggingface.co/datasets/google/fleurs,experiments/audio_full/hi_in_1887.wav
google/fleurs,hi_in,Hindi,south_asia,1899,16.92,16000,CC-BY 4.0,https://huggingface.co/datasets/google/fleurs,experiments/audio_full/hi_in_1899.wav
google/fleurs,hi_in,Hindi,south_asia,1897,7.2,16000,CC-BY 4.0,https://huggingface.co/datasets/google/fleurs,experiments/audio_full/hi_in_1897.wav
google/fleurs,hi_in,Hindi,south_asia,1717,9.84,16000,CC-BY 4.0,https://huggingface.co/datasets/google/fleurs,experiments/audio_full/hi_in_1717.wav
google/fleurs,hi_in,Hindi,south_asia,1791,4.14,16000,CC-BY 4.0,https://huggingface.co/datasets/google/fleurs,experiments/audio_full/hi_in_1791.wav
google/fleurs,hi_in,Hindi,south_asia,1700,6.0,16000,CC-BY 4.0,https://huggingface.co/datasets/google/fleurs,experiments/audio_full/hi_in_1700.wav
google/fleurs,hi_in,Hindi,south_asia,1739,9.06,16000,CC-BY 4.0,https://huggingface.co/datasets/google/fleurs,experiments/audio_full/hi_in_1739.wav
google/fleurs,hi_in,Hindi,south_asia,1751,18.3,16000,CC-BY 4.0,https://huggingface.co/datasets/google/fleurs,experiments/audio_full/hi_in_1751.wav
google/fleurs,hi_in,Hindi,south_asia,1940,10.8,16000,CC-BY 4.0,https://huggingface.co/datasets/google/fleurs,experiments/audio_full/hi_in_1940.wav
google/fleurs,hi_in,Hindi,south_asia,1830,8.16,16000,CC-BY 4.0,https://huggingface.co/datasets/google/fleurs,experiments/audio_full/hi_in_1830.wav
google/fleurs,hi_in,Hindi,south_asia,1933,13.8,16000,CC-BY 4.0,https://huggingface.co/datasets/google/fleurs,experiments/audio_full/hi_in_1933.wav
google/fleurs,hi_in,Hindi,south_asia,1860,7.02,16000,CC-BY 4.0,https://huggingface.co/datasets/google/fleurs,experiments/audio_full/hi_in_1860.wav
google/fleurs,hi_in,Hindi,south_asia,1970,14.16,16000,CC-BY 4.0,https://huggingface.co/datasets/google/fleurs,experiments/audio_full/hi_in_1970.wav
google/fleurs,hi_in,Hindi,south_asia,1740,5.88,16000,CC-BY 4.0,https://huggingface.co/datasets/google/fleurs,experiments/audio_full/hi_in_1740.wav
google/fleurs,hi_in,Hindi,south_asia,1984,13.44,16000,CC-BY 4.0,https://huggingface.co/datasets/google/fleurs,experiments/audio_full/hi_in_1984.wav
google/fleurs,hi_in,Hindi,south_asia,1766,9.84,16000,CC-BY 4.0,https://huggingface.co/datasets/google/fleurs,experiments/audio_full/hi_in_1766.wav
google/fleurs,hi_in,Hindi,south_asia,1867,15.54,16000,CC-BY 4.0,https://huggingface.co/datasets/google/fleurs,experiments/audio_full/hi_in_1867.wav
google/fleurs,hi_in,Hindi,south_asia,1692,7.62,16000,CC-BY 4.0,https://huggingface.co/datasets/google/fleurs,experiments/audio_full/hi_in_1692.wav
google/fleurs,hi_in,Hindi,south_asia,1700,5.34,16000,CC-BY 4.0,https://huggingface.co/datasets/google/fleurs,experiments/audio_full/hi_in_1700.wav
google/fleurs,hi_in,Hindi,south_asia,1780,11.1,16000,CC-BY 4.0,https://huggingface.co/datasets/google/fleurs,experiments/audio_full/hi_in_1780.wav
google/fleurs,hi_in,Hindi,south_asia,1840,9.0,16000,CC-BY 4.0,https://huggingface.co/datasets/google/fleurs,experiments/audio_full/hi_in_1840.wav
google/fleurs,hi_in,Hindi,south_asia,1744,7.74,16000,CC-BY 4.0,https://huggingface.co/datasets/google/fleurs,experiments/audio_full/hi_in_1744.wav
google/fleurs,hi_in,Hindi,south_asia,1947,9.9,16000,CC-BY 4.0,https://huggingface.co/datasets/google/fleurs,experiments/audio_full/hi_in_1947.wav
google/fleurs,hi_in,Hindi,south_asia,1708,22.26,16000,CC-BY 4.0,https://huggingface.co/datasets/google/fleurs,experiments/audio_full/hi_in_1708.wav
google/fleurs,hi_in,Hindi,south_asia,1866,7.32,16000,CC-BY 4.0,https://huggingface.co/datasets/google/fleurs,experiments/audio_full/hi_in_1866.wav
google/fleurs,hi_in,Hindi,south_asia,1997,15.12,16000,CC-BY 4.0,https://huggingface.co/datasets/google/fleurs,experiments/audio_full/hi_in_1997.wav
google/fleurs,hi_in,Hindi,south_asia,1672,8.64,16000,CC-BY 4.0,https://huggingface.co/datasets/google/fleurs,experiments/audio_full/hi_in_1672.wav
google/fleurs,hi_in,Hindi,south_asia,1839,9.36,16000,CC-BY 4.0,https://huggingface.co/datasets/google/fleurs,experiments/audio_full/hi_in_1839.wav
google/fleurs,hi_in,Hindi,south_asia,1750,6.42,16000,CC-BY 4.0,https://huggingface.co/datasets/google/fleurs,experiments/audio_full/hi_in_1750.wav
google/fleurs,hi_in,Hindi,south_asia,1713,12.78,16000,CC-BY 4.0,https://huggingface.co/datasets/google/fleurs,experiments/audio_full/hi_in_1713.wav
google/fleurs,hi_in,Hindi,south_asia,1772,6.72,16000,CC-BY 4.0,https://huggingface.co/datasets/google/fleurs,experiments/audio_full/hi_in_1772.wav
google/fleurs,hi_in,Hindi,south_asia,1672,10.56,16000,CC-BY 4.0,https://huggingface.co/datasets/google/fleurs,experiments/audio_full/hi_in_1672.wav
google/fleurs,hi_in,Hindi,south_asia,1817,7.62,16000,CC-BY 4.0,https://huggingface.co/datasets/google/fleurs,experiments/audio_full/hi_in_1817.wav
google/fleurs,hi_in,Hindi,south_asia,1914,6.3,16000,CC-BY 4.0,https://huggingface.co/datasets/google/fleurs,experiments/audio_full/hi_in_1914.wav
google/fleurs,hi_in,Hindi,south_asia,1796,7.56,16000,CC-BY 4.0,https://huggingface.co/datasets/google/fleurs,experiments/audio_full/hi_in_1796.wav
google/fleurs,hi_in,Hindi,south_asia,1876,9.48,16000,CC-BY 4.0,https://huggingface.co/datasets/google/fleurs,experiments/audio_full/hi_in_1876.wav
google/fleurs,hi_in,Hindi,south_asia,1909,14.04,16000,CC-BY 4.0,https://huggingface.co/datasets/google/fleurs,experiments/audio_full/hi_in_1909.wav
google/fleurs,hi_in,Hindi,south_asia,1819,15.6,16000,CC-BY 4.0,https://huggingface.co/datasets/google/fleurs,experiments/audio_full/hi_in_1819.wav
google/fleurs,hi_in,Hindi,south_asia,1698,8.46,16000,CC-BY 4.0,https://huggingface.co/datasets/google/fleurs,experiments/audio_full/hi_in_1698.wav
google/fleurs,hi_in,Hindi,south_asia,1904,8.64,16000,CC-BY 4.0,https://huggingface.co/datasets/google/fleurs,experiments/audio_full/hi_in_1904.wav
google/fleurs,hi_in,Hindi,south_asia,1945,5.94,16000,CC-BY 4.0,https://huggingface.co/datasets/google/fleurs,experiments/audio_full/hi_in_1945.wav
google/fleurs,hi_in,Hindi,south_asia,1870,6.72,16000,CC-BY 4.0,https://huggingface.co/datasets/google/fleurs,experiments/audio_full/hi_in_1870.wav
google/fleurs,hi_in,Hindi,south_asia,1953,6.12,16000,CC-BY 4.0,https://huggingface.co/datasets/google/fleurs,experiments/audio_full/hi_in_1953.wav
google/fleurs,hi_in,Hindi,south_asia,1684,9.42,16000,CC-BY 4.0,https://huggingface.co/datasets/google/fleurs,experiments/audio_full/hi_in_1684.wav
google/fleurs,hi_in,Hindi,south_asia,1944,9.96,16000,CC-BY 4.0,https://huggingface.co/datasets/google/fleurs,experiments/audio_full/hi_in_1944.wav
google/fleurs,hi_in,Hindi,south_asia,1799,8.16,16000,CC-BY 4.0,https://huggingface.co/datasets/google/fleurs,experiments/audio_full/hi_in_1799.wav
google/fleurs,hi_in,Hindi,south_asia,1921,10.62,16000,CC-BY 4.0,https://huggingface.co/datasets/google/fleurs,experiments/audio_full/hi_in_1921.wav
google/fleurs,hi_in,Hindi,south_asia,1940,14.16,16000,CC-BY 4.0,https://huggingface.co/datasets/google/fleurs,experiments/audio_full/hi_in_1940.wav
google/fleurs,hi_in,Hindi,south_asia,1712,15.36,16000,CC-BY 4.0,https://huggingface.co/datasets/google/fleurs,experiments/audio_full/hi_in_1712.wav
google/fleurs,hi_in,Hindi,south_asia,1854,9.0,16000,CC-BY 4.0,https://huggingface.co/datasets/google/fleurs,experiments/audio_full/hi_in_1854.wav
google/fleurs,hi_in,Hindi,south_asia,1692,7.38,16000,CC-BY 4.0,https://huggingface.co/datasets/google/fleurs,experiments/audio_full/hi_in_1692.wav
google/fleurs,hi_in,Hindi,south_asia,1972,8.04,16000,CC-BY 4.0,https://huggingface.co/datasets/google/fleurs,experiments/audio_full/hi_in_1972.wav
google/fleurs,hi_in,Hindi,south_asia,2000,12.06,16000,CC-BY 4.0,https://huggingface.co/datasets/google/fleurs,experiments/audio_full/hi_in_2000.wav
google/fleurs,hi_in,Hindi,south_asia,1660,11.7,16000,CC-BY 4.0,https://huggingface.co/datasets/google/fleurs,experiments/audio_full/hi_in_1660.wav
google/fleurs,hi_in,Hindi,south_asia,1752,7.74,16000,CC-BY 4.0,https://huggingface.co/datasets/google/fleurs,experiments/audio_full/hi_in_1752.wav
google/fleurs,hi_in,Hindi,south_asia,1925,12.6,16000,CC-BY 4.0,https://huggingface.co/datasets/google/fleurs,experiments/audio_full/hi_in_1925.wav
google/fleurs,hi_in,Hindi,south_asia,1983,17.1,16000,CC-BY 4.0,https://huggingface.co/datasets/google/fleurs,experiments/audio_full/hi_in_1983.wav
google/fleurs,hi_in,Hindi,south_asia,1746,7.68,16000,CC-BY 4.0,https://huggingface.co/datasets/google/fleurs,experiments/audio_full/hi_in_1746.wav
google/fleurs,hi_in,Hindi,south_asia,1911,15.54,16000,CC-BY 4.0,https://huggingface.co/datasets/google/fleurs,experiments/audio_full/hi_in_1911.wav
google/fleurs,hi_in,Hindi,south_asia,1897,9.72,16000,CC-BY 4.0,https://huggingface.co/datasets/google/fleurs,experiments/audio_full/hi_in_1897.wav
google/fleurs,hi_in,Hindi,south_asia,1677,8.46,16000,CC-BY 4.0,https://huggingface.co/datasets/google/fleurs,experiments/audio_full/hi_in_1677.wav
google/fleurs,hi_in,Hindi,south_asia,1728,10.02,16000,CC-BY 4.0,https://huggingface.co/datasets/google/fleurs,experiments/audio_full/hi_in_1728.wav
google/fleurs,hi_in,Hindi,south_asia,1977,9.06,16000,CC-BY 4.0,https://huggingface.co/datasets/google/fleurs,experiments/audio_full/hi_in_1977.wav
google/fleurs,hi_in,Hindi,south_asia,1685,15.36,16000,CC-BY 4.0,https://huggingface.co/datasets/google/fleurs,experiments/audio_full/hi_in_1685.wav
google/fleurs,hi_in,Hindi,south_asia,1833,10.38,16000,CC-BY 4.0,https://huggingface.co/datasets/google/fleurs,experiments/audio_full/hi_in_1833.wav
google/fleurs,hi_in,Hindi,south_asia,1730,15.66,16000,CC-BY 4.0,https://huggingface.co/datasets/google/fleurs,experiments/audio_full/hi_in_1730.wav
google/fleurs,hi_in,Hindi,south_asia,1763,9.72,16000,CC-BY 4.0,https://huggingface.co/datasets/google/fleurs,experiments/audio_full/hi_in_1763.wav
google/fleurs,hi_in,Hindi,south_asia,1806,13.8,16000,CC-BY 4.0,https://huggingface.co/datasets/google/fleurs,experiments/audio_full/hi_in_1806.wav
google/fleurs,hi_in,Hindi,south_asia,1868,12.66,16000,CC-BY 4.0,https://huggingface.co/datasets/google/fleurs,experiments/audio_full/hi_in_1868.wav
google/fleurs,hi_in,Hindi,south_asia,1913,9.06,16000,CC-BY 4.0,https://huggingface.co/datasets/google/fleurs,experiments/audio_full/hi_in_1913.wav
google/fleurs,hi_in,Hindi,south_asia,1684,11.58,16000,CC-BY 4.0,https://huggingface.co/datasets/google/fleurs,experiments/audio_full/hi_in_1684.wav
google/fleurs,hi_in,Hindi,south_asia,1926,8.28,16000,CC-BY 4.0,https://huggingface.co/datasets/google/fleurs,experiments/audio_full/hi_in_1926.wav
google/fleurs,hi_in,Hindi,south_asia,1987,7.2,16000,CC-BY 4.0,https://huggingface.co/datasets/google/fleurs,experiments/audio_full/hi_in_1987.wav
google/fleurs,hi_in,Hindi,south_asia,1971,7.74,16000,CC-BY 4.0,https://huggingface.co/datasets/google/fleurs,experiments/audio_full/hi_in_1971.wav
google/fleurs,hi_in,Hindi,south_asia,2008,18.24,16000,CC-BY 4.0,https://huggingface.co/datasets/google/fleurs,experiments/audio_full/hi_in_2008.wav
google/fleurs,hi_in,Hindi,south_asia,1771,11.16,16000,CC-BY 4.0,https://huggingface.co/datasets/google/fleurs,experiments/audio_full/hi_in_1771.wav
google/fleurs,hi_in,Hindi,south_asia,2005,6.06,16000,CC-BY 4.0,https://huggingface.co/datasets/google/fleurs,experiments/audio_full/hi_in_2005.wav
google/fleurs,hi_in,Hindi,south_asia,1829,11.04,16000,CC-BY 4.0,https://huggingface.co/datasets/google/fleurs,experiments/audio_full/hi_in_1829.wav
google/fleurs,hi_in,Hindi,south_asia,1737,8.34,16000,CC-BY 4.0,https://huggingface.co/datasets/google/fleurs,experiments/audio_full/hi_in_1737.wav
google/fleurs,hi_in,Hindi,south_asia,1710,12.42,16000,CC-BY 4.0,https://huggingface.co/datasets/google/fleurs,experiments/audio_full/hi_in_1710.wav
google/fleurs,hi_in,Hindi,south_asia,1931,15.3,16000,CC-BY 4.0,https://huggingface.co/datasets/google/fleurs,experiments/audio_full/hi_in_1931.wav
google/fleurs,hi_in,Hindi,south_asia,1975,9.42,16000,CC-BY 4.0,https://huggingface.co/datasets/google/fleurs,experiments/audio_full/hi_in_1975.wav
google/fleurs,hi_in,Hindi,south_asia,1943,7.32,16000,CC-BY 4.0,https://huggingface.co/datasets/google/fleurs,experiments/audio_full/hi_in_1943.wav
google/fleurs,hi_in,Hindi,south_asia,1967,15.12,16000,CC-BY 4.0,https://huggingface.co/datasets/google/fleurs,experiments/audio_full/hi_in_1967.wav
google/fleurs,hi_in,Hindi,south_asia,1794,10.2,16000,CC-BY 4.0,https://huggingface.co/datasets/google/fleurs,experiments/audio_full/hi_in_1794.wav
google/fleurs,hi_in,Hindi,south_asia,1851,10.38,16000,CC-BY 4.0,https://huggingface.co/datasets/google/fleurs,experiments/audio_full/hi_in_1851.wav
google/fleurs,bn_in,Bengali,south_asia,1916,16.2,16000,CC-BY 4.0,https://huggingface.co/datasets/google/fleurs,experiments/audio_full/bn_in_1916.wav
google/fleurs,bn_in,Bengali,south_asia,1879,10.44,16000,CC-BY 4.0,https://huggingface.co/datasets/google/fleurs,experiments/audio_full/bn_in_1879.wav
google/fleurs,bn_in,Bengali,south_asia,1804,14.58,16000,CC-BY 4.0,https://huggingface.co/datasets/google/fleurs,experiments/audio_full/bn_in_1804.wav
google/fleurs,bn_in,Bengali,south_asia,1823,10.32,16000,CC-BY 4.0,https://huggingface.co/datasets/google/fleurs,experiments/audio_full/bn_in_1823.wav
google/fleurs,bn_in,Bengali,south_asia,1669,10.56,16000,CC-BY 4.0,https://huggingface.co/datasets/google/fleurs,experiments/audio_full/bn_in_1669.wav
google/fleurs,bn_in,Bengali,south_asia,1692,10.38,16000,CC-BY 4.0,https://huggingface.co/datasets/google/fleurs,experiments/audio_full/bn_in_1692.wav
google/fleurs,bn_in,Bengali,south_asia,1813,15.9,16000,CC-BY 4.0,https://huggingface.co/datasets/google/fleurs,experiments/audio_full/bn_in_1813.wav
google/fleurs,bn_in,Bengali,south_asia,1979,13.56,16000,CC-BY 4.0,https://huggingface.co/datasets/google/fleurs,experiments/audio_full/bn_in_1979.wav
google/fleurs,bn_in,Bengali,south_asia,1857,13.8,16000,CC-BY 4.0,https://huggingface.co/datasets/google/fleurs,experiments/audio_full/bn_in_1857.wav
google/fleurs,bn_in,Bengali,south_asia,1812,18.54,16000,CC-BY 4.0,https://huggingface.co/datasets/google/fleurs,experiments/audio_full/bn_in_1812.wav
google/fleurs,bn_in,Bengali,south_asia,1918,11.7,16000,CC-BY 4.0,https://huggingface.co/datasets/google/fleurs,experiments/audio_full/bn_in_1918.wav
google/fleurs,bn_in,Bengali,south_asia,1981,11.58,16000,CC-BY 4.0,https://huggingface.co/datasets/google/fleurs,experiments/audio_full/bn_in_1981.wav
google/fleurs,bn_in,Bengali,south_asia,2001,20.34,16000,CC-BY 4.0,https://huggingface.co/datasets/google/fleurs,experiments/audio_full/bn_in_2001.wav
google/fleurs,bn_in,Bengali,south_asia,1786,16.38,16000,CC-BY 4.0,https://huggingface.co/datasets/google/fleurs,experiments/audio_full/bn_in_1786.wav
google/fleurs,bn_in,Bengali,south_asia,1688,22.62,16000,CC-BY 4.0,https://huggingface.co/datasets/google/fleurs,experiments/audio_full/bn_in_1688.wav
google/fleurs,bn_in,Bengali,south_asia,1669,11.04,16000,CC-BY 4.0,https://huggingface.co/datasets/google/fleurs,experiments/audio_full/bn_in_1669.wav
google/fleurs,bn_in,Bengali,south_asia,1774,19.62,16000,CC-BY 4.0,https://huggingface.co/datasets/google/fleurs,experiments/audio_full/bn_in_1774.wav
google/fleurs,bn_in,Bengali,south_asia,1679,6.96,16000,CC-BY 4.0,https://huggingface.co/datasets/google/fleurs,experiments/audio_full/bn_in_1679.wav
google/fleurs,bn_in,Bengali,south_asia,1823,12.24,16000,CC-BY 4.0,https://huggingface.co/datasets/google/fleurs,experiments/audio_full/bn_in_1823.wav
google/fleurs,bn_in,Bengali,south_asia,1849,12.66,16000,CC-BY 4.0,https://huggingface.co/datasets/google/fleurs,experiments/audio_full/bn_in_1849.wav
google/fleurs,bn_in,Bengali,south_asia,1720,11.28,16000,CC-BY 4.0,https://huggingface.co/datasets/google/fleurs,experiments/audio_full/bn_in_1720.wav
google/fleurs,bn_in,Bengali,south_asia,1773,12.84,16000,CC-BY 4.0,https://huggingface.co/datasets/google/fleurs,experiments/audio_full/bn_in_1773.wav
google/fleurs,bn_in,Bengali,south_asia,1864,22.68,16000,CC-BY 4.0,https://huggingface.co/datasets/google/fleurs,experiments/audio_full/bn_in_1864.wav
google/fleurs,bn_in,Bengali,south_asia,1807,13.8,16000,CC-BY 4.0,https://huggingface.co/datasets/google/fleurs,experiments/audio_full/bn_in_1807.wav
google/fleurs,bn_in,Bengali,south_asia,1931,13.08,16000,CC-BY 4.0,https://huggingface.co/datasets/google/fleurs,experiments/audio_full/bn_in_1931.wav
google/fleurs,bn_in,Bengali,south_asia,1887,12.6,16000,CC-BY 4.0,https://huggingface.co/datasets/google/fleurs,experiments/audio_full/bn_in_1887.wav
google/fleurs,bn_in,Bengali,south_asia,1929,13.02,16000,CC-BY 4.0,https://huggingface.co/datasets/google/fleurs,experiments/audio_full/bn_in_1929.wav
google/fleurs,bn_in,Bengali,south_asia,1937,26.76,16000,CC-BY 4.0,https://huggingface.co/datasets/google/fleurs,experiments/audio_full/bn_in_1937.wav
google/fleurs,bn_in,Bengali,south_asia,1966,8.82,16000,CC-BY 4.0,https://huggingface.co/datasets/google/fleurs,experiments/audio_full/bn_in_1966.wav
google/fleurs,bn_in,Bengali,south_asia,1935,8.34,16000,CC-BY 4.0,https://huggingface.co/datasets/google/fleurs,experiments/audio_full/bn_in_1935.wav
google/fleurs,bn_in,Bengali,south_asia,1931,14.16,16000,CC-BY 4.0,https://huggingface.co/datasets/google/fleurs,experiments/audio_full/bn_in_1931.wav
google/fleurs,bn_in,Bengali,south_asia,1914,12.24,16000,CC-BY 4.0,https://huggingface.co/datasets/google/fleurs,experiments/audio_full/bn_in_1914.wav
google/fleurs,bn_in,Bengali,south_asia,1968,17.46,16000,CC-BY 4.0,https://huggingface.co/datasets/google/fleurs,experiments/audio_full/bn_in_1968.wav
google/fleurs,bn_in,Bengali,south_asia,1669,8.76,16000,CC-BY 4.0,https://huggingface.co/datasets/google/fleurs,experiments/audio_full/bn_in_1669.wav
google/fleurs,bn_in,Bengali,south_asia,1947,8.4,16000,CC-BY 4.0,https://huggingface.co/datasets/google/fleurs,experiments/audio_full/bn_in_1947.wav
google/fleurs,bn_in,Bengali,south_asia,1770,7.86,16000,CC-BY 4.0,https://huggingface.co/datasets/google/fleurs,experiments/audio_full/bn_in_1770.wav
google/fleurs,bn_in,Bengali,south_asia,1843,10.98,16000,CC-BY 4.0,https://huggingface.co/datasets/google/fleurs,experiments/audio_full/bn_in_1843.wav
google/fleurs,bn_in,Bengali,south_asia,1771,11.88,16000,CC-BY 4.0,https://huggingface.co/datasets/google/fleurs,experiments/audio_full/bn_in_1771.wav
google/fleurs,bn_in,Bengali,south_asia,1810,17.4,16000,CC-BY 4.0,https://huggingface.co/datasets/google/fleurs,experiments/audio_full/bn_in_1810.wav
google/fleurs,bn_in,Bengali,south_asia,1908,7.2,16000,CC-BY 4.0,https://huggingface.co/datasets/google/fleurs,experiments/audio_full/bn_in_1908.wav
google/fleurs,bn_in,Bengali,south_asia,1997,20.64,16000,CC-BY 4.0,https://huggingface.co/datasets/google/fleurs,experiments/audio_full/bn_in_1997.wav
google/fleurs,bn_in,Bengali,south_asia,1980,13.02,16000,CC-BY 4.0,https://huggingface.co/datasets/google/fleurs,experiments/audio_full/bn_in_1980.wav
google/fleurs,bn_in,Bengali,south_asia,1713,17.64,16000,CC-BY 4.0,https://huggingface.co/datasets/google/fleurs,experiments/audio_full/bn_in_1713.wav
google/fleurs,bn_in,Bengali,south_asia,1662,10.98,16000,CC-BY 4.0,https://huggingface.co/datasets/google/fleurs,experiments/audio_full/bn_in_1662.wav
google/fleurs,bn_in,Bengali,south_asia,1732,16.92,16000,CC-BY 4.0,https://huggingface.co/datasets/google/fleurs,experiments/audio_full/bn_in_1732.wav
google/fleurs,bn_in,Bengali,south_asia,1910,8.76,16000,CC-BY 4.0,https://huggingface.co/datasets/google/fleurs,experiments/audio_full/bn_in_1910.wav
google/fleurs,bn_in,Bengali,south_asia,1704,12.24,16000,CC-BY 4.0,https://huggingface.co/datasets/google/fleurs,experiments/audio_full/bn_in_1704.wav
google/fleurs,bn_in,Bengali,south_asia,1806,17.4,16000,CC-BY 4.0,https://huggingface.co/datasets/google/fleurs,experiments/audio_full/bn_in_1806.wav
google/fleurs,bn_in,Bengali,south_asia,1661,11.7,16000,CC-BY 4.0,https://huggingface.co/datasets/google/fleurs,experiments/audio_full/bn_in_1661.wav
google/fleurs,bn_in,Bengali,south_asia,1684,12.36,16000,CC-BY 4.0,https://huggingface.co/datasets/google/fleurs,experiments/audio_full/bn_in_1684.wav
google/fleurs,bn_in,Bengali,south_asia,1854,10.86,16000,CC-BY 4.0,https://huggingface.co/datasets/google/fleurs,experiments/audio_full/bn_in_1854.wav
google/fleurs,bn_in,Bengali,south_asia,1906,9.18,16000,CC-BY 4.0,https://huggingface.co/datasets/google/fleurs,experiments/audio_full/bn_in_1906.wav
google/fleurs,bn_in,Bengali,south_asia,1744,10.56,16000,CC-BY 4.0,https://huggingface.co/datasets/google/fleurs,experiments/audio_full/bn_in_1744.wav
google/fleurs,bn_in,Bengali,south_asia,1967,17.94,16000,CC-BY 4.0,https://huggingface.co/datasets/google/fleurs,experiments/audio_full/bn_in_1967.wav
google/fleurs,bn_in,Bengali,south_asia,1821,8.34,16000,CC-BY 4.0,https://huggingface.co/datasets/google/fleurs,experiments/audio_full/bn_in_1821.wav
google/fleurs,bn_in,Bengali,south_asia,1707,12.12,16000,CC-BY 4.0,https://huggingface.co/datasets/google/fleurs,experiments/audio_full/bn_in_1707.wav
google/fleurs,bn_in,Bengali,south_asia,1831,17.4,16000,CC-BY 4.0,https://huggingface.co/datasets/google/fleurs,experiments/audio_full/bn_in_1831.wav
google/fleurs,bn_in,Bengali,south_asia,1767,13.74,16000,CC-BY 4.0,https://huggingface.co/datasets/google/fleurs,experiments/audio_full/bn_in_1767.wav
google/fleurs,bn_in,Bengali,south_asia,1940,16.44,16000,CC-BY 4.0,https://huggingface.co/datasets/google/fleurs,experiments/audio_full/bn_in_1940.wav
google/fleurs,bn_in,Bengali,south_asia,1808,10.32,16000,CC-BY 4.0,https://huggingface.co/datasets/google/fleurs,experiments/audio_full/bn_in_1808.wav
google/fleurs,bn_in,Bengali,south_asia,1794,16.5,16000,CC-BY 4.0,https://huggingface.co/datasets/google/fleurs,experiments/audio_full/bn_in_1794.wav
google/fleurs,bn_in,Bengali,south_asia,1725,16.44,16000,CC-BY 4.0,https://huggingface.co/datasets/google/fleurs,experiments/audio_full/bn_in_1725.wav
google/fleurs,bn_in,Bengali,south_asia,1660,11.58,16000,CC-BY 4.0,https://huggingface.co/datasets/google/fleurs,experiments/audio_full/bn_in_1660.wav
google/fleurs,bn_in,Bengali,south_asia,1740,10.2,16000,CC-BY 4.0,https://huggingface.co/datasets/google/fleurs,experiments/audio_full/bn_in_1740.wav
google/fleurs,bn_in,Bengali,south_asia,1821,9.06,16000,CC-BY 4.0,https://huggingface.co/datasets/google/fleurs,experiments/audio_full/bn_in_1821.wav
google/fleurs,bn_in,Bengali,south_asia,1744,12.96,16000,CC-BY 4.0,https://huggingface.co/datasets/google/fleurs,experiments/audio_full/bn_in_1744.wav
google/fleurs,bn_in,Bengali,south_asia,1747,7.08,16000,CC-BY 4.0,https://huggingface.co/datasets/google/fleurs,experiments/audio_full/bn_in_1747.wav
google/fleurs,bn_in,Bengali,south_asia,1674,9.9,16000,CC-BY 4.0,https://huggingface.co/datasets/google/fleurs,experiments/audio_full/bn_in_1674.wav
google/fleurs,bn_in,Bengali,south_asia,1908,10.08,16000,CC-BY 4.0,https://huggingface.co/datasets/google/fleurs,experiments/audio_full/bn_in_1908.wav
google/fleurs,bn_in,Bengali,south_asia,1794,16.2,16000,CC-BY 4.0,https://huggingface.co/datasets/google/fleurs,experiments/audio_full/bn_in_1794.wav
google/fleurs,bn_in,Bengali,south_asia,1764,12.3,16000,CC-BY 4.0,https://huggingface.co/datasets/google/fleurs,experiments/audio_full/bn_in_1764.wav
google/fleurs,bn_in,Bengali,south_asia,1834,11.34,16000,CC-BY 4.0,https://huggingface.co/datasets/google/fleurs,experiments/audio_full/bn_in_1834.wav
google/fleurs,bn_in,Bengali,south_asia,1880,5.82,16000,CC-BY 4.0,https://huggingface.co/datasets/google/fleurs,experiments/audio_full/bn_in_1880.wav
google/fleurs,bn_in,Bengali,south_asia,1947,8.16,16000,CC-BY 4.0,https://huggingface.co/datasets/google/fleurs,experiments/audio_full/bn_in_1947.wav
google/fleurs,bn_in,Bengali,south_asia,1739,8.64,16000,CC-BY 4.0,https://huggingface.co/datasets/google/fleurs,experiments/audio_full/bn_in_1739.wav
google/fleurs,bn_in,Bengali,south_asia,1797,11.7,16000,CC-BY 4.0,https://huggingface.co/datasets/google/fleurs,experiments/audio_full/bn_in_1797.wav
google/fleurs,bn_in,Bengali,south_asia,1775,12.9,16000,CC-BY 4.0,https://huggingface.co/datasets/google/fleurs,experiments/audio_full/bn_in_1775.wav
google/fleurs,bn_in,Bengali,south_asia,1855,18.84,16000,CC-BY 4.0,https://huggingface.co/datasets/google/fleurs,experiments/audio_full/bn_in_1855.wav
google/fleurs,bn_in,Bengali,south_asia,1782,19.26,16000,CC-BY 4.0,https://huggingface.co/datasets/google/fleurs,experiments/audio_full/bn_in_1782.wav
google/fleurs,bn_in,Bengali,south_asia,1943,16.26,16000,CC-BY 4.0,https://huggingface.co/datasets/google/fleurs,experiments/audio_full/bn_in_1943.wav
google/fleurs,bn_in,Bengali,south_asia,1761,12.72,16000,CC-BY 4.0,https://huggingface.co/datasets/google/fleurs,experiments/audio_full/bn_in_1761.wav
google/fleurs,bn_in,Bengali,south_asia,1696,13.38,16000,CC-BY 4.0,https://huggingface.co/datasets/google/fleurs,experiments/audio_full/bn_in_1696.wav
google/fleurs,bn_in,Bengali,south_asia,1746,11.4,16000,CC-BY 4.0,https://huggingface.co/datasets/google/fleurs,experiments/audio_full/bn_in_1746.wav
google/fleurs,bn_in,Bengali,south_asia,1948,16.74,16000,CC-BY 4.0,https://huggingface.co/datasets/google/fleurs,experiments/audio_full/bn_in_1948.wav
google/fleurs,bn_in,Bengali,south_asia,1784,25.98,16000,CC-BY 4.0,https://huggingface.co/datasets/google/fleurs,experiments/audio_full/bn_in_1784.wav
google/fleurs,bn_in,Bengali,south_asia,1834,18.0,16000,CC-BY 4.0,https://huggingface.co/datasets/google/fleurs,experiments/audio_full/bn_in_1834.wav
google/fleurs,bn_in,Bengali,south_asia,1686,12.96,16000,CC-BY 4.0,https://huggingface.co/datasets/google/fleurs,experiments/audio_full/bn_in_1686.wav
google/fleurs,bn_in,Bengali,south_asia,1724,11.94,16000,CC-BY 4.0,https://huggingface.co/datasets/google/fleurs,experiments/audio_full/bn_in_1724.wav
google/fleurs,bn_in,Bengali,south_asia,1936,23.04,16000,CC-BY 4.0,https://huggingface.co/datasets/google/fleurs,experiments/audio_full/bn_in_1936.wav
google/fleurs,bn_in,Bengali,south_asia,1871,6.54,16000,CC-BY 4.0,https://huggingface.co/datasets/google/fleurs,experiments/audio_full/bn_in_1871.wav
google/fleurs,bn_in,Bengali,south_asia,1721,10.5,16000,CC-BY 4.0,https://huggingface.co/datasets/google/fleurs,experiments/audio_full/bn_in_1721.wav
google/fleurs,bn_in,Bengali,south_asia,1856,12.0,16000,CC-BY 4.0,https://huggingface.co/datasets/google/fleurs,experiments/audio_full/bn_in_1856.wav
google/fleurs,bn_in,Bengali,south_asia,1840,16.68,16000,CC-BY 4.0,https://huggingface.co/datasets/google/fleurs,experiments/audio_full/bn_in_1840.wav
google/fleurs,bn_in,Bengali,south_asia,1896,20.34,16000,CC-BY 4.0,https://huggingface.co/datasets/google/fleurs,experiments/audio_full/bn_in_1896.wav
google/fleurs,bn_in,Bengali,south_asia,1822,15.6,16000,CC-BY 4.0,https://huggingface.co/datasets/google/fleurs,experiments/audio_full/bn_in_1822.wav
google/fleurs,bn_in,Bengali,south_asia,2003,11.58,16000,CC-BY 4.0,https://huggingface.co/datasets/google/fleurs,experiments/audio_full/bn_in_2003.wav
google/fleurs,bn_in,Bengali,south_asia,1679,5.94,16000,CC-BY 4.0,https://huggingface.co/datasets/google/fleurs,experiments/audio_full/bn_in_1679.wav
google/fleurs,bn_in,Bengali,south_asia,1927,14.04,16000,CC-BY 4.0,https://huggingface.co/datasets/google/fleurs,experiments/audio_full/bn_in_1927.wav
google/fleurs,bn_in,Bengali,south_asia,1675,11.64,16000,CC-BY 4.0,https://huggingface.co/datasets/google/fleurs,experiments/audio_full/bn_in_1675.wav
google/fleurs,bn_in,Bengali,south_asia,1811,13.5,16000,CC-BY 4.0,https://huggingface.co/datasets/google/fleurs,experiments/audio_full/bn_in_1811.wav
google/fleurs,bn_in,Bengali,south_asia,1727,12.84,16000,CC-BY 4.0,https://huggingface.co/datasets/google/fleurs,experiments/audio_full/bn_in_1727.wav
google/fleurs,bn_in,Bengali,south_asia,1758,13.26,16000,CC-BY 4.0,https://huggingface.co/datasets/google/fleurs,experiments/audio_full/bn_in_1758.wav
google/fleurs,bn_in,Bengali,south_asia,1835,15.24,16000,CC-BY 4.0,https://huggingface.co/datasets/google/fleurs,experiments/audio_full/bn_in_1835.wav
google/fleurs,bn_in,Bengali,south_asia,1734,16.08,16000,CC-BY 4.0,https://huggingface.co/datasets/google/fleurs,experiments/audio_full/bn_in_1734.wav
google/fleurs,bn_in,Bengali,south_asia,1696,11.16,16000,CC-BY 4.0,https://huggingface.co/datasets/google/fleurs,experiments/audio_full/bn_in_1696.wav
google/fleurs,bn_in,Bengali,south_asia,1699,14.64,16000,CC-BY 4.0,https://huggingface.co/datasets/google/fleurs,experiments/audio_full/bn_in_1699.wav
google/fleurs,bn_in,Bengali,south_asia,1959,15.84,16000,CC-BY 4.0,https://huggingface.co/datasets/google/fleurs,experiments/audio_full/bn_in_1959.wav
google/fleurs,bn_in,Bengali,south_asia,1938,11.76,16000,CC-BY 4.0,https://huggingface.co/datasets/google/fleurs,experiments/audio_full/bn_in_1938.wav
google/fleurs,bn_in,Bengali,south_asia,1912,14.82,16000,CC-BY 4.0,https://huggingface.co/datasets/google/fleurs,experiments/audio_full/bn_in_1912.wav
google/fleurs,bn_in,Bengali,south_asia,1747,7.68,16000,CC-BY 4.0,https://huggingface.co/datasets/google/fleurs,experiments/audio_full/bn_in_1747.wav
google/fleurs,bn_in,Bengali,south_asia,1672,9.18,16000,CC-BY 4.0,https://huggingface.co/datasets/google/fleurs,experiments/audio_full/bn_in_1672.wav
google/fleurs,bn_in,Bengali,south_asia,1732,14.22,16000,CC-BY 4.0,https://huggingface.co/datasets/google/fleurs,experiments/audio_full/bn_in_1732.wav
google/fleurs,bn_in,Bengali,south_asia,1886,16.32,16000,CC-BY 4.0,https://huggingface.co/datasets/google/fleurs,experiments/audio_full/bn_in_1886.wav
google/fleurs,bn_in,Bengali,south_asia,1889,9.24,16000,CC-BY 4.0,https://huggingface.co/datasets/google/fleurs,experiments/audio_full/bn_in_1889.wav
google/fleurs,bn_in,Bengali,south_asia,1958,11.76,16000,CC-BY 4.0,https://huggingface.co/datasets/google/fleurs,experiments/audio_full/bn_in_1958.wav
google/fleurs,bn_in,Bengali,south_asia,1986,14.94,16000,CC-BY 4.0,https://huggingface.co/datasets/google/fleurs,experiments/audio_full/bn_in_1986.wav
google/fleurs,bn_in,Bengali,south_asia,1881,10.2,16000,CC-BY 4.0,https://huggingface.co/datasets/google/fleurs,experiments/audio_full/bn_in_1881.wav
google/fleurs,bn_in,Bengali,south_asia,1957,8.22,16000,CC-BY 4.0,https://huggingface.co/datasets/google/fleurs,experiments/audio_full/bn_in_1957.wav
google/fleurs,bn_in,Bengali,south_asia,1876,8.34,16000,CC-BY 4.0,https://huggingface.co/datasets/google/fleurs,experiments/audio_full/bn_in_1876.wav
google/fleurs,bn_in,Bengali,south_asia,2004,12.9,16000,CC-BY 4.0,https://huggingface.co/datasets/google/fleurs,experiments/audio_full/bn_in_2004.wav
google/fleurs,bn_in,Bengali,south_asia,1880,5.1,16000,CC-BY 4.0,https://huggingface.co/datasets/google/fleurs,experiments/audio_full/bn_in_1880.wav
google/fleurs,bn_in,Bengali,south_asia,1971,14.4,16000,CC-BY 4.0,https://huggingface.co/datasets/google/fleurs,experiments/audio_full/bn_in_1971.wav
google/fleurs,bn_in,Bengali,south_asia,1875,8.76,16000,CC-BY 4.0,https://huggingface.co/datasets/google/fleurs,experiments/audio_full/bn_in_1875.wav
google/fleurs,bn_in,Bengali,south_asia,1758,15.42,16000,CC-BY 4.0,https://huggingface.co/datasets/google/fleurs,experiments/audio_full/bn_in_1758.wav
google/fleurs,bn_in,Bengali,south_asia,1939,13.8,16000,CC-BY 4.0,https://huggingface.co/datasets/google/fleurs,experiments/audio_full/bn_in_1939.wav
google/fleurs,bn_in,Bengali,south_asia,1980,12.66,16000,CC-BY 4.0,https://huggingface.co/datasets/google/fleurs,experiments/audio_full/bn_in_1980.wav
google/fleurs,bn_in,Bengali,south_asia,1854,10.02,16000,CC-BY 4.0,https://huggingface.co/datasets/google/fleurs,experiments/audio_full/bn_in_1854.wav
google/fleurs,bn_in,Bengali,south_asia,1783,11.04,16000,CC-BY 4.0,https://huggingface.co/datasets/google/fleurs,experiments/audio_full/bn_in_1783.wav
google/fleurs,bn_in,Bengali,south_asia,1865,12.06,16000,CC-BY 4.0,https://huggingface.co/datasets/google/fleurs,experiments/audio_full/bn_in_1865.wav
google/fleurs,bn_in,Bengali,south_asia,1989,20.04,16000,CC-BY 4.0,https://huggingface.co/datasets/google/fleurs,experiments/audio_full/bn_in_1989.wav
google/fleurs,bn_in,Bengali,south_asia,1780,14.1,16000,CC-BY 4.0,https://huggingface.co/datasets/google/fleurs,experiments/audio_full/bn_in_1780.wav
google/fleurs,bn_in,Bengali,south_asia,1743,23.64,16000,CC-BY 4.0,https://huggingface.co/datasets/google/fleurs,experiments/audio_full/bn_in_1743.wav
google/fleurs,bn_in,Bengali,south_asia,1755,7.14,16000,CC-BY 4.0,https://huggingface.co/datasets/google/fleurs,experiments/audio_full/bn_in_1755.wav
google/fleurs,bn_in,Bengali,south_asia,1716,30.6,16000,CC-BY 4.0,https://huggingface.co/datasets/google/fleurs,experiments/audio_full/bn_in_1716.wav
google/fleurs,bn_in,Bengali,south_asia,1953,7.32,16000,CC-BY 4.0,https://huggingface.co/datasets/google/fleurs,experiments/audio_full/bn_in_1953.wav
google/fleurs,bn_in,Bengali,south_asia,1777,13.2,16000,CC-BY 4.0,https://huggingface.co/datasets/google/fleurs,experiments/audio_full/bn_in_1777.wav
google/fleurs,bn_in,Bengali,south_asia,1736,10.5,16000,CC-BY 4.0,https://huggingface.co/datasets/google/fleurs,experiments/audio_full/bn_in_1736.wav
google/fleurs,bn_in,Bengali,south_asia,1724,12.24,16000,CC-BY 4.0,https://huggingface.co/datasets/google/fleurs,experiments/audio_full/bn_in_1724.wav
google/fleurs,bn_in,Bengali,south_asia,1732,17.58,16000,CC-BY 4.0,https://huggingface.co/datasets/google/fleurs,experiments/audio_full/bn_in_1732.wav
google/fleurs,bn_in,Bengali,south_asia,1801,13.5,16000,CC-BY 4.0,https://huggingface.co/datasets/google/fleurs,experiments/audio_full/bn_in_1801.wav
google/fleurs,bn_in,Bengali,south_asia,1793,10.92,16000,CC-BY 4.0,https://huggingface.co/datasets/google/fleurs,experiments/audio_full/bn_in_1793.wav
google/fleurs,bn_in,Bengali,south_asia,1665,15.0,16000,CC-BY 4.0,https://huggingface.co/datasets/google/fleurs,experiments/audio_full/bn_in_1665.wav
google/fleurs,bn_in,Bengali,south_asia,1756,14.82,16000,CC-BY 4.0,https://huggingface.co/datasets/google/fleurs,experiments/audio_full/bn_in_1756.wav
google/fleurs,bn_in,Bengali,south_asia,1833,17.28,16000,CC-BY 4.0,https://huggingface.co/datasets/google/fleurs,experiments/audio_full/bn_in_1833.wav
google/fleurs,bn_in,Bengali,south_asia,1869,19.32,16000,CC-BY 4.0,https://huggingface.co/datasets/google/fleurs,experiments/audio_full/bn_in_1869.wav
google/fleurs,bn_in,Bengali,south_asia,1876,8.94,16000,CC-BY 4.0,https://huggingface.co/datasets/google/fleurs,experiments/audio_full/bn_in_1876.wav
google/fleurs,bn_in,Bengali,south_asia,1860,9.0,16000,CC-BY 4.0,https://huggingface.co/datasets/google/fleurs,experiments/audio_full/bn_in_1860.wav
google/fleurs,bn_in,Bengali,south_asia,1833,13.98,16000,CC-BY 4.0,https://huggingface.co/datasets/google/fleurs,experiments/audio_full/bn_in_1833.wav
google/fleurs,bn_in,Bengali,south_asia,1869,18.54,16000,CC-BY 4.0,https://huggingface.co/datasets/google/fleurs,experiments/audio_full/bn_in_1869.wav
google/fleurs,bn_in,Bengali,south_asia,1773,13.14,16000,CC-BY 4.0,https://huggingface.co/datasets/google/fleurs,experiments/audio_full/bn_in_1773.wav
google/fleurs,bn_in,Bengali,south_asia,1740,7.32,16000,CC-BY 4.0,https://huggingface.co/datasets/google/fleurs,experiments/audio_full/bn_in_1740.wav
google/fleurs,bn_in,Bengali,south_asia,1818,9.96,16000,CC-BY 4.0,https://huggingface.co/datasets/google/fleurs,experiments/audio_full/bn_in_1818.wav
google/fleurs,bn_in,Bengali,south_asia,1676,7.02,16000,CC-BY 4.0,https://huggingface.co/datasets/google/fleurs,experiments/audio_full/bn_in_1676.wav
google/fleurs,bn_in,Bengali,south_asia,1963,11.7,16000,CC-BY 4.0,https://huggingface.co/datasets/google/fleurs,experiments/audio_full/bn_in_1963.wav
google/fleurs,bn_in,Bengali,south_asia,1787,8.46,16000,CC-BY 4.0,https://huggingface.co/datasets/google/fleurs,experiments/audio_full/bn_in_1787.wav
google/fleurs,bn_in,Bengali,south_asia,1780,13.38,16000,CC-BY 4.0,https://huggingface.co/datasets/google/fleurs,experiments/audio_full/bn_in_1780.wav
google/fleurs,bn_in,Bengali,south_asia,1710,15.9,16000,CC-BY 4.0,https://huggingface.co/datasets/google/fleurs,experiments/audio_full/bn_in_1710.wav
google/fleurs,bn_in,Bengali,south_asia,1701,11.7,16000,CC-BY 4.0,https://huggingface.co/datasets/google/fleurs,experiments/audio_full/bn_in_1701.wav
google/fleurs,bn_in,Bengali,south_asia,1994,7.62,16000,CC-BY 4.0,https://huggingface.co/datasets/google/fleurs,experiments/audio_full/bn_in_1994.wav
google/fleurs,bn_in,Bengali,south_asia,1880,6.36,16000,CC-BY 4.0,https://huggingface.co/datasets/google/fleurs,experiments/audio_full/bn_in_1880.wav
google/fleurs,bn_in,Bengali,south_asia,1990,18.84,16000,CC-BY 4.0,https://huggingface.co/datasets/google/fleurs,experiments/audio_full/bn_in_1990.wav
google/fleurs,bn_in,Bengali,south_asia,1726,12.66,16000,CC-BY 4.0,https://huggingface.co/datasets/google/fleurs,experiments/audio_full/bn_in_1726.wav
google/fleurs,bn_in,Bengali,south_asia,1915,14.88,16000,CC-BY 4.0,https://huggingface.co/datasets/google/fleurs,experiments/audio_full/bn_in_1915.wav
google/fleurs,bn_in,Bengali,south_asia,1872,15.48,16000,CC-BY 4.0,https://huggingface.co/datasets/google/fleurs,experiments/audio_full/bn_in_1872.wav
google/fleurs,bn_in,Bengali,south_asia,1910,7.8,16000,CC-BY 4.0,https://huggingface.co/datasets/google/fleurs,experiments/audio_full/bn_in_1910.wav
google/fleurs,bn_in,Bengali,south_asia,1913,14.94,16000,CC-BY 4.0,https://huggingface.co/datasets/google/fleurs,experiments/audio_full/bn_in_1913.wav
google/fleurs,bn_in,Bengali,south_asia,1907,9.6,16000,CC-BY 4.0,https://huggingface.co/datasets/google/fleurs,experiments/audio_full/bn_in_1907.wav
google/fleurs,bn_in,Bengali,south_asia,1987,7.86,16000,CC-BY 4.0,https://huggingface.co/datasets/google/fleurs,experiments/audio_full/bn_in_1987.wav
google/fleurs,bn_in,Bengali,south_asia,1837,16.2,16000,CC-BY 4.0,https://huggingface.co/datasets/google/fleurs,experiments/audio_full/bn_in_1837.wav
google/fleurs,bn_in,Bengali,south_asia,1996,15.84,16000,CC-BY 4.0,https://huggingface.co/datasets/google/fleurs,experiments/audio_full/bn_in_1996.wav
google/fleurs,bn_in,Bengali,south_asia,1728,9.06,16000,CC-BY 4.0,https://huggingface.co/datasets/google/fleurs,experiments/audio_full/bn_in_1728.wav
google/fleurs,bn_in,Bengali,south_asia,1992,15.12,16000,CC-BY 4.0,https://huggingface.co/datasets/google/fleurs,experiments/audio_full/bn_in_1992.wav
google/fleurs,bn_in,Bengali,south_asia,1738,11.22,16000,CC-BY 4.0,https://huggingface.co/datasets/google/fleurs,experiments/audio_full/bn_in_1738.wav
google/fleurs,bn_in,Bengali,south_asia,1868,17.88,16000,CC-BY 4.0,https://huggingface.co/datasets/google/fleurs,experiments/audio_full/bn_in_1868.wav
google/fleurs,bn_in,Bengali,south_asia,1917,10.44,16000,CC-BY 4.0,https://huggingface.co/datasets/google/fleurs,experiments/audio_full/bn_in_1917.wav
google/fleurs,bn_in,Bengali,south_asia,1702,12.36,16000,CC-BY 4.0,https://huggingface.co/datasets/google/fleurs,experiments/audio_full/bn_in_1702.wav
google/fleurs,bn_in,Bengali,south_asia,1967,15.6,16000,CC-BY 4.0,https://huggingface.co/datasets/google/fleurs,experiments/audio_full/bn_in_1967.wav
google/fleurs,bn_in,Bengali,south_asia,1942,11.04,16000,CC-BY 4.0,https://huggingface.co/datasets/google/fleurs,experiments/audio_full/bn_in_1942.wav
google/fleurs,bn_in,Bengali,south_asia,1688,19.98,16000,CC-BY 4.0,https://huggingface.co/datasets/google/fleurs,experiments/audio_full/bn_in_1688.wav
google/fleurs,bn_in,Bengali,south_asia,1853,11.46,16000,CC-BY 4.0,https://huggingface.co/datasets/google/fleurs,experiments/audio_full/bn_in_1853.wav
google/fleurs,bn_in,Bengali,south_asia,1839,5.22,16000,CC-BY 4.0,https://huggingface.co/datasets/google/fleurs,experiments/audio_full/bn_in_1839.wav
google/fleurs,bn_in,Bengali,south_asia,1673,13.2,16000,CC-BY 4.0,https://huggingface.co/datasets/google/fleurs,experiments/audio_full/bn_in_1673.wav
google/fleurs,bn_in,Bengali,south_asia,1866,12.12,16000,CC-BY 4.0,https://huggingface.co/datasets/google/fleurs,experiments/audio_full/bn_in_1866.wav
google/fleurs,bn_in,Bengali,south_asia,1916,13.26,16000,CC-BY 4.0,https://huggingface.co/datasets/google/fleurs,experiments/audio_full/bn_in_1916.wav
google/fleurs,bn_in,Bengali,south_asia,1843,12.48,16000,CC-BY 4.0,https://huggingface.co/datasets/google/fleurs,experiments/audio_full/bn_in_1843.wav
google/fleurs,bn_in,Bengali,south_asia,1695,18.6,16000,CC-BY 4.0,https://huggingface.co/datasets/google/fleurs,experiments/audio_full/bn_in_1695.wav
google/fleurs,bn_in,Bengali,south_asia,1850,18.42,16000,CC-BY 4.0,https://huggingface.co/datasets/google/fleurs,experiments/audio_full/bn_in_1850.wav
google/fleurs,bn_in,Bengali,south_asia,1982,10.02,16000,CC-BY 4.0,https://huggingface.co/datasets/google/fleurs,experiments/audio_full/bn_in_1982.wav
google/fleurs,bn_in,Bengali,south_asia,1717,14.7,16000,CC-BY 4.0,https://huggingface.co/datasets/google/fleurs,experiments/audio_full/bn_in_1717.wav
google/fleurs,bn_in,Bengali,south_asia,1842,27.0,16000,CC-BY 4.0,https://huggingface.co/datasets/google/fleurs,experiments/audio_full/bn_in_1842.wav
google/fleurs,bn_in,Bengali,south_asia,1785,18.72,16000,CC-BY 4.0,https://huggingface.co/datasets/google/fleurs,experiments/audio_full/bn_in_1785.wav
google/fleurs,bn_in,Bengali,south_asia,1737,7.86,16000,CC-BY 4.0,https://huggingface.co/datasets/google/fleurs,experiments/audio_full/bn_in_1737.wav
google/fleurs,bn_in,Bengali,south_asia,1861,9.12,16000,CC-BY 4.0,https://huggingface.co/datasets/google/fleurs,experiments/audio_full/bn_in_1861.wav
google/fleurs,bn_in,Bengali,south_asia,1783,11.16,16000,CC-BY 4.0,https://huggingface.co/datasets/google/fleurs,experiments/audio_full/bn_in_1783.wav
google/fleurs,bn_in,Bengali,south_asia,1830,11.28,16000,CC-BY 4.0,https://huggingface.co/datasets/google/fleurs,experiments/audio_full/bn_in_1830.wav
google/fleurs,bn_in,Bengali,south_asia,1723,17.34,16000,CC-BY 4.0,https://huggingface.co/datasets/google/fleurs,experiments/audio_full/bn_in_1723.wav
google/fleurs,bn_in,Bengali,south_asia,1807,13.2,16000,CC-BY 4.0,https://huggingface.co/datasets/google/fleurs,experiments/audio_full/bn_in_1807.wav
google/fleurs,bn_in,Bengali,south_asia,1962,13.56,16000,CC-BY 4.0,https://huggingface.co/datasets/google/fleurs,experiments/audio_full/bn_in_1962.wav
google/fleurs,bn_in,Bengali,south_asia,1812,17.28,16000,CC-BY 4.0,https://huggingface.co/datasets/google/fleurs,experiments/audio_full/bn_in_1812.wav
google/fleurs,bn_in,Bengali,south_asia,1784,23.4,16000,CC-BY 4.0,https://huggingface.co/datasets/google/fleurs,experiments/audio_full/bn_in_1784.wav
google/fleurs,bn_in,Bengali,south_asia,1760,9.96,16000,CC-BY 4.0,https://huggingface.co/datasets/google/fleurs,experiments/audio_full/bn_in_1760.wav
google/fleurs,bn_in,Bengali,south_asia,1847,15.42,16000,CC-BY 4.0,https://huggingface.co/datasets/google/fleurs,experiments/audio_full/bn_in_1847.wav
google/fleurs,bn_in,Bengali,south_asia,1969,18.3,16000,CC-BY 4.0,https://huggingface.co/datasets/google/fleurs,experiments/audio_full/bn_in_1969.wav
google/fleurs,bn_in,Bengali,south_asia,1798,14.52,16000,CC-BY 4.0,https://huggingface.co/datasets/google/fleurs,experiments/audio_full/bn_in_1798.wav
google/fleurs,bn_in,Bengali,south_asia,1838,7.44,16000,CC-BY 4.0,https://huggingface.co/datasets/google/fleurs,experiments/audio_full/bn_in_1838.wav
google/fleurs,bn_in,Bengali,south_asia,1847,20.52,16000,CC-BY 4.0,https://huggingface.co/datasets/google/fleurs,experiments/audio_full/bn_in_1847.wav
google/fleurs,bn_in,Bengali,south_asia,1877,19.02,16000,CC-BY 4.0,https://huggingface.co/datasets/google/fleurs,experiments/audio_full/bn_in_1877.wav
google/fleurs,bn_in,Bengali,south_asia,1876,10.56,16000,CC-BY 4.0,https://huggingface.co/datasets/google/fleurs,experiments/audio_full/bn_in_1876.wav
google/fleurs,bn_in,Bengali,south_asia,1709,11.58,16000,CC-BY 4.0,https://huggingface.co/datasets/google/fleurs,experiments/audio_full/bn_in_1709.wav
google/fleurs,bn_in,Bengali,south_asia,1673,14.52,16000,CC-BY 4.0,https://huggingface.co/datasets/google/fleurs,experiments/audio_full/bn_in_1673.wav
google/fleurs,bn_in,Bengali,south_asia,1938,16.26,16000,CC-BY 4.0,https://huggingface.co/datasets/google/fleurs,experiments/audio_full/bn_in_1938.wav
google/fleurs,bn_in,Bengali,south_asia,1894,6.84,16000,CC-BY 4.0,https://huggingface.co/datasets/google/fleurs,experiments/audio_full/bn_in_1894.wav
google/fleurs,bn_in,Bengali,south_asia,1995,17.28,16000,CC-BY 4.0,https://huggingface.co/datasets/google/fleurs,experiments/audio_full/bn_in_1995.wav
google/fleurs,bn_in,Bengali,south_asia,1873,12.0,16000,CC-BY 4.0,https://huggingface.co/datasets/google/fleurs,experiments/audio_full/bn_in_1873.wav
google/fleurs,bn_in,Bengali,south_asia,1687,10.74,16000,CC-BY 4.0,https://huggingface.co/datasets/google/fleurs,experiments/audio_full/bn_in_1687.wav
google/fleurs,bn_in,Bengali,south_asia,1759,20.7,16000,CC-BY 4.0,https://huggingface.co/datasets/google/fleurs,experiments/audio_full/bn_in_1759.wav
google/fleurs,bn_in,Bengali,south_asia,1932,24.9,16000,CC-BY 4.0,https://huggingface.co/datasets/google/fleurs,experiments/audio_full/bn_in_1932.wav
google/fleurs,bn_in,Bengali,south_asia,1791,7.86,16000,CC-BY 4.0,https://huggingface.co/datasets/google/fleurs,experiments/audio_full/bn_in_1791.wav
google/fleurs,bn_in,Bengali,south_asia,1952,14.7,16000,CC-BY 4.0,https://huggingface.co/datasets/google/fleurs,experiments/audio_full/bn_in_1952.wav
google/fleurs,bn_in,Bengali,south_asia,1838,7.68,16000,CC-BY 4.0,https://huggingface.co/datasets/google/fleurs,experiments/audio_full/bn_in_1838.wav
google/fleurs,bn_in,Bengali,south_asia,1790,14.76,16000,CC-BY 4.0,https://huggingface.co/datasets/google/fleurs,experiments/audio_full/bn_in_1790.wav
google/fleurs,bn_in,Bengali,south_asia,1754,10.5,16000,CC-BY 4.0,https://huggingface.co/datasets/google/fleurs,experiments/audio_full/bn_in_1754.wav
google/fleurs,bn_in,Bengali,south_asia,1856,12.96,16000,CC-BY 4.0,https://huggingface.co/datasets/google/fleurs,experiments/audio_full/bn_in_1856.wav
google/fleurs,bn_in,Bengali,south_asia,1952,12.18,16000,CC-BY 4.0,https://huggingface.co/datasets/google/fleurs,experiments/audio_full/bn_in_1952.wav
google/fleurs,bn_in,Bengali,south_asia,1945,9.84,16000,CC-BY 4.0,https://huggingface.co/datasets/google/fleurs,experiments/audio_full/bn_in_1945.wav
google/fleurs,bn_in,Bengali,south_asia,1822,15.06,16000,CC-BY 4.0,https://huggingface.co/datasets/google/fleurs,experiments/audio_full/bn_in_1822.wav
google/fleurs,bn_in,Bengali,south_asia,1963,12.48,16000,CC-BY 4.0,https://huggingface.co/datasets/google/fleurs,experiments/audio_full/bn_in_1963.wav
google/fleurs,bn_in,Bengali,south_asia,1828,7.38,16000,CC-BY 4.0,https://huggingface.co/datasets/google/fleurs,experiments/audio_full/bn_in_1828.wav
google/fleurs,bn_in,Bengali,south_asia,1991,10.92,16000,CC-BY 4.0,https://huggingface.co/datasets/google/fleurs,experiments/audio_full/bn_in_1991.wav
google/fleurs,bn_in,Bengali,south_asia,1819,12.9,16000,CC-BY 4.0,https://huggingface.co/datasets/google/fleurs,experiments/audio_full/bn_in_1819.wav
google/fleurs,bn_in,Bengali,south_asia,1689,18.42,16000,CC-BY 4.0,https://huggingface.co/datasets/google/fleurs,experiments/audio_full/bn_in_1689.wav
google/fleurs,bn_in,Bengali,south_asia,1942,9.48,16000,CC-BY 4.0,https://huggingface.co/datasets/google/fleurs,experiments/audio_full/bn_in_1942.wav
google/fleurs,bn_in,Bengali,south_asia,1862,18.48,16000,CC-BY 4.0,https://huggingface.co/datasets/google/fleurs,experiments/audio_full/bn_in_1862.wav
google/fleurs,bn_in,Bengali,south_asia,2005,9.3,16000,CC-BY 4.0,https://huggingface.co/datasets/google/fleurs,experiments/audio_full/bn_in_2005.wav
google/fleurs,bn_in,Bengali,south_asia,1825,12.0,16000,CC-BY 4.0,https://huggingface.co/datasets/google/fleurs,experiments/audio_full/bn_in_1825.wav
google/fleurs,bn_in,Bengali,south_asia,1978,12.48,16000,CC-BY 4.0,https://huggingface.co/datasets/google/fleurs,experiments/audio_full/bn_in_1978.wav
google/fleurs,bn_in,Bengali,south_asia,1748,9.9,16000,CC-BY 4.0,https://huggingface.co/datasets/google/fleurs,experiments/audio_full/bn_in_1748.wav
google/fleurs,bn_in,Bengali,south_asia,1752,13.44,16000,CC-BY 4.0,https://huggingface.co/datasets/google/fleurs,experiments/audio_full/bn_in_1752.wav
google/fleurs,bn_in,Bengali,south_asia,1980,13.14,16000,CC-BY 4.0,https://huggingface.co/datasets/google/fleurs,experiments/audio_full/bn_in_1980.wav
google/fleurs,bn_in,Bengali,south_asia,1971,12.96,16000,CC-BY 4.0,https://huggingface.co/datasets/google/fleurs,experiments/audio_full/bn_in_1971.wav
google/fleurs,bn_in,Bengali,south_asia,1663,17.4,16000,CC-BY 4.0,https://huggingface.co/datasets/google/fleurs,experiments/audio_full/bn_in_1663.wav
google/fleurs,bn_in,Bengali,south_asia,1694,10.98,16000,CC-BY 4.0,https://huggingface.co/datasets/google/fleurs,experiments/audio_full/bn_in_1694.wav
google/fleurs,bn_in,Bengali,south_asia,1863,14.46,16000,CC-BY 4.0,https://huggingface.co/datasets/google/fleurs,experiments/audio_full/bn_in_1863.wav
google/fleurs,bn_in,Bengali,south_asia,1916,13.74,16000,CC-BY 4.0,https://huggingface.co/datasets/google/fleurs,experiments/audio_full/bn_in_1916.wav
google/fleurs,bn_in,Bengali,south_asia,1939,15.18,16000,CC-BY 4.0,https://huggingface.co/datasets/google/fleurs,experiments/audio_full/bn_in_1939.wav
google/fleurs,bn_in,Bengali,south_asia,1923,18.84,16000,CC-BY 4.0,https://huggingface.co/datasets/google/fleurs,experiments/audio_full/bn_in_1923.wav
google/fleurs,bn_in,Bengali,south_asia,1802,8.7,16000,CC-BY 4.0,https://huggingface.co/datasets/google/fleurs,experiments/audio_full/bn_in_1802.wav
google/fleurs,bn_in,Bengali,south_asia,1789,18.96,16000,CC-BY 4.0,https://huggingface.co/datasets/google/fleurs,experiments/audio_full/bn_in_1789.wav
google/fleurs,bn_in,Bengali,south_asia,1840,12.3,16000,CC-BY 4.0,https://huggingface.co/datasets/google/fleurs,experiments/audio_full/bn_in_1840.wav
google/fleurs,bn_in,Bengali,south_asia,1761,14.52,16000,CC-BY 4.0,https://huggingface.co/datasets/google/fleurs,experiments/audio_full/bn_in_1761.wav
google/fleurs,bn_in,Bengali,south_asia,1781,6.6,16000,CC-BY 4.0,https://huggingface.co/datasets/google/fleurs,experiments/audio_full/bn_in_1781.wav
google/fleurs,bn_in,Bengali,south_asia,1699,13.56,16000,CC-BY 4.0,https://huggingface.co/datasets/google/fleurs,experiments/audio_full/bn_in_1699.wav
google/fleurs,bn_in,Bengali,south_asia,1903,12.84,16000,CC-BY 4.0,https://huggingface.co/datasets/google/fleurs,experiments/audio_full/bn_in_1903.wav
google/fleurs,bn_in,Bengali,south_asia,1990,16.92,16000,CC-BY 4.0,https://huggingface.co/datasets/google/fleurs,experiments/audio_full/bn_in_1990.wav
google/fleurs,bn_in,Bengali,south_asia,1721,9.0,16000,CC-BY 4.0,https://huggingface.co/datasets/google/fleurs,experiments/audio_full/bn_in_1721.wav
google/fleurs,bn_in,Bengali,south_asia,1974,8.52,16000,CC-BY 4.0,https://huggingface.co/datasets/google/fleurs,experiments/audio_full/bn_in_1974.wav
google/fleurs,bn_in,Bengali,south_asia,1923,21.6,16000,CC-BY 4.0,https://huggingface.co/datasets/google/fleurs,experiments/audio_full/bn_in_1923.wav
google/fleurs,bn_in,Bengali,south_asia,1765,13.32,16000,CC-BY 4.0,https://huggingface.co/datasets/google/fleurs,experiments/audio_full/bn_in_1765.wav
google/fleurs,bn_in,Bengali,south_asia,1974,7.62,16000,CC-BY 4.0,https://huggingface.co/datasets/google/fleurs,experiments/audio_full/bn_in_1974.wav
google/fleurs,bn_in,Bengali,south_asia,1769,14.22,16000,CC-BY 4.0,https://huggingface.co/datasets/google/fleurs,experiments/audio_full/bn_in_1769.wav
google/fleurs,bn_in,Bengali,south_asia,1767,8.94,16000,CC-BY 4.0,https://huggingface.co/datasets/google/fleurs,experiments/audio_full/bn_in_1767.wav
google/fleurs,bn_in,Bengali,south_asia,1874,14.04,16000,CC-BY 4.0,https://huggingface.co/datasets/google/fleurs,experiments/audio_full/bn_in_1874.wav
google/fleurs,bn_in,Bengali,south_asia,1682,29.88,16000,CC-BY 4.0,https://huggingface.co/datasets/google/fleurs,experiments/audio_full/bn_in_1682.wav
google/fleurs,bn_in,Bengali,south_asia,1901,20.22,16000,CC-BY 4.0,https://huggingface.co/datasets/google/fleurs,experiments/audio_full/bn_in_1901.wav
google/fleurs,bn_in,Bengali,south_asia,1805,9.6,16000,CC-BY 4.0,https://huggingface.co/datasets/google/fleurs,experiments/audio_full/bn_in_1805.wav
google/fleurs,bn_in,Bengali,south_asia,1771,11.52,16000,CC-BY 4.0,https://huggingface.co/datasets/google/fleurs,experiments/audio_full/bn_in_1771.wav
google/fleurs,bn_in,Bengali,south_asia,1860,7.68,16000,CC-BY 4.0,https://huggingface.co/datasets/google/fleurs,experiments/audio_full/bn_in_1860.wav
google/fleurs,bn_in,Bengali,south_asia,1924,17.16,16000,CC-BY 4.0,https://huggingface.co/datasets/google/fleurs,experiments/audio_full/bn_in_1924.wav
google/fleurs,bn_in,Bengali,south_asia,1725,17.64,16000,CC-BY 4.0,https://huggingface.co/datasets/google/fleurs,experiments/audio_full/bn_in_1725.wav
google/fleurs,bn_in,Bengali,south_asia,1769,13.68,16000,CC-BY 4.0,https://huggingface.co/datasets/google/fleurs,experiments/audio_full/bn_in_1769.wav
google/fleurs,bn_in,Bengali,south_asia,1929,14.34,16000,CC-BY 4.0,https://huggingface.co/datasets/google/fleurs,experiments/audio_full/bn_in_1929.wav
google/fleurs,bn_in,Bengali,south_asia,1896,24.3,16000,CC-BY 4.0,https://huggingface.co/datasets/google/fleurs,experiments/audio_full/bn_in_1896.wav
google/fleurs,bn_in,Bengali,south_asia,1826,11.4,16000,CC-BY 4.0,https://huggingface.co/datasets/google/fleurs,experiments/audio_full/bn_in_1826.wav
google/fleurs,bn_in,Bengali,south_asia,1710,12.9,16000,CC-BY 4.0,https://huggingface.co/datasets/google/fleurs,experiments/audio_full/bn_in_1710.wav
google/fleurs,bn_in,Bengali,south_asia,1736,9.12,16000,CC-BY 4.0,https://huggingface.co/datasets/google/fleurs,experiments/audio_full/bn_in_1736.wav
google/fleurs,bn_in,Bengali,south_asia,1733,24.0,16000,CC-BY 4.0,https://huggingface.co/datasets/google/fleurs,experiments/audio_full/bn_in_1733.wav
google/fleurs,bn_in,Bengali,south_asia,1674,7.68,16000,CC-BY 4.0,https://huggingface.co/datasets/google/fleurs,experiments/audio_full/bn_in_1674.wav
google/fleurs,bn_in,Bengali,south_asia,1942,8.7,16000,CC-BY 4.0,https://huggingface.co/datasets/google/fleurs,experiments/audio_full/bn_in_1942.wav
google/fleurs,bn_in,Bengali,south_asia,1990,14.1,16000,CC-BY 4.0,https://huggingface.co/datasets/google/fleurs,experiments/audio_full/bn_in_1990.wav
google/fleurs,bn_in,Bengali,south_asia,1958,12.06,16000,CC-BY 4.0,https://huggingface.co/datasets/google/fleurs,experiments/audio_full/bn_in_1958.wav
google/fleurs,bn_in,Bengali,south_asia,1891,11.1,16000,CC-BY 4.0,https://huggingface.co/datasets/google/fleurs,experiments/audio_full/bn_in_1891.wav
google/fleurs,bn_in,Bengali,south_asia,1785,23.16,16000,CC-BY 4.0,https://huggingface.co/datasets/google/fleurs,experiments/audio_full/bn_in_1785.wav
google/fleurs,bn_in,Bengali,south_asia,1709,10.5,16000,CC-BY 4.0,https://huggingface.co/datasets/google/fleurs,experiments/audio_full/bn_in_1709.wav
google/fleurs,bn_in,Bengali,south_asia,1762,6.48,16000,CC-BY 4.0,https://huggingface.co/datasets/google/fleurs,experiments/audio_full/bn_in_1762.wav
google/fleurs,bn_in,Bengali,south_asia,1869,17.34,16000,CC-BY 4.0,https://huggingface.co/datasets/google/fleurs,experiments/audio_full/bn_in_1869.wav
google/fleurs,bn_in,Bengali,south_asia,1757,12.3,16000,CC-BY 4.0,https://huggingface.co/datasets/google/fleurs,experiments/audio_full/bn_in_1757.wav
google/fleurs,bn_in,Bengali,south_asia,1691,15.66,16000,CC-BY 4.0,https://huggingface.co/datasets/google/fleurs,experiments/audio_full/bn_in_1691.wav
google/fleurs,bn_in,Bengali,south_asia,1949,10.56,16000,CC-BY 4.0,https://huggingface.co/datasets/google/fleurs,experiments/audio_full/bn_in_1949.wav
google/fleurs,bn_in,Bengali,south_asia,1684,11.46,16000,CC-BY 4.0,https://huggingface.co/datasets/google/fleurs,experiments/audio_full/bn_in_1684.wav
google/fleurs,bn_in,Bengali,south_asia,1978,8.58,16000,CC-BY 4.0,https://huggingface.co/datasets/google/fleurs,experiments/audio_full/bn_in_1978.wav
google/fleurs,bn_in,Bengali,south_asia,2002,13.92,16000,CC-BY 4.0,https://huggingface.co/datasets/google/fleurs,experiments/audio_full/bn_in_2002.wav
google/fleurs,bn_in,Bengali,south_asia,2002,10.62,16000,CC-BY 4.0,https://huggingface.co/datasets/google/fleurs,experiments/audio_full/bn_in_2002.wav
google/fleurs,bn_in,Bengali,south_asia,1901,14.04,16000,CC-BY 4.0,https://huggingface.co/datasets/google/fleurs,experiments/audio_full/bn_in_1901.wav
google/fleurs,bn_in,Bengali,south_asia,1884,13.44,16000,CC-BY 4.0,https://huggingface.co/datasets/google/fleurs,experiments/audio_full/bn_in_1884.wav
google/fleurs,bn_in,Bengali,south_asia,2003,15.0,16000,CC-BY 4.0,https://huggingface.co/datasets/google/fleurs,experiments/audio_full/bn_in_2003.wav
google/fleurs,bn_in,Bengali,south_asia,1671,19.56,16000,CC-BY 4.0,https://huggingface.co/datasets/google/fleurs,experiments/audio_full/bn_in_1671.wav
google/fleurs,bn_in,Bengali,south_asia,1753,20.34,16000,CC-BY 4.0,https://huggingface.co/datasets/google/fleurs,experiments/audio_full/bn_in_1753.wav
google/fleurs,bn_in,Bengali,south_asia,1965,11.4,16000,CC-BY 4.0,https://huggingface.co/datasets/google/fleurs,experiments/audio_full/bn_in_1965.wav
google/fleurs,bn_in,Bengali,south_asia,1933,13.56,16000,CC-BY 4.0,https://huggingface.co/datasets/google/fleurs,experiments/audio_full/bn_in_1933.wav
google/fleurs,bn_in,Bengali,south_asia,1865,11.64,16000,CC-BY 4.0,https://huggingface.co/datasets/google/fleurs,experiments/audio_full/bn_in_1865.wav
google/fleurs,bn_in,Bengali,south_asia,1925,13.74,16000,CC-BY 4.0,https://huggingface.co/datasets/google/fleurs,experiments/audio_full/bn_in_1925.wav
google/fleurs,bn_in,Bengali,south_asia,1695,17.16,16000,CC-BY 4.0,https://huggingface.co/datasets/google/fleurs,experiments/audio_full/bn_in_1695.wav
google/fleurs,bn_in,Bengali,south_asia,1817,8.4,16000,CC-BY 4.0,https://huggingface.co/datasets/google/fleurs,experiments/audio_full/bn_in_1817.wav
google/fleurs,bn_in,Bengali,south_asia,1735,31.62,16000,CC-BY 4.0,https://huggingface.co/datasets/google/fleurs,experiments/audio_full/bn_in_1735.wav
google/fleurs,bn_in,Bengali,south_asia,1992,12.72,16000,CC-BY 4.0,https://huggingface.co/datasets/google/fleurs,experiments/audio_full/bn_in_1992.wav
google/fleurs,bn_in,Bengali,south_asia,1682,24.3,16000,CC-BY 4.0,https://huggingface.co/datasets/google/fleurs,experiments/audio_full/bn_in_1682.wav
google/fleurs,bn_in,Bengali,south_asia,1729,20.82,16000,CC-BY 4.0,https://huggingface.co/datasets/google/fleurs,experiments/audio_full/bn_in_1729.wav
google/fleurs,bn_in,Bengali,south_asia,1714,14.82,16000,CC-BY 4.0,https://huggingface.co/datasets/google/fleurs,experiments/audio_full/bn_in_1714.wav
google/fleurs,bn_in,Bengali,south_asia,1944,14.52,16000,CC-BY 4.0,https://huggingface.co/datasets/google/fleurs,experiments/audio_full/bn_in_1944.wav
google/fleurs,bn_in,Bengali,south_asia,1878,17.22,16000,CC-BY 4.0,https://huggingface.co/datasets/google/fleurs,experiments/audio_full/bn_in_1878.wav
google/fleurs,bn_in,Bengali,south_asia,1668,11.28,16000,CC-BY 4.0,https://huggingface.co/datasets/google/fleurs,experiments/audio_full/bn_in_1668.wav
google/fleurs,bn_in,Bengali,south_asia,1882,14.16,16000,CC-BY 4.0,https://huggingface.co/datasets/google/fleurs,experiments/audio_full/bn_in_1882.wav
google/fleurs,bn_in,Bengali,south_asia,1921,8.16,16000,CC-BY 4.0,https://huggingface.co/datasets/google/fleurs,experiments/audio_full/bn_in_1921.wav
google/fleurs,bn_in,Bengali,south_asia,1932,32.7,16000,CC-BY 4.0,https://huggingface.co/datasets/google/fleurs,experiments/audio_full/bn_in_1932.wav
google/fleurs,bn_in,Bengali,south_asia,1709,12.78,16000,CC-BY 4.0,https://huggingface.co/datasets/google/fleurs,experiments/audio_full/bn_in_1709.wav
google/fleurs,bn_in,Bengali,south_asia,1765,11.76,16000,CC-BY 4.0,https://huggingface.co/datasets/google/fleurs,experiments/audio_full/bn_in_1765.wav
google/fleurs,bn_in,Bengali,south_asia,2008,17.88,16000,CC-BY 4.0,https://huggingface.co/datasets/google/fleurs,experiments/audio_full/bn_in_2008.wav
google/fleurs,bn_in,Bengali,south_asia,1727,11.52,16000,CC-BY 4.0,https://huggingface.co/datasets/google/fleurs,experiments/audio_full/bn_in_1727.wav
google/fleurs,bn_in,Bengali,south_asia,1905,8.34,16000,CC-BY 4.0,https://huggingface.co/datasets/google/fleurs,experiments/audio_full/bn_in_1905.wav
google/fleurs,bn_in,Bengali,south_asia,1977,11.34,16000,CC-BY 4.0,https://huggingface.co/datasets/google/fleurs,experiments/audio_full/bn_in_1977.wav
google/fleurs,bn_in,Bengali,south_asia,1871,6.96,16000,CC-BY 4.0,https://huggingface.co/datasets/google/fleurs,experiments/audio_full/bn_in_1871.wav
google/fleurs,bn_in,Bengali,south_asia,1889,8.76,16000,CC-BY 4.0,https://huggingface.co/datasets/google/fleurs,experiments/audio_full/bn_in_1889.wav
google/fleurs,bn_in,Bengali,south_asia,1982,9.6,16000,CC-BY 4.0,https://huggingface.co/datasets/google/fleurs,experiments/audio_full/bn_in_1982.wav
google/fleurs,bn_in,Bengali,south_asia,1926,8.28,16000,CC-BY 4.0,https://huggingface.co/datasets/google/fleurs,experiments/audio_full/bn_in_1926.wav
google/fleurs,bn_in,Bengali,south_asia,1852,34.56,16000,CC-BY 4.0,https://huggingface.co/datasets/google/fleurs,experiments/audio_full/bn_in_1852.wav
google/fleurs,bn_in,Bengali,south_asia,1962,10.8,16000,CC-BY 4.0,https://huggingface.co/datasets/google/fleurs,experiments/audio_full/bn_in_1962.wav
google/fleurs,bn_in,Bengali,south_asia,1759,25.68,16000,CC-BY 4.0,https://huggingface.co/datasets/google/fleurs,experiments/audio_full/bn_in_1759.wav
google/fleurs,bn_in,Bengali,south_asia,2000,17.4,16000,CC-BY 4.0,https://huggingface.co/datasets/google/fleurs,experiments/audio_full/bn_in_2000.wav
google/fleurs,bn_in,Bengali,south_asia,2008,18.6,16000,CC-BY 4.0,https://huggingface.co/datasets/google/fleurs,experiments/audio_full/bn_in_2008.wav
google/fleurs,bn_in,Bengali,south_asia,1796,13.62,16000,CC-BY 4.0,https://huggingface.co/datasets/google/fleurs,experiments/audio_full/bn_in_1796.wav
google/fleurs,bn_in,Bengali,south_asia,1879,11.88,16000,CC-BY 4.0,https://huggingface.co/datasets/google/fleurs,experiments/audio_full/bn_in_1879.wav
google/fleurs,bn_in,Bengali,south_asia,1941,8.4,16000,CC-BY 4.0,https://huggingface.co/datasets/google/fleurs,experiments/audio_full/bn_in_1941.wav
google/fleurs,bn_in,Bengali,south_asia,1819,11.28,16000,CC-BY 4.0,https://huggingface.co/datasets/google/fleurs,experiments/audio_full/bn_in_1819.wav
google/fleurs,bn_in,Bengali,south_asia,1799,9.78,16000,CC-BY 4.0,https://huggingface.co/datasets/google/fleurs,experiments/audio_full/bn_in_1799.wav
google/fleurs,bn_in,Bengali,south_asia,1875,7.32,16000,CC-BY 4.0,https://huggingface.co/datasets/google/fleurs,experiments/audio_full/bn_in_1875.wav
google/fleurs,bn_in,Bengali,south_asia,1834,12.96,16000,CC-BY 4.0,https://huggingface.co/datasets/google/fleurs,experiments/audio_full/bn_in_1834.wav
google/fleurs,bn_in,Bengali,south_asia,1904,8.34,16000,CC-BY 4.0,https://huggingface.co/datasets/google/fleurs,experiments/audio_full/bn_in_1904.wav
google/fleurs,bn_in,Bengali,south_asia,1953,9.24,16000,CC-BY 4.0,https://huggingface.co/datasets/google/fleurs,experiments/audio_full/bn_in_1953.wav
google/fleurs,bn_in,Bengali,south_asia,1726,16.32,16000,CC-BY 4.0,https://huggingface.co/datasets/google/fleurs,experiments/audio_full/bn_in_1726.wav
google/fleurs,bn_in,Bengali,south_asia,1966,9.54,16000,CC-BY 4.0,https://huggingface.co/datasets/google/fleurs,experiments/audio_full/bn_in_1966.wav
google/fleurs,bn_in,Bengali,south_asia,1930,8.64,16000,CC-BY 4.0,https://huggingface.co/datasets/google/fleurs,experiments/audio_full/bn_in_1930.wav
google/fleurs,bn_in,Bengali,south_asia,1860,7.56,16000,CC-BY 4.0,https://huggingface.co/datasets/google/fleurs,experiments/audio_full/bn_in_1860.wav
google/fleurs,bn_in,Bengali,south_asia,1811,15.12,16000,CC-BY 4.0,https://huggingface.co/datasets/google/fleurs,experiments/audio_full/bn_in_1811.wav
google/fleurs,bn_in,Bengali,south_asia,1768,10.5,16000,CC-BY 4.0,https://huggingface.co/datasets/google/fleurs,experiments/audio_full/bn_in_1768.wav
google/fleurs,bn_in,Bengali,south_asia,1662,13.2,16000,CC-BY 4.0,https://huggingface.co/datasets/google/fleurs,experiments/audio_full/bn_in_1662.wav
google/fleurs,bn_in,Bengali,south_asia,2004,9.48,16000,CC-BY 4.0,https://huggingface.co/datasets/google/fleurs,experiments/audio_full/bn_in_2004.wav
google/fleurs,bn_in,Bengali,south_asia,1660,13.26,16000,CC-BY 4.0,https://huggingface.co/datasets/google/fleurs,experiments/audio_full/bn_in_1660.wav
google/fleurs,bn_in,Bengali,south_asia,1998,8.22,16000,CC-BY 4.0,https://huggingface.co/datasets/google/fleurs,experiments/audio_full/bn_in_1998.wav
google/fleurs,bn_in,Bengali,south_asia,1802,8.76,16000,CC-BY 4.0,https://huggingface.co/datasets/google/fleurs,experiments/audio_full/bn_in_1802.wav
google/fleurs,bn_in,Bengali,south_asia,1778,7.2,16000,CC-BY 4.0,https://huggingface.co/datasets/google/fleurs,experiments/audio_full/bn_in_1778.wav
google/fleurs,bn_in,Bengali,south_asia,1947,9.48,16000,CC-BY 4.0,https://huggingface.co/datasets/google/fleurs,experiments/audio_full/bn_in_1947.wav
google/fleurs,bn_in,Bengali,south_asia,1680,15.3,16000,CC-BY 4.0,https://huggingface.co/datasets/google/fleurs,experiments/audio_full/bn_in_1680.wav
google/fleurs,bn_in,Bengali,south_asia,1944,12.24,16000,CC-BY 4.0,https://huggingface.co/datasets/google/fleurs,experiments/audio_full/bn_in_1944.wav
google/fleurs,bn_in,Bengali,south_asia,1889,7.62,16000,CC-BY 4.0,https://huggingface.co/datasets/google/fleurs,experiments/audio_full/bn_in_1889.wav
google/fleurs,bn_in,Bengali,south_asia,1852,32.76,16000,CC-BY 4.0,https://huggingface.co/datasets/google/fleurs,experiments/audio_full/bn_in_1852.wav
google/fleurs,bn_in,Bengali,south_asia,1912,11.16,16000,CC-BY 4.0,https://huggingface.co/datasets/google/fleurs,experiments/audio_full/bn_in_1912.wav
google/fleurs,bn_in,Bengali,south_asia,1832,12.36,16000,CC-BY 4.0,https://huggingface.co/datasets/google/fleurs,experiments/audio_full/bn_in_1832.wav
google/fleurs,bn_in,Bengali,south_asia,1933,11.4,16000,CC-BY 4.0,https://huggingface.co/datasets/google/fleurs,experiments/audio_full/bn_in_1933.wav
google/fleurs,bn_in,Bengali,south_asia,1667,21.9,16000,CC-BY 4.0,https://huggingface.co/datasets/google/fleurs,experiments/audio_full/bn_in_1667.wav
google/fleurs,bn_in,Bengali,south_asia,1710,12.78,16000,CC-BY 4.0,https://huggingface.co/datasets/google/fleurs,experiments/audio_full/bn_in_1710.wav
google/fleurs,bn_in,Bengali,south_asia,1750,5.88,16000,CC-BY 4.0,https://huggingface.co/datasets/google/fleurs,experiments/audio_full/bn_in_1750.wav
google/fleurs,bn_in,Bengali,south_asia,1905,11.16,16000,CC-BY 4.0,https://huggingface.co/datasets/google/fleurs,experiments/audio_full/bn_in_1905.wav
google/fleurs,bn_in,Bengali,south_asia,1891,10.38,16000,CC-BY 4.0,https://huggingface.co/datasets/google/fleurs,experiments/audio_full/bn_in_1891.wav
google/fleurs,bn_in,Bengali,south_asia,1867,11.4,16000,CC-BY 4.0,https://huggingface.co/datasets/google/fleurs,experiments/audio_full/bn_in_1867.wav
google/fleurs,bn_in,Bengali,south_asia,1960,23.4,16000,CC-BY 4.0,https://huggingface.co/datasets/google/fleurs,experiments/audio_full/bn_in_1960.wav
google/fleurs,bn_in,Bengali,south_asia,1826,10.92,16000,CC-BY 4.0,https://huggingface.co/datasets/google/fleurs,experiments/audio_full/bn_in_1826.wav
google/fleurs,bn_in,Bengali,south_asia,1923,16.14,16000,CC-BY 4.0,https://huggingface.co/datasets/google/fleurs,experiments/audio_full/bn_in_1923.wav
google/fleurs,bn_in,Bengali,south_asia,1818,10.92,16000,CC-BY 4.0,https://huggingface.co/datasets/google/fleurs,experiments/audio_full/bn_in_1818.wav
google/fleurs,bn_in,Bengali,south_asia,2003,13.08,16000,CC-BY 4.0,https://huggingface.co/datasets/google/fleurs,experiments/audio_full/bn_in_2003.wav
google/fleurs,bn_in,Bengali,south_asia,1977,9.6,16000,CC-BY 4.0,https://huggingface.co/datasets/google/fleurs,experiments/audio_full/bn_in_1977.wav
google/fleurs,bn_in,Bengali,south_asia,1965,12.96,16000,CC-BY 4.0,https://huggingface.co/datasets/google/fleurs,experiments/audio_full/bn_in_1965.wav
google/fleurs,bn_in,Bengali,south_asia,1751,21.54,16000,CC-BY 4.0,https://huggingface.co/datasets/google/fleurs,experiments/audio_full/bn_in_1751.wav
google/fleurs,bn_in,Bengali,south_asia,1824,23.1,16000,CC-BY 4.0,https://huggingface.co/datasets/google/fleurs,experiments/audio_full/bn_in_1824.wav
google/fleurs,bn_in,Bengali,south_asia,1972,8.22,16000,CC-BY 4.0,https://huggingface.co/datasets/google/fleurs,experiments/audio_full/bn_in_1972.wav
google/fleurs,bn_in,Bengali,south_asia,1808,8.4,16000,CC-BY 4.0,https://huggingface.co/datasets/google/fleurs,experiments/audio_full/bn_in_1808.wav
google/fleurs,bn_in,Bengali,south_asia,1728,9.72,16000,CC-BY 4.0,https://huggingface.co/datasets/google/fleurs,experiments/audio_full/bn_in_1728.wav
google/fleurs,bn_in,Bengali,south_asia,1892,20.52,16000,CC-BY 4.0,https://huggingface.co/datasets/google/fleurs,experiments/audio_full/bn_in_1892.wav
google/fleurs,bn_in,Bengali,south_asia,1981,12.06,16000,CC-BY 4.0,https://huggingface.co/datasets/google/fleurs,experiments/audio_full/bn_in_1981.wav
google/fleurs,bn_in,Bengali,south_asia,1967,18.12,16000,CC-BY 4.0,https://huggingface.co/datasets/google/fleurs,experiments/audio_full/bn_in_1967.wav
google/fleurs,bn_in,Bengali,south_asia,1781,10.2,16000,CC-BY 4.0,https://huggingface.co/datasets/google/fleurs,experiments/audio_full/bn_in_1781.wav
google/fleurs,bn_in,Bengali,south_asia,1791,8.4,16000,CC-BY 4.0,https://huggingface.co/datasets/google/fleurs,experiments/audio_full/bn_in_1791.wav
google/fleurs,bn_in,Bengali,south_asia,1698,10.86,16000,CC-BY 4.0,https://huggingface.co/datasets/google/fleurs,experiments/audio_full/bn_in_1698.wav
google/fleurs,bn_in,Bengali,south_asia,1672,10.74,16000,CC-BY 4.0,https://huggingface.co/datasets/google/fleurs,experiments/audio_full/bn_in_1672.wav
google/fleurs,bn_in,Bengali,south_asia,1911,19.32,16000,CC-BY 4.0,https://huggingface.co/datasets/google/fleurs,experiments/audio_full/bn_in_1911.wav
google/fleurs,bn_in,Bengali,south_asia,1921,11.58,16000,CC-BY 4.0,https://huggingface.co/datasets/google/fleurs,experiments/audio_full/bn_in_1921.wav
google/fleurs,bn_in,Bengali,south_asia,1661,11.52,16000,CC-BY 4.0,https://huggingface.co/datasets/google/fleurs,experiments/audio_full/bn_in_1661.wav
google/fleurs,bn_in,Bengali,south_asia,1992,10.86,16000,CC-BY 4.0,https://huggingface.co/datasets/google/fleurs,experiments/audio_full/bn_in_1992.wav
google/fleurs,bn_in,Bengali,south_asia,1898,15.9,16000,CC-BY 4.0,https://huggingface.co/datasets/google/fleurs,experiments/audio_full/bn_in_1898.wav
google/fleurs,bn_in,Bengali,south_asia,1755,5.4,16000,CC-BY 4.0,https://huggingface.co/datasets/google/fleurs,experiments/audio_full/bn_in_1755.wav
google/fleurs,bn_in,Bengali,south_asia,1816,14.22,16000,CC-BY 4.0,https://huggingface.co/datasets/google/fleurs,experiments/audio_full/bn_in_1816.wav
google/fleurs,bn_in,Bengali,south_asia,1989,17.64,16000,CC-BY 4.0,https://huggingface.co/datasets/google/fleurs,experiments/audio_full/bn_in_1989.wav
google/fleurs,bn_in,Bengali,south_asia,1820,9.6,16000,CC-BY 4.0,https://huggingface.co/datasets/google/fleurs,experiments/audio_full/bn_in_1820.wav
google/fleurs,bn_in,Bengali,south_asia,1692,10.2,16000,CC-BY 4.0,https://huggingface.co/datasets/google/fleurs,experiments/audio_full/bn_in_1692.wav
google/fleurs,bn_in,Bengali,south_asia,1767,10.98,16000,CC-BY 4.0,https://huggingface.co/datasets/google/fleurs,experiments/audio_full/bn_in_1767.wav
google/fleurs,bn_in,Bengali,south_asia,1718,13.62,16000,CC-BY 4.0,https://huggingface.co/datasets/google/fleurs,experiments/audio_full/bn_in_1718.wav
google/fleurs,bn_in,Bengali,south_asia,1930,7.56,16000,CC-BY 4.0,https://huggingface.co/datasets/google/fleurs,experiments/audio_full/bn_in_1930.wav
google/fleurs,bn_in,Bengali,south_asia,1786,19.14,16000,CC-BY 4.0,https://huggingface.co/datasets/google/fleurs,experiments/audio_full/bn_in_1786.wav
google/fleurs,bn_in,Bengali,south_asia,1971,15.54,16000,CC-BY 4.0,https://huggingface.co/datasets/google/fleurs,experiments/audio_full/bn_in_1971.wav
google/fleurs,bn_in,Bengali,south_asia,1734,18.9,16000,CC-BY 4.0,https://huggingface.co/datasets/google/fleurs,experiments/audio_full/bn_in_1734.wav
google/fleurs,bn_in,Bengali,south_asia,1751,23.88,16000,CC-BY 4.0,https://huggingface.co/datasets/google/fleurs,experiments/audio_full/bn_in_1751.wav
google/fleurs,bn_in,Bengali,south_asia,1770,9.12,16000,CC-BY 4.0,https://huggingface.co/datasets/google/fleurs,experiments/audio_full/bn_in_1770.wav
google/fleurs,bn_in,Bengali,south_asia,1745,13.08,16000,CC-BY 4.0,https://huggingface.co/datasets/google/fleurs,experiments/audio_full/bn_in_1745.wav
google/fleurs,bn_in,Bengali,south_asia,1689,19.32,16000,CC-BY 4.0,https://huggingface.co/datasets/google/fleurs,experiments/audio_full/bn_in_1689.wav
google/fleurs,bn_in,Bengali,south_asia,1693,12.12,16000,CC-BY 4.0,https://huggingface.co/datasets/google/fleurs,experiments/audio_full/bn_in_1693.wav
google/fleurs,bn_in,Bengali,south_asia,1975,9.9,16000,CC-BY 4.0,https://huggingface.co/datasets/google/fleurs,experiments/audio_full/bn_in_1975.wav
google/fleurs,bn_in,Bengali,south_asia,1982,11.94,16000,CC-BY 4.0,https://huggingface.co/datasets/google/fleurs,experiments/audio_full/bn_in_1982.wav
google/fleurs,bn_in,Bengali,south_asia,1858,13.2,16000,CC-BY 4.0,https://huggingface.co/datasets/google/fleurs,experiments/audio_full/bn_in_1858.wav
google/fleurs,bn_in,Bengali,south_asia,1906,8.94,16000,CC-BY 4.0,https://huggingface.co/datasets/google/fleurs,experiments/audio_full/bn_in_1906.wav
google/fleurs,bn_in,Bengali,south_asia,1898,13.38,16000,CC-BY 4.0,https://huggingface.co/datasets/google/fleurs,experiments/audio_full/bn_in_1898.wav
google/fleurs,bn_in,Bengali,south_asia,1988,11.7,16000,CC-BY 4.0,https://huggingface.co/datasets/google/fleurs,experiments/audio_full/bn_in_1988.wav
google/fleurs,bn_in,Bengali,south_asia,1662,8.88,16000,CC-BY 4.0,https://huggingface.co/datasets/google/fleurs,experiments/audio_full/bn_in_1662.wav
google/fleurs,bn_in,Bengali,south_asia,1951,13.68,16000,CC-BY 4.0,https://huggingface.co/datasets/google/fleurs,experiments/audio_full/bn_in_1951.wav
google/fleurs,bn_in,Bengali,south_asia,1848,16.26,16000,CC-BY 4.0,https://huggingface.co/datasets/google/fleurs,experiments/audio_full/bn_in_1848.wav
google/fleurs,bn_in,Bengali,south_asia,1973,19.8,16000,CC-BY 4.0,https://huggingface.co/datasets/google/fleurs,experiments/audio_full/bn_in_1973.wav
google/fleurs,bn_in,Bengali,south_asia,1952,10.62,16000,CC-BY 4.0,https://huggingface.co/datasets/google/fleurs,experiments/audio_full/bn_in_1952.wav
google/fleurs,bn_in,Bengali,south_asia,1769,12.06,16000,CC-BY 4.0,https://huggingface.co/datasets/google/fleurs,experiments/audio_full/bn_in_1769.wav
google/fleurs,bn_in,Bengali,south_asia,1900,13.26,16000,CC-BY 4.0,https://huggingface.co/datasets/google/fleurs,experiments/audio_full/bn_in_1900.wav
google/fleurs,bn_in,Bengali,south_asia,1675,13.68,16000,CC-BY 4.0,https://huggingface.co/datasets/google/fleurs,experiments/audio_full/bn_in_1675.wav
google/fleurs,bn_in,Bengali,south_asia,1788,17.58,16000,CC-BY 4.0,https://huggingface.co/datasets/google/fleurs,experiments/audio_full/bn_in_1788.wav
google/fleurs,bn_in,Bengali,south_asia,1701,10.44,16000,CC-BY 4.0,https://huggingface.co/datasets/google/fleurs,experiments/audio_full/bn_in_1701.wav
google/fleurs,bn_in,Bengali,south_asia,1881,9.48,16000,CC-BY 4.0,https://huggingface.co/datasets/google/fleurs,experiments/audio_full/bn_in_1881.wav
google/fleurs,bn_in,Bengali,south_asia,1828,9.42,16000,CC-BY 4.0,https://huggingface.co/datasets/google/fleurs,experiments/audio_full/bn_in_1828.wav
google/fleurs,bn_in,Bengali,south_asia,1871,7.08,16000,CC-BY 4.0,https://huggingface.co/datasets/google/fleurs,experiments/audio_full/bn_in_1871.wav
google/fleurs,bn_in,Bengali,south_asia,1941,8.28,16000,CC-BY 4.0,https://huggingface.co/datasets/google/fleurs,experiments/audio_full/bn_in_1941.wav
google/fleurs,bn_in,Bengali,south_asia,1665,12.66,16000,CC-BY 4.0,https://huggingface.co/datasets/google/fleurs,experiments/audio_full/bn_in_1665.wav
google/fleurs,bn_in,Bengali,south_asia,1687,10.44,16000,CC-BY 4.0,https://huggingface.co/datasets/google/fleurs,experiments/audio_full/bn_in_1687.wav
google/fleurs,bn_in,Bengali,south_asia,1954,17.82,16000,CC-BY 4.0,https://huggingface.co/datasets/google/fleurs,experiments/audio_full/bn_in_1954.wav
google/fleurs,bn_in,Bengali,south_asia,1720,12.3,16000,CC-BY 4.0,https://huggingface.co/datasets/google/fleurs,experiments/audio_full/bn_in_1720.wav
google/fleurs,bn_in,Bengali,south_asia,1955,11.28,16000,CC-BY 4.0,https://huggingface.co/datasets/google/fleurs,experiments/audio_full/bn_in_1955.wav
google/fleurs,bn_in,Bengali,south_asia,1836,19.56,16000,CC-BY 4.0,https://huggingface.co/datasets/google/fleurs,experiments/audio_full/bn_in_1836.wav
google/fleurs,bn_in,Bengali,south_asia,1772,5.04,16000,CC-BY 4.0,https://huggingface.co/datasets/google/fleurs,experiments/audio_full/bn_in_1772.wav
google/fleurs,bn_in,Bengali,south_asia,1840,14.16,16000,CC-BY 4.0,https://huggingface.co/datasets/google/fleurs,experiments/audio_full/bn_in_1840.wav
google/fleurs,bn_in,Bengali,south_asia,1693,10.92,16000,CC-BY 4.0,https://huggingface.co/datasets/google/fleurs,experiments/audio_full/bn_in_1693.wav
google/fleurs,bn_in,Bengali,south_asia,1943,13.68,16000,CC-BY 4.0,https://huggingface.co/datasets/google/fleurs,experiments/audio_full/bn_in_1943.wav
google/fleurs,bn_in,Bengali,south_asia,1954,18.24,16000,CC-BY 4.0,https://huggingface.co/datasets/google/fleurs,experiments/audio_full/bn_in_1954.wav
google/fleurs,bn_in,Bengali,south_asia,1748,9.6,16000,CC-BY 4.0,https://huggingface.co/datasets/google/fleurs,experiments/audio_full/bn_in_1748.wav
google/fleurs,bn_in,Bengali,south_asia,1849,15.6,16000,CC-BY 4.0,https://huggingface.co/datasets/google/fleurs,experiments/audio_full/bn_in_1849.wav
google/fleurs,bn_in,Bengali,south_asia,1820,10.2,16000,CC-BY 4.0,https://huggingface.co/datasets/google/fleurs,experiments/audio_full/bn_in_1820.wav
google/fleurs,bn_in,Bengali,south_asia,1763,13.26,16000,CC-BY 4.0,https://huggingface.co/datasets/google/fleurs,experiments/audio_full/bn_in_1763.wav
google/fleurs,bn_in,Bengali,south_asia,1979,13.74,16000,CC-BY 4.0,https://huggingface.co/datasets/google/fleurs,experiments/audio_full/bn_in_1979.wav
google/fleurs,bn_in,Bengali,south_asia,1949,9.96,16000,CC-BY 4.0,https://huggingface.co/datasets/google/fleurs,experiments/audio_full/bn_in_1949.wav
google/fleurs,bn_in,Bengali,south_asia,1787,11.52,16000,CC-BY 4.0,https://huggingface.co/datasets/google/fleurs,experiments/audio_full/bn_in_1787.wav
google/fleurs,bn_in,Bengali,south_asia,1670,30.66,16000,CC-BY 4.0,https://huggingface.co/datasets/google/fleurs,experiments/audio_full/bn_in_1670.wav
google/fleurs,bn_in,Bengali,south_asia,1893,14.28,16000,CC-BY 4.0,https://huggingface.co/datasets/google/fleurs,experiments/audio_full/bn_in_1893.wav
google/fleurs,bn_in,Bengali,south_asia,1977,9.96,16000,CC-BY 4.0,https://huggingface.co/datasets/google/fleurs,experiments/audio_full/bn_in_1977.wav
google/fleurs,bn_in,Bengali,south_asia,1671,19.32,16000,CC-BY 4.0,https://huggingface.co/datasets/google/fleurs,experiments/audio_full/bn_in_1671.wav
google/fleurs,bn_in,Bengali,south_asia,1872,18.06,16000,CC-BY 4.0,https://huggingface.co/datasets/google/fleurs,experiments/audio_full/bn_in_1872.wav
google/fleurs,bn_in,Bengali,south_asia,1867,14.76,16000,CC-BY 4.0,https://huggingface.co/datasets/google/fleurs,experiments/audio_full/bn_in_1867.wav
google/fleurs,bn_in,Bengali,south_asia,1735,29.46,16000,CC-BY 4.0,https://huggingface.co/datasets/google/fleurs,experiments/audio_full/bn_in_1735.wav
google/fleurs,bn_in,Bengali,south_asia,1745,14.04,16000,CC-BY 4.0,https://huggingface.co/datasets/google/fleurs,experiments/audio_full/bn_in_1745.wav
google/fleurs,bn_in,Bengali,south_asia,1927,16.62,16000,CC-BY 4.0,https://huggingface.co/datasets/google/fleurs,experiments/audio_full/bn_in_1927.wav
google/fleurs,bn_in,Bengali,south_asia,1782,19.14,16000,CC-BY 4.0,https://huggingface.co/datasets/google/fleurs,experiments/audio_full/bn_in_1782.wav
google/fleurs,bn_in,Bengali,south_asia,1827,11.58,16000,CC-BY 4.0,https://huggingface.co/datasets/google/fleurs,experiments/audio_full/bn_in_1827.wav
google/fleurs,bn_in,Bengali,south_asia,1945,7.08,16000,CC-BY 4.0,https://huggingface.co/datasets/google/fleurs,experiments/audio_full/bn_in_1945.wav
google/fleurs,bn_in,Bengali,south_asia,1701,10.08,16000,CC-BY 4.0,https://huggingface.co/datasets/google/fleurs,experiments/audio_full/bn_in_1701.wav
google/fleurs,bn_in,Bengali,south_asia,1858,13.92,16000,CC-BY 4.0,https://huggingface.co/datasets/google/fleurs,experiments/audio_full/bn_in_1858.wav
google/fleurs,bn_in,Bengali,south_asia,1752,12.96,16000,CC-BY 4.0,https://huggingface.co/datasets/google/fleurs,experiments/audio_full/bn_in_1752.wav
google/fleurs,bn_in,Bengali,south_asia,1920,10.98,16000,CC-BY 4.0,https://huggingface.co/datasets/google/fleurs,experiments/audio_full/bn_in_1920.wav
google/fleurs,bn_in,Bengali,south_asia,1731,9.36,16000,CC-BY 4.0,https://huggingface.co/datasets/google/fleurs,experiments/audio_full/bn_in_1731.wav
google/fleurs,bn_in,Bengali,south_asia,1801,15.06,16000,CC-BY 4.0,https://huggingface.co/datasets/google/fleurs,experiments/audio_full/bn_in_1801.wav
google/fleurs,bn_in,Bengali,south_asia,1830,13.32,16000,CC-BY 4.0,https://huggingface.co/datasets/google/fleurs,experiments/audio_full/bn_in_1830.wav
google/fleurs,bn_in,Bengali,south_asia,1775,13.32,16000,CC-BY 4.0,https://huggingface.co/datasets/google/fleurs,experiments/audio_full/bn_in_1775.wav
google/fleurs,bn_in,Bengali,south_asia,1945,9.48,16000,CC-BY 4.0,https://huggingface.co/datasets/google/fleurs,experiments/audio_full/bn_in_1945.wav
google/fleurs,bn_in,Bengali,south_asia,2009,19.68,16000,CC-BY 4.0,https://huggingface.co/datasets/google/fleurs,experiments/audio_full/bn_in_2009.wav
google/fleurs,bn_in,Bengali,south_asia,1981,11.76,16000,CC-BY 4.0,https://huggingface.co/datasets/google/fleurs,experiments/audio_full/bn_in_1981.wav
google/fleurs,bn_in,Bengali,south_asia,1976,11.64,16000,CC-BY 4.0,https://huggingface.co/datasets/google/fleurs,experiments/audio_full/bn_in_1976.wav
google/fleurs,bn_in,Bengali,south_asia,1996,15.06,16000,CC-BY 4.0,https://huggingface.co/datasets/google/fleurs,experiments/audio_full/bn_in_1996.wav
google/fleurs,bn_in,Bengali,south_asia,1891,9.48,16000,CC-BY 4.0,https://huggingface.co/datasets/google/fleurs,experiments/audio_full/bn_in_1891.wav
google/fleurs,bn_in,Bengali,south_asia,1920,15.0,16000,CC-BY 4.0,https://huggingface.co/datasets/google/fleurs,experiments/audio_full/bn_in_1920.wav
google/fleurs,bn_in,Bengali,south_asia,2001,13.56,16000,CC-BY 4.0,https://huggingface.co/datasets/google/fleurs,experiments/audio_full/bn_in_2001.wav
google/fleurs,bn_in,Bengali,south_asia,1715,19.68,16000,CC-BY 4.0,https://huggingface.co/datasets/google/fleurs,experiments/audio_full/bn_in_1715.wav
google/fleurs,bn_in,Bengali,south_asia,1975,12.24,16000,CC-BY 4.0,https://huggingface.co/datasets/google/fleurs,experiments/audio_full/bn_in_1975.wav
google/fleurs,bn_in,Bengali,south_asia,1702,14.28,16000,CC-BY 4.0,https://huggingface.co/datasets/google/fleurs,experiments/audio_full/bn_in_1702.wav
google/fleurs,bn_in,Bengali,south_asia,1991,11.64,16000,CC-BY 4.0,https://huggingface.co/datasets/google/fleurs,experiments/audio_full/bn_in_1991.wav
google/fleurs,bn_in,Bengali,south_asia,1842,21.78,16000,CC-BY 4.0,https://huggingface.co/datasets/google/fleurs,experiments/audio_full/bn_in_1842.wav
google/fleurs,bn_in,Bengali,south_asia,1839,4.26,16000,CC-BY 4.0,https://huggingface.co/datasets/google/fleurs,experiments/audio_full/bn_in_1839.wav
google/fleurs,bn_in,Bengali,south_asia,1839,6.48,16000,CC-BY 4.0,https://huggingface.co/datasets/google/fleurs,experiments/audio_full/bn_in_1839.wav
google/fleurs,bn_in,Bengali,south_asia,1683,19.32,16000,CC-BY 4.0,https://huggingface.co/datasets/google/fleurs,experiments/audio_full/bn_in_1683.wav
google/fleurs,bn_in,Bengali,south_asia,1711,17.1,16000,CC-BY 4.0,https://huggingface.co/datasets/google/fleurs,experiments/audio_full/bn_in_1711.wav
google/fleurs,bn_in,Bengali,south_asia,1851,9.18,16000,CC-BY 4.0,https://huggingface.co/datasets/google/fleurs,experiments/audio_full/bn_in_1851.wav
google/fleurs,bn_in,Bengali,south_asia,1815,10.92,16000,CC-BY 4.0,https://huggingface.co/datasets/google/fleurs,experiments/audio_full/bn_in_1815.wav
google/fleurs,bn_in,Bengali,south_asia,1875,9.42,16000,CC-BY 4.0,https://huggingface.co/datasets/google/fleurs,experiments/audio_full/bn_in_1875.wav
google/fleurs,bn_in,Bengali,south_asia,1883,15.6,16000,CC-BY 4.0,https://huggingface.co/datasets/google/fleurs,experiments/audio_full/bn_in_1883.wav
google/fleurs,bn_in,Bengali,south_asia,1706,16.56,16000,CC-BY 4.0,https://huggingface.co/datasets/google/fleurs,experiments/audio_full/bn_in_1706.wav
google/fleurs,bn_in,Bengali,south_asia,1766,11.1,16000,CC-BY 4.0,https://huggingface.co/datasets/google/fleurs,experiments/audio_full/bn_in_1766.wav
google/fleurs,bn_in,Bengali,south_asia,1694,11.64,16000,CC-BY 4.0,https://huggingface.co/datasets/google/fleurs,experiments/audio_full/bn_in_1694.wav
google/fleurs,bn_in,Bengali,south_asia,1766,12.66,16000,CC-BY 4.0,https://huggingface.co/datasets/google/fleurs,experiments/audio_full/bn_in_1766.wav
google/fleurs,bn_in,Bengali,south_asia,1854,9.3,16000,CC-BY 4.0,https://huggingface.co/datasets/google/fleurs,experiments/audio_full/bn_in_1854.wav
google/fleurs,bn_in,Bengali,south_asia,1795,24.72,16000,CC-BY 4.0,https://huggingface.co/datasets/google/fleurs,experiments/audio_full/bn_in_1795.wav
google/fleurs,bn_in,Bengali,south_asia,1678,13.08,16000,CC-BY 4.0,https://huggingface.co/datasets/google/fleurs,experiments/audio_full/bn_in_1678.wav
google/fleurs,bn_in,Bengali,south_asia,1664,11.82,16000,CC-BY 4.0,https://huggingface.co/datasets/google/fleurs,experiments/audio_full/bn_in_1664.wav
google/fleurs,bn_in,Bengali,south_asia,1837,12.24,16000,CC-BY 4.0,https://huggingface.co/datasets/google/fleurs,experiments/audio_full/bn_in_1837.wav
google/fleurs,bn_in,Bengali,south_asia,1681,23.34,16000,CC-BY 4.0,https://huggingface.co/datasets/google/fleurs,experiments/audio_full/bn_in_1681.wav
google/fleurs,bn_in,Bengali,south_asia,1917,8.7,16000,CC-BY 4.0,https://huggingface.co/datasets/google/fleurs,experiments/audio_full/bn_in_1917.wav
google/fleurs,bn_in,Bengali,south_asia,1930,9.66,16000,CC-BY 4.0,https://huggingface.co/datasets/google/fleurs,experiments/audio_full/bn_in_1930.wav
google/fleurs,bn_in,Bengali,south_asia,1689,16.98,16000,CC-BY 4.0,https://huggingface.co/datasets/google/fleurs,experiments/audio_full/bn_in_1689.wav
google/fleurs,bn_in,Bengali,south_asia,1718,14.22,16000,CC-BY 4.0,https://huggingface.co/datasets/google/fleurs,experiments/audio_full/bn_in_1718.wav
google/fleurs,bn_in,Bengali,south_asia,1914,12.72,16000,CC-BY 4.0,https://huggingface.co/datasets/google/fleurs,experiments/audio_full/bn_in_1914.wav
google/fleurs,bn_in,Bengali,south_asia,1831,18.42,16000,CC-BY 4.0,https://huggingface.co/datasets/google/fleurs,experiments/audio_full/bn_in_1831.wav
google/fleurs,bn_in,Bengali,south_asia,1749,20.04,16000,CC-BY 4.0,https://huggingface.co/datasets/google/fleurs,experiments/audio_full/bn_in_1749.wav
google/fleurs,bn_in,Bengali,south_asia,1739,11.58,16000,CC-BY 4.0,https://huggingface.co/datasets/google/fleurs,experiments/audio_full/bn_in_1739.wav
google/fleurs,bn_in,Bengali,south_asia,1836,19.38,16000,CC-BY 4.0,https://huggingface.co/datasets/google/fleurs,experiments/audio_full/bn_in_1836.wav
google/fleurs,bn_in,Bengali,south_asia,1716,29.82,16000,CC-BY 4.0,https://huggingface.co/datasets/google/fleurs,experiments/audio_full/bn_in_1716.wav
google/fleurs,bn_in,Bengali,south_asia,2000,14.82,16000,CC-BY 4.0,https://huggingface.co/datasets/google/fleurs,experiments/audio_full/bn_in_2000.wav
google/fleurs,bn_in,Bengali,south_asia,1814,16.32,16000,CC-BY 4.0,https://huggingface.co/datasets/google/fleurs,experiments/audio_full/bn_in_1814.wav
google/fleurs,bn_in,Bengali,south_asia,1925,11.46,16000,CC-BY 4.0,https://huggingface.co/datasets/google/fleurs,experiments/audio_full/bn_in_1925.wav
google/fleurs,bn_in,Bengali,south_asia,1783,14.28,16000,CC-BY 4.0,https://huggingface.co/datasets/google/fleurs,experiments/audio_full/bn_in_1783.wav
google/fleurs,bn_in,Bengali,south_asia,1851,9.9,16000,CC-BY 4.0,https://huggingface.co/datasets/google/fleurs,experiments/audio_full/bn_in_1851.wav
google/fleurs,bn_in,Bengali,south_asia,1668,12.66,16000,CC-BY 4.0,https://huggingface.co/datasets/google/fleurs,experiments/audio_full/bn_in_1668.wav
google/fleurs,bn_in,Bengali,south_asia,1743,19.62,16000,CC-BY 4.0,https://huggingface.co/datasets/google/fleurs,experiments/audio_full/bn_in_1743.wav
google/fleurs,bn_in,Bengali,south_asia,1884,10.5,16000,CC-BY 4.0,https://huggingface.co/datasets/google/fleurs,experiments/audio_full/bn_in_1884.wav
google/fleurs,bn_in,Bengali,south_asia,1955,12.36,16000,CC-BY 4.0,https://huggingface.co/datasets/google/fleurs,experiments/audio_full/bn_in_1955.wav
google/fleurs,bn_in,Bengali,south_asia,2007,11.1,16000,CC-BY 4.0,https://huggingface.co/datasets/google/fleurs,experiments/audio_full/bn_in_2007.wav
google/fleurs,bn_in,Bengali,south_asia,1754,9.72,16000,CC-BY 4.0,https://huggingface.co/datasets/google/fleurs,experiments/audio_full/bn_in_1754.wav
google/fleurs,bn_in,Bengali,south_asia,1956,7.92,16000,CC-BY 4.0,https://huggingface.co/datasets/google/fleurs,experiments/audio_full/bn_in_1956.wav
google/fleurs,bn_in,Bengali,south_asia,1685,18.54,16000,CC-BY 4.0,https://huggingface.co/datasets/google/fleurs,experiments/audio_full/bn_in_1685.wav
google/fleurs,bn_in,Bengali,south_asia,1712,19.2,16000,CC-BY 4.0,https://huggingface.co/datasets/google/fleurs,experiments/audio_full/bn_in_1712.wav
google/fleurs,bn_in,Bengali,south_asia,1845,11.1,16000,CC-BY 4.0,https://huggingface.co/datasets/google/fleurs,experiments/audio_full/bn_in_1845.wav
google/fleurs,bn_in,Bengali,south_asia,1686,14.4,16000,CC-BY 4.0,https://huggingface.co/datasets/google/fleurs,experiments/audio_full/bn_in_1686.wav
google/fleurs,bn_in,Bengali,south_asia,1680,15.72,16000,CC-BY 4.0,https://huggingface.co/datasets/google/fleurs,experiments/audio_full/bn_in_1680.wav
google/fleurs,bn_in,Bengali,south_asia,1837,13.44,16000,CC-BY 4.0,https://huggingface.co/datasets/google/fleurs,experiments/audio_full/bn_in_1837.wav
google/fleurs,bn_in,Bengali,south_asia,2000,14.04,16000,CC-BY 4.0,https://huggingface.co/datasets/google/fleurs,experiments/audio_full/bn_in_2000.wav
google/fleurs,bn_in,Bengali,south_asia,1953,7.2,16000,CC-BY 4.0,https://huggingface.co/datasets/google/fleurs,experiments/audio_full/bn_in_1953.wav
google/fleurs,bn_in,Bengali,south_asia,1745,9.0,16000,CC-BY 4.0,https://huggingface.co/datasets/google/fleurs,experiments/audio_full/bn_in_1745.wav
google/fleurs,bn_in,Bengali,south_asia,1934,13.44,16000,CC-BY 4.0,https://huggingface.co/datasets/google/fleurs,experiments/audio_full/bn_in_1934.wav
google/fleurs,bn_in,Bengali,south_asia,1698,11.22,16000,CC-BY 4.0,https://huggingface.co/datasets/google/fleurs,experiments/audio_full/bn_in_1698.wav
google/fleurs,bn_in,Bengali,south_asia,1937,33.84,16000,CC-BY 4.0,https://huggingface.co/datasets/google/fleurs,experiments/audio_full/bn_in_1937.wav
google/fleurs,bn_in,Bengali,south_asia,1975,9.6,16000,CC-BY 4.0,https://huggingface.co/datasets/google/fleurs,experiments/audio_full/bn_in_1975.wav
google/fleurs,bn_in,Bengali,south_asia,1903,16.8,16000,CC-BY 4.0,https://huggingface.co/datasets/google/fleurs,experiments/audio_full/bn_in_1903.wav
google/fleurs,bn_in,Bengali,south_asia,1797,10.8,16000,CC-BY 4.0,https://huggingface.co/datasets/google/fleurs,experiments/audio_full/bn_in_1797.wav
google/fleurs,bn_in,Bengali,south_asia,1941,7.14,16000,CC-BY 4.0,https://huggingface.co/datasets/google/fleurs,experiments/audio_full/bn_in_1941.wav
google/fleurs,bn_in,Bengali,south_asia,1956,12.24,16000,CC-BY 4.0,https://huggingface.co/datasets/google/fleurs,experiments/audio_full/bn_in_1956.wav
google/fleurs,bn_in,Bengali,south_asia,2002,12.0,16000,CC-BY 4.0,https://huggingface.co/datasets/google/fleurs,experiments/audio_full/bn_in_2002.wav
google/fleurs,bn_in,Bengali,south_asia,1918,15.18,16000,CC-BY 4.0,https://huggingface.co/datasets/google/fleurs,experiments/audio_full/bn_in_1918.wav
google/fleurs,bn_in,Bengali,south_asia,1814,15.42,16000,CC-BY 4.0,https://huggingface.co/datasets/google/fleurs,experiments/audio_full/bn_in_1814.wav
google/fleurs,bn_in,Bengali,south_asia,1826,8.46,16000,CC-BY 4.0,https://huggingface.co/datasets/google/fleurs,experiments/audio_full/bn_in_1826.wav
google/fleurs,bn_in,Bengali,south_asia,1915,14.76,16000,CC-BY 4.0,https://huggingface.co/datasets/google/fleurs,experiments/audio_full/bn_in_1915.wav
google/fleurs,bn_in,Bengali,south_asia,1679,7.2,16000,CC-BY 4.0,https://huggingface.co/datasets/google/fleurs,experiments/audio_full/bn_in_1679.wav
google/fleurs,bn_in,Bengali,south_asia,1799,9.78,16000,CC-BY 4.0,https://huggingface.co/datasets/google/fleurs,experiments/audio_full/bn_in_1799.wav
google/fleurs,bn_in,Bengali,south_asia,1995,14.04,16000,CC-BY 4.0,https://huggingface.co/datasets/google/fleurs,experiments/audio_full/bn_in_1995.wav
google/fleurs,bn_in,Bengali,south_asia,1968,19.32,16000,CC-BY 4.0,https://huggingface.co/datasets/google/fleurs,experiments/audio_full/bn_in_1968.wav
google/fleurs,bn_in,Bengali,south_asia,1685,15.12,16000,CC-BY 4.0,https://huggingface.co/datasets/google/fleurs,experiments/audio_full/bn_in_1685.wav
google/fleurs,bn_in,Bengali,south_asia,1818,9.0,16000,CC-BY 4.0,https://huggingface.co/datasets/google/fleurs,experiments/audio_full/bn_in_1818.wav
google/fleurs,bn_in,Bengali,south_asia,1719,11.76,16000,CC-BY 4.0,https://huggingface.co/datasets/google/fleurs,experiments/audio_full/bn_in_1719.wav
google/fleurs,bn_in,Bengali,south_asia,1848,11.7,16000,CC-BY 4.0,https://huggingface.co/datasets/google/fleurs,experiments/audio_full/bn_in_1848.wav
google/fleurs,bn_in,Bengali,south_asia,1999,14.22,16000,CC-BY 4.0,https://huggingface.co/datasets/google/fleurs,experiments/audio_full/bn_in_1999.wav
google/fleurs,bn_in,Bengali,south_asia,1964,18.12,16000,CC-BY 4.0,https://huggingface.co/datasets/google/fleurs,experiments/audio_full/bn_in_1964.wav
google/fleurs,bn_in,Bengali,south_asia,1897,10.5,16000,CC-BY 4.0,https://huggingface.co/datasets/google/fleurs,experiments/audio_full/bn_in_1897.wav
google/fleurs,bn_in,Bengali,south_asia,1720,13.02,16000,CC-BY 4.0,https://huggingface.co/datasets/google/fleurs,experiments/audio_full/bn_in_1720.wav
google/fleurs,bn_in,Bengali,south_asia,1831,14.28,16000,CC-BY 4.0,https://huggingface.co/datasets/google/fleurs,experiments/audio_full/bn_in_1831.wav
google/fleurs,bn_in,Bengali,south_asia,1696,10.62,16000,CC-BY 4.0,https://huggingface.co/datasets/google/fleurs,experiments/audio_full/bn_in_1696.wav
google/fleurs,bn_in,Bengali,south_asia,1815,9.9,16000,CC-BY 4.0,https://huggingface.co/datasets/google/fleurs,experiments/audio_full/bn_in_1815.wav
google/fleurs,bn_in,Bengali,south_asia,1997,21.84,16000,CC-BY 4.0,https://huggingface.co/datasets/google/fleurs,experiments/audio_full/bn_in_1997.wav
google/fleurs,bn_in,Bengali,south_asia,1749,18.12,16000,CC-BY 4.0,https://huggingface.co/datasets/google/fleurs,experiments/audio_full/bn_in_1749.wav
google/fleurs,bn_in,Bengali,south_asia,1881,11.16,16000,CC-BY 4.0,https://huggingface.co/datasets/google/fleurs,experiments/audio_full/bn_in_1881.wav
google/fleurs,bn_in,Bengali,south_asia,1951,14.1,16000,CC-BY 4.0,https://huggingface.co/datasets/google/fleurs,experiments/audio_full/bn_in_1951.wav
google/fleurs,bn_in,Bengali,south_asia,1898,18.36,16000,CC-BY 4.0,https://huggingface.co/datasets/google/fleurs,experiments/audio_full/bn_in_1898.wav
google/fleurs,bn_in,Bengali,south_asia,1984,16.32,16000,CC-BY 4.0,https://huggingface.co/datasets/google/fleurs,experiments/audio_full/bn_in_1984.wav
google/fleurs,bn_in,Bengali,south_asia,1993,12.72,16000,CC-BY 4.0,https://huggingface.co/datasets/google/fleurs,experiments/audio_full/bn_in_1993.wav
google/fleurs,bn_in,Bengali,south_asia,1905,10.68,16000,CC-BY 4.0,https://huggingface.co/datasets/google/fleurs,experiments/audio_full/bn_in_1905.wav
google/fleurs,bn_in,Bengali,south_asia,2007,11.7,16000,CC-BY 4.0,https://huggingface.co/datasets/google/fleurs,experiments/audio_full/bn_in_2007.wav
google/fleurs,bn_in,Bengali,south_asia,1960,18.0,16000,CC-BY 4.0,https://huggingface.co/datasets/google/fleurs,experiments/audio_full/bn_in_1960.wav
google/fleurs,bn_in,Bengali,south_asia,1735,32.58,16000,CC-BY 4.0,https://huggingface.co/datasets/google/fleurs,experiments/audio_full/bn_in_1735.wav
google/fleurs,bn_in,Bengali,south_asia,1897,7.8,16000,CC-BY 4.0,https://huggingface.co/datasets/google/fleurs,experiments/audio_full/bn_in_1897.wav
google/fleurs,bn_in,Bengali,south_asia,1900,12.18,16000,CC-BY 4.0,https://huggingface.co/datasets/google/fleurs,experiments/audio_full/bn_in_1900.wav
google/fleurs,bn_in,Bengali,south_asia,1857,15.3,16000,CC-BY 4.0,https://huggingface.co/datasets/google/fleurs,experiments/audio_full/bn_in_1857.wav
google/fleurs,bn_in,Bengali,south_asia,1910,5.64,16000,CC-BY 4.0,https://huggingface.co/datasets/google/fleurs,experiments/audio_full/bn_in_1910.wav
google/fleurs,bn_in,Bengali,south_asia,1741,10.32,16000,CC-BY 4.0,https://huggingface.co/datasets/google/fleurs,experiments/audio_full/bn_in_1741.wav
google/fleurs,bn_in,Bengali,south_asia,1849,14.4,16000,CC-BY 4.0,https://huggingface.co/datasets/google/fleurs,experiments/audio_full/bn_in_1849.wav
google/fleurs,bn_in,Bengali,south_asia,1859,16.62,16000,CC-BY 4.0,https://huggingface.co/datasets/google/fleurs,experiments/audio_full/bn_in_1859.wav
google/fleurs,bn_in,Bengali,south_asia,1705,10.38,16000,CC-BY 4.0,https://huggingface.co/datasets/google/fleurs,experiments/audio_full/bn_in_1705.wav
google/fleurs,bn_in,Bengali,south_asia,1742,11.76,16000,CC-BY 4.0,https://huggingface.co/datasets/google/fleurs,experiments/audio_full/bn_in_1742.wav
google/fleurs,bn_in,Bengali,south_asia,1674,9.0,16000,CC-BY 4.0,https://huggingface.co/datasets/google/fleurs,experiments/audio_full/bn_in_1674.wav
google/fleurs,bn_in,Bengali,south_asia,1972,7.2,16000,CC-BY 4.0,https://huggingface.co/datasets/google/fleurs,experiments/audio_full/bn_in_1972.wav
google/fleurs,bn_in,Bengali,south_asia,1895,13.26,16000,CC-BY 4.0,https://huggingface.co/datasets/google/fleurs,experiments/audio_full/bn_in_1895.wav
google/fleurs,bn_in,Bengali,south_asia,1877,21.36,16000,CC-BY 4.0,https://huggingface.co/datasets/google/fleurs,experiments/audio_full/bn_in_1877.wav
google/fleurs,bn_in,Bengali,south_asia,1835,18.84,16000,CC-BY 4.0,https://huggingface.co/datasets/google/fleurs,experiments/audio_full/bn_in_1835.wav
google/fleurs,bn_in,Bengali,south_asia,1921,8.52,16000,CC-BY 4.0,https://huggingface.co/datasets/google/fleurs,experiments/audio_full/bn_in_1921.wav
google/fleurs,bn_in,Bengali,south_asia,1961,20.4,16000,CC-BY 4.0,https://huggingface.co/datasets/google/fleurs,experiments/audio_full/bn_in_1961.wav
google/fleurs,bn_in,Bengali,south_asia,1835,16.98,16000,CC-BY 4.0,https://huggingface.co/datasets/google/fleurs,experiments/audio_full/bn_in_1835.wav
google/fleurs,bn_in,Bengali,south_asia,1968,15.48,16000,CC-BY 4.0,https://huggingface.co/datasets/google/fleurs,experiments/audio_full/bn_in_1968.wav
google/fleurs,bn_in,Bengali,south_asia,1983,21.12,16000,CC-BY 4.0,https://huggingface.co/datasets/google/fleurs,experiments/audio_full/bn_in_1983.wav
google/fleurs,bn_in,Bengali,south_asia,1926,6.78,16000,CC-BY 4.0,https://huggingface.co/datasets/google/fleurs,experiments/audio_full/bn_in_1926.wav
google/fleurs,bn_in,Bengali,south_asia,1988,8.7,16000,CC-BY 4.0,https://huggingface.co/datasets/google/fleurs,experiments/audio_full/bn_in_1988.wav
google/fleurs,bn_in,Bengali,south_asia,1819,15.9,16000,CC-BY 4.0,https://huggingface.co/datasets/google/fleurs,experiments/audio_full/bn_in_1819.wav
google/fleurs,bn_in,Bengali,south_asia,1966,8.88,16000,CC-BY 4.0,https://huggingface.co/datasets/google/fleurs,experiments/audio_full/bn_in_1966.wav
google/fleurs,bn_in,Bengali,south_asia,1926,6.84,16000,CC-BY 4.0,https://huggingface.co/datasets/google/fleurs,experiments/audio_full/bn_in_1926.wav
google/fleurs,bn_in,Bengali,south_asia,1925,12.66,16000,CC-BY 4.0,https://huggingface.co/datasets/google/fleurs,experiments/audio_full/bn_in_1925.wav
google/fleurs,bn_in,Bengali,south_asia,1756,15.96,16000,CC-BY 4.0,https://huggingface.co/datasets/google/fleurs,experiments/audio_full/bn_in_1756.wav
google/fleurs,bn_in,Bengali,south_asia,1677,11.52,16000,CC-BY 4.0,https://huggingface.co/datasets/google/fleurs,experiments/audio_full/bn_in_1677.wav
google/fleurs,bn_in,Bengali,south_asia,1903,16.62,16000,CC-BY 4.0,https://huggingface.co/datasets/google/fleurs,experiments/audio_full/bn_in_1903.wav
google/fleurs,bn_in,Bengali,south_asia,1760,8.04,16000,CC-BY 4.0,https://huggingface.co/datasets/google/fleurs,experiments/audio_full/bn_in_1760.wav
google/fleurs,bn_in,Bengali,south_asia,1685,17.58,16000,CC-BY 4.0,https://huggingface.co/datasets/google/fleurs,experiments/audio_full/bn_in_1685.wav
google/fleurs,bn_in,Bengali,south_asia,1697,10.2,16000,CC-BY 4.0,https://huggingface.co/datasets/google/fleurs,experiments/audio_full/bn_in_1697.wav
google/fleurs,bn_in,Bengali,south_asia,1714,12.78,16000,CC-BY 4.0,https://huggingface.co/datasets/google/fleurs,experiments/audio_full/bn_in_1714.wav
google/fleurs,bn_in,Bengali,south_asia,1907,9.48,16000,CC-BY 4.0,https://huggingface.co/datasets/google/fleurs,experiments/audio_full/bn_in_1907.wav
google/fleurs,bn_in,Bengali,south_asia,1861,13.08,16000,CC-BY 4.0,https://huggingface.co/datasets/google/fleurs,experiments/audio_full/bn_in_1861.wav
google/fleurs,bn_in,Bengali,south_asia,1885,10.98,16000,CC-BY 4.0,https://huggingface.co/datasets/google/fleurs,experiments/audio_full/bn_in_1885.wav
google/fleurs,bn_in,Bengali,south_asia,1859,18.78,16000,CC-BY 4.0,https://huggingface.co/datasets/google/fleurs,experiments/audio_full/bn_in_1859.wav
google/fleurs,bn_in,Bengali,south_asia,1686,15.84,16000,CC-BY 4.0,https://huggingface.co/datasets/google/fleurs,experiments/audio_full/bn_in_1686.wav
google/fleurs,ta_in,Tamil,south_asia,1792,7.8,16000,CC-BY 4.0,https://huggingface.co/datasets/google/fleurs,experiments/audio_full/ta_in_1792.wav
google/fleurs,ta_in,Tamil,south_asia,1891,6.96,16000,CC-BY 4.0,https://huggingface.co/datasets/google/fleurs,experiments/audio_full/ta_in_1891.wav
google/fleurs,ta_in,Tamil,south_asia,1666,25.44,16000,CC-BY 4.0,https://huggingface.co/datasets/google/fleurs,experiments/audio_full/ta_in_1666.wav
google/fleurs,ta_in,Tamil,south_asia,1771,14.88,16000,CC-BY 4.0,https://huggingface.co/datasets/google/fleurs,experiments/audio_full/ta_in_1771.wav
google/fleurs,ta_in,Tamil,south_asia,1800,10.24,16000,CC-BY 4.0,https://huggingface.co/datasets/google/fleurs,experiments/audio_full/ta_in_1800.wav
google/fleurs,ta_in,Tamil,south_asia,1730,20.82,16000,CC-BY 4.0,https://huggingface.co/datasets/google/fleurs,experiments/audio_full/ta_in_1730.wav
google/fleurs,ta_in,Tamil,south_asia,1672,14.7,16000,CC-BY 4.0,https://huggingface.co/datasets/google/fleurs,experiments/audio_full/ta_in_1672.wav
google/fleurs,ta_in,Tamil,south_asia,1752,8.82,16000,CC-BY 4.0,https://huggingface.co/datasets/google/fleurs,experiments/audio_full/ta_in_1752.wav
google/fleurs,ta_in,Tamil,south_asia,1917,7.02,16000,CC-BY 4.0,https://huggingface.co/datasets/google/fleurs,experiments/audio_full/ta_in_1917.wav
google/fleurs,ta_in,Tamil,south_asia,1852,22.38,16000,CC-BY 4.0,https://huggingface.co/datasets/google/fleurs,experiments/audio_full/ta_in_1852.wav
google/fleurs,ta_in,Tamil,south_asia,1855,14.04,16000,CC-BY 4.0,https://huggingface.co/datasets/google/fleurs,experiments/audio_full/ta_in_1855.wav
google/fleurs,ta_in,Tamil,south_asia,1936,24.6,16000,CC-BY 4.0,https://huggingface.co/datasets/google/fleurs,experiments/audio_full/ta_in_1936.wav
google/fleurs,ta_in,Tamil,south_asia,1740,7.74,16000,CC-BY 4.0,https://huggingface.co/datasets/google/fleurs,experiments/audio_full/ta_in_1740.wav
google/fleurs,ta_in,Tamil,south_asia,1861,11.76,16000,CC-BY 4.0,https://huggingface.co/datasets/google/fleurs,experiments/audio_full/ta_in_1861.wav
google/fleurs,ta_in,Tamil,south_asia,1982,14.52,16000,CC-BY 4.0,https://huggingface.co/datasets/google/fleurs,experiments/audio_full/ta_in_1982.wav
google/fleurs,ta_in,Tamil,south_asia,1732,15.0,16000,CC-BY 4.0,https://huggingface.co/datasets/google/fleurs,experiments/audio_full/ta_in_1732.wav
google/fleurs,ta_in,Tamil,south_asia,1863,22.86,16000,CC-BY 4.0,https://huggingface.co/datasets/google/fleurs,experiments/audio_full/ta_in_1863.wav
google/fleurs,ta_in,Tamil,south_asia,1841,14.16,16000,CC-BY 4.0,https://huggingface.co/datasets/google/fleurs,experiments/audio_full/ta_in_1841.wav
google/fleurs,ta_in,Tamil,south_asia,1755,5.88,16000,CC-BY 4.0,https://huggingface.co/datasets/google/fleurs,experiments/audio_full/ta_in_1755.wav
google/fleurs,ta_in,Tamil,south_asia,2006,7.44,16000,CC-BY 4.0,https://huggingface.co/datasets/google/fleurs,experiments/audio_full/ta_in_2006.wav
google/fleurs,ta_in,Tamil,south_asia,1883,11.16,16000,CC-BY 4.0,https://huggingface.co/datasets/google/fleurs,experiments/audio_full/ta_in_1883.wav
google/fleurs,ta_in,Tamil,south_asia,1878,27.18,16000,CC-BY 4.0,https://huggingface.co/datasets/google/fleurs,experiments/audio_full/ta_in_1878.wav
google/fleurs,ta_in,Tamil,south_asia,1911,14.1,16000,CC-BY 4.0,https://huggingface.co/datasets/google/fleurs,experiments/audio_full/ta_in_1911.wav
google/fleurs,ta_in,Tamil,south_asia,1805,11.64,16000,CC-BY 4.0,https://huggingface.co/datasets/google/fleurs,experiments/audio_full/ta_in_1805.wav
google/fleurs,ta_in,Tamil,south_asia,1715,16.86,16000,CC-BY 4.0,https://huggingface.co/datasets/google/fleurs,experiments/audio_full/ta_in_1715.wav
google/fleurs,ta_in,Tamil,south_asia,1761,9.6,16000,CC-BY 4.0,https://huggingface.co/datasets/google/fleurs,experiments/audio_full/ta_in_1761.wav
google/fleurs,ta_in,Tamil,south_asia,1868,20.16,16000,CC-BY 4.0,https://huggingface.co/datasets/google/fleurs,experiments/audio_full/ta_in_1868.wav
google/fleurs,ta_in,Tamil,south_asia,1876,9.6,16000,CC-BY 4.0,https://huggingface.co/datasets/google/fleurs,experiments/audio_full/ta_in_1876.wav
google/fleurs,ta_in,Tamil,south_asia,1675,9.0,16000,CC-BY 4.0,https://huggingface.co/datasets/google/fleurs,experiments/audio_full/ta_in_1675.wav
google/fleurs,ta_in,Tamil,south_asia,1705,11.58,16000,CC-BY 4.0,https://huggingface.co/datasets/google/fleurs,experiments/audio_full/ta_in_1705.wav
google/fleurs,ta_in,Tamil,south_asia,1851,11.1,16000,CC-BY 4.0,https://huggingface.co/datasets/google/fleurs,experiments/audio_full/ta_in_1851.wav
google/fleurs,ta_in,Tamil,south_asia,1910,12.24,16000,CC-BY 4.0,https://huggingface.co/datasets/google/fleurs,experiments/audio_full/ta_in_1910.wav
google/fleurs,ta_in,Tamil,south_asia,1810,11.1,16000,CC-BY 4.0,https://huggingface.co/datasets/google/fleurs,experiments/audio_full/ta_in_1810.wav
google/fleurs,ta_in,Tamil,south_asia,1793,10.14,16000,CC-BY 4.0,https://huggingface.co/datasets/google/fleurs,experiments/audio_full/ta_in_1793.wav
google/fleurs,ta_in,Tamil,south_asia,1781,10.44,16000,CC-BY 4.0,https://huggingface.co/datasets/google/fleurs,experiments/audio_full/ta_in_1781.wav
google/fleurs,ta_in,Tamil,south_asia,1751,12.18,16000,CC-BY 4.0,https://huggingface.co/datasets/google/fleurs,experiments/audio_full/ta_in_1751.wav
google/fleurs,ta_in,Tamil,south_asia,1891,8.64,16000,CC-BY 4.0,https://huggingface.co/datasets/google/fleurs,experiments/audio_full/ta_in_1891.wav
google/fleurs,ta_in,Tamil,south_asia,1702,9.48,16000,CC-BY 4.0,https://huggingface.co/datasets/google/fleurs,experiments/audio_full/ta_in_1702.wav
google/fleurs,ta_in,Tamil,south_asia,1781,9.36,16000,CC-BY 4.0,https://huggingface.co/datasets/google/fleurs,experiments/audio_full/ta_in_1781.wav
google/fleurs,ta_in,Tamil,south_asia,1708,17.04,16000,CC-BY 4.0,https://huggingface.co/datasets/google/fleurs,experiments/audio_full/ta_in_1708.wav
google/fleurs,ta_in,Tamil,south_asia,1800,15.06,16000,CC-BY 4.0,https://huggingface.co/datasets/google/fleurs,experiments/audio_full/ta_in_1800.wav
google/fleurs,ta_in,Tamil,south_asia,1951,15.6,16000,CC-BY 4.0,https://huggingface.co/datasets/google/fleurs,experiments/audio_full/ta_in_1951.wav
google/fleurs,ta_in,Tamil,south_asia,1928,7.8,16000,CC-BY 4.0,https://huggingface.co/datasets/google/fleurs,experiments/audio_full/ta_in_1928.wav
google/fleurs,ta_in,Tamil,south_asia,1690,15.12,16000,CC-BY 4.0,https://huggingface.co/datasets/google/fleurs,experiments/audio_full/ta_in_1690.wav
google/fleurs,ta_in,Tamil,south_asia,1988,9.12,16000,CC-BY 4.0,https://huggingface.co/datasets/google/fleurs,experiments/audio_full/ta_in_1988.wav
google/fleurs,ta_in,Tamil,south_asia,1971,25.26,16000,CC-BY 4.0,https://huggingface.co/datasets/google/fleurs,experiments/audio_full/ta_in_1971.wav
google/fleurs,ta_in,Tamil,south_asia,1745,18.6,16000,CC-BY 4.0,https://huggingface.co/datasets/google/fleurs,experiments/audio_full/ta_in_1745.wav
google/fleurs,ta_in,Tamil,south_asia,1858,11.2,16000,CC-BY 4.0,https://huggingface.co/datasets/google/fleurs,experiments/audio_full/ta_in_1858.wav
google/fleurs,ta_in,Tamil,south_asia,1917,8.52,16000,CC-BY 4.0,https://huggingface.co/datasets/google/fleurs,experiments/audio_full/ta_in_1917.wav
google/fleurs,ta_in,Tamil,south_asia,1700,14.22,16000,CC-BY 4.0,https://huggingface.co/datasets/google/fleurs,experiments/audio_full/ta_in_1700.wav
google/fleurs,ta_in,Tamil,south_asia,1718,12.12,16000,CC-BY 4.0,https://huggingface.co/datasets/google/fleurs,experiments/audio_full/ta_in_1718.wav
google/fleurs,ta_in,Tamil,south_asia,1744,9.26,16000,CC-BY 4.0,https://huggingface.co/datasets/google/fleurs,experiments/audio_full/ta_in_1744.wav
google/fleurs,ta_in,Tamil,south_asia,1896,13.8,16000,CC-BY 4.0,https://huggingface.co/datasets/google/fleurs,experiments/audio_full/ta_in_1896.wav
google/fleurs,ta_in,Tamil,south_asia,1976,13.08,16000,CC-BY 4.0,https://huggingface.co/datasets/google/fleurs,experiments/audio_full/ta_in_1976.wav
google/fleurs,ta_in,Tamil,south_asia,1785,13.14,16000,CC-BY 4.0,https://huggingface.co/datasets/google/fleurs,experiments/audio_full/ta_in_1785.wav
google/fleurs,ta_in,Tamil,south_asia,1867,16.32,16000,CC-BY 4.0,https://huggingface.co/datasets/google/fleurs,experiments/audio_full/ta_in_1867.wav
google/fleurs,ta_in,Tamil,south_asia,1833,10.32,16000,CC-BY 4.0,https://huggingface.co/datasets/google/fleurs,experiments/audio_full/ta_in_1833.wav
google/fleurs,ta_in,Tamil,south_asia,1919,12.96,16000,CC-BY 4.0,https://huggingface.co/datasets/google/fleurs,experiments/audio_full/ta_in_1919.wav
google/fleurs,ta_in,Tamil,south_asia,1679,3.48,16000,CC-BY 4.0,https://huggingface.co/datasets/google/fleurs,experiments/audio_full/ta_in_1679.wav
google/fleurs,ta_in,Tamil,south_asia,1694,15.6,16000,CC-BY 4.0,https://huggingface.co/datasets/google/fleurs,experiments/audio_full/ta_in_1694.wav
google/fleurs,ta_in,Tamil,south_asia,2005,7.02,16000,CC-BY 4.0,https://huggingface.co/datasets/google/fleurs,experiments/audio_full/ta_in_2005.wav
google/fleurs,ta_in,Tamil,south_asia,1980,12.2,16000,CC-BY 4.0,https://huggingface.co/datasets/google/fleurs,experiments/audio_full/ta_in_1980.wav
google/fleurs,ta_in,Tamil,south_asia,1962,10.56,16000,CC-BY 4.0,https://huggingface.co/datasets/google/fleurs,experiments/audio_full/ta_in_1962.wav
google/fleurs,ta_in,Tamil,south_asia,1823,10.14,16000,CC-BY 4.0,https://huggingface.co/datasets/google/fleurs,experiments/audio_full/ta_in_1823.wav
google/fleurs,ta_in,Tamil,south_asia,1942,12.9,16000,CC-BY 4.0,https://huggingface.co/datasets/google/fleurs,experiments/audio_full/ta_in_1942.wav
google/fleurs,ta_in,Tamil,south_asia,1798,16.5,16000,CC-BY 4.0,https://huggingface.co/datasets/google/fleurs,experiments/audio_full/ta_in_1798.wav
google/fleurs,ta_in,Tamil,south_asia,1847,14.82,16000,CC-BY 4.0,https://huggingface.co/datasets/google/fleurs,experiments/audio_full/ta_in_1847.wav
google/fleurs,ta_in,Tamil,south_asia,1900,11.76,16000,CC-BY 4.0,https://huggingface.co/datasets/google/fleurs,experiments/audio_full/ta_in_1900.wav
google/fleurs,ta_in,Tamil,south_asia,1950,10.32,16000,CC-BY 4.0,https://huggingface.co/datasets/google/fleurs,experiments/audio_full/ta_in_1950.wav
google/fleurs,ta_in,Tamil,south_asia,1737,11.16,16000,CC-BY 4.0,https://huggingface.co/datasets/google/fleurs,experiments/audio_full/ta_in_1737.wav
google/fleurs,ta_in,Tamil,south_asia,1828,9.12,16000,CC-BY 4.0,https://huggingface.co/datasets/google/fleurs,experiments/audio_full/ta_in_1828.wav
google/fleurs,ta_in,Tamil,south_asia,1848,28.62,16000,CC-BY 4.0,https://huggingface.co/datasets/google/fleurs,experiments/audio_full/ta_in_1848.wav
google/fleurs,ta_in,Tamil,south_asia,1761,15.18,16000,CC-BY 4.0,https://huggingface.co/datasets/google/fleurs,experiments/audio_full/ta_in_1761.wav
google/fleurs,ta_in,Tamil,south_asia,1857,11.4,16000,CC-BY 4.0,https://huggingface.co/datasets/google/fleurs,experiments/audio_full/ta_in_1857.wav
google/fleurs,ta_in,Tamil,south_asia,1992,7.98,16000,CC-BY 4.0,https://huggingface.co/datasets/google/fleurs,experiments/audio_full/ta_in_1992.wav
google/fleurs,ta_in,Tamil,south_asia,1825,11.22,16000,CC-BY 4.0,https://huggingface.co/datasets/google/fleurs,experiments/audio_full/ta_in_1825.wav
google/fleurs,ta_in,Tamil,south_asia,1834,10.68,16000,CC-BY 4.0,https://huggingface.co/datasets/google/fleurs,experiments/audio_full/ta_in_1834.wav
google/fleurs,ta_in,Tamil,south_asia,1713,16.74,16000,CC-BY 4.0,https://huggingface.co/datasets/google/fleurs,experiments/audio_full/ta_in_1713.wav
google/fleurs,ta_in,Tamil,south_asia,1835,10.86,16000,CC-BY 4.0,https://huggingface.co/datasets/google/fleurs,experiments/audio_full/ta_in_1835.wav
google/fleurs,ta_in,Tamil,south_asia,1671,11.16,16000,CC-BY 4.0,https://huggingface.co/datasets/google/fleurs,experiments/audio_full/ta_in_1671.wav
google/fleurs,ta_in,Tamil,south_asia,1932,32.94,16000,CC-BY 4.0,https://huggingface.co/datasets/google/fleurs,experiments/audio_full/ta_in_1932.wav
google/fleurs,ta_in,Tamil,south_asia,1756,10.32,16000,CC-BY 4.0,https://huggingface.co/datasets/google/fleurs,experiments/audio_full/ta_in_1756.wav
google/fleurs,ta_in,Tamil,south_asia,1694,17.1,16000,CC-BY 4.0,https://huggingface.co/datasets/google/fleurs,experiments/audio_full/ta_in_1694.wav
google/fleurs,ta_in,Tamil,south_asia,1728,7.26,16000,CC-BY 4.0,https://huggingface.co/datasets/google/fleurs,experiments/audio_full/ta_in_1728.wav
google/fleurs,ta_in,Tamil,south_asia,1834,12.06,16000,CC-BY 4.0,https://huggingface.co/datasets/google/fleurs,experiments/audio_full/ta_in_1834.wav
google/fleurs,ta_in,Tamil,south_asia,1901,15.66,16000,CC-BY 4.0,https://huggingface.co/datasets/google/fleurs,experiments/audio_full/ta_in_1901.wav
google/fleurs,ta_in,Tamil,south_asia,1843,11.34,16000,CC-BY 4.0,https://huggingface.co/datasets/google/fleurs,experiments/audio_full/ta_in_1843.wav
google/fleurs,ta_in,Tamil,south_asia,1850,16.68,16000,CC-BY 4.0,https://huggingface.co/datasets/google/fleurs,experiments/audio_full/ta_in_1850.wav
google/fleurs,ta_in,Tamil,south_asia,1810,13.44,16000,CC-BY 4.0,https://huggingface.co/datasets/google/fleurs,experiments/audio_full/ta_in_1810.wav
google/fleurs,ta_in,Tamil,south_asia,1697,7.32,16000,CC-BY 4.0,https://huggingface.co/datasets/google/fleurs,experiments/audio_full/ta_in_1697.wav
google/fleurs,ta_in,Tamil,south_asia,1727,8.52,16000,CC-BY 4.0,https://huggingface.co/datasets/google/fleurs,experiments/audio_full/ta_in_1727.wav
google/fleurs,ta_in,Tamil,south_asia,1973,15.36,16000,CC-BY 4.0,https://huggingface.co/datasets/google/fleurs,experiments/audio_full/ta_in_1973.wav
google/fleurs,ta_in,Tamil,south_asia,1929,11.88,16000,CC-BY 4.0,https://huggingface.co/datasets/google/fleurs,experiments/audio_full/ta_in_1929.wav
google/fleurs,ta_in,Tamil,south_asia,1920,10.32,16000,CC-BY 4.0,https://huggingface.co/datasets/google/fleurs,experiments/audio_full/ta_in_1920.wav
google/fleurs,ta_in,Tamil,south_asia,1988,8.4,16000,CC-BY 4.0,https://huggingface.co/datasets/google/fleurs,experiments/audio_full/ta_in_1988.wav
google/fleurs,ta_in,Tamil,south_asia,1925,9.42,16000,CC-BY 4.0,https://huggingface.co/datasets/google/fleurs,experiments/audio_full/ta_in_1925.wav
google/fleurs,ta_in,Tamil,south_asia,1683,13.26,16000,CC-BY 4.0,https://huggingface.co/datasets/google/fleurs,experiments/audio_full/ta_in_1683.wav
google/fleurs,ta_in,Tamil,south_asia,1853,10.08,16000,CC-BY 4.0,https://huggingface.co/datasets/google/fleurs,experiments/audio_full/ta_in_1853.wav
google/fleurs,ta_in,Tamil,south_asia,1709,15.54,16000,CC-BY 4.0,https://huggingface.co/datasets/google/fleurs,experiments/audio_full/ta_in_1709.wav
google/fleurs,ta_in,Tamil,south_asia,2001,14.34,16000,CC-BY 4.0,https://huggingface.co/datasets/google/fleurs,experiments/audio_full/ta_in_2001.wav
google/fleurs,ta_in,Tamil,south_asia,1696,11.7,16000,CC-BY 4.0,https://huggingface.co/datasets/google/fleurs,experiments/audio_full/ta_in_1696.wav
google/fleurs,ta_in,Tamil,south_asia,1865,13.56,16000,CC-BY 4.0,https://huggingface.co/datasets/google/fleurs,experiments/audio_full/ta_in_1865.wav
google/fleurs,ta_in,Tamil,south_asia,1863,21.48,16000,CC-BY 4.0,https://huggingface.co/datasets/google/fleurs,experiments/audio_full/ta_in_1863.wav
google/fleurs,ta_in,Tamil,south_asia,1873,12.12,16000,CC-BY 4.0,https://huggingface.co/datasets/google/fleurs,experiments/audio_full/ta_in_1873.wav
google/fleurs,ta_in,Tamil,south_asia,1894,11.7,16000,CC-BY 4.0,https://huggingface.co/datasets/google/fleurs,experiments/audio_full/ta_in_1894.wav
google/fleurs,ta_in,Tamil,south_asia,1900,9.6,16000,CC-BY 4.0,https://huggingface.co/datasets/google/fleurs,experiments/audio_full/ta_in_1900.wav
google/fleurs,ta_in,Tamil,south_asia,1862,14.34,16000,CC-BY 4.0,https://huggingface.co/datasets/google/fleurs,experiments/audio_full/ta_in_1862.wav
google/fleurs,ta_in,Tamil,south_asia,1776,8.64,16000,CC-BY 4.0,https://huggingface.co/datasets/google/fleurs,experiments/audio_full/ta_in_1776.wav
google/fleurs,ta_in,Tamil,south_asia,1736,6.18,16000,CC-BY 4.0,https://huggingface.co/datasets/google/fleurs,experiments/audio_full/ta_in_1736.wav
google/fleurs,ta_in,Tamil,south_asia,1943,8.76,16000,CC-BY 4.0,https://huggingface.co/datasets/google/fleurs,experiments/audio_full/ta_in_1943.wav
google/fleurs,ta_in,Tamil,south_asia,1996,22.02,16000,CC-BY 4.0,https://huggingface.co/datasets/google/fleurs,experiments/audio_full/ta_in_1996.wav
google/fleurs,ta_in,Tamil,south_asia,1690,16.2,16000,CC-BY 4.0,https://huggingface.co/datasets/google/fleurs,experiments/audio_full/ta_in_1690.wav
google/fleurs,ta_in,Tamil,south_asia,1717,10.38,16000,CC-BY 4.0,https://huggingface.co/datasets/google/fleurs,experiments/audio_full/ta_in_1717.wav
google/fleurs,ta_in,Tamil,south_asia,1687,6.72,16000,CC-BY 4.0,https://huggingface.co/datasets/google/fleurs,experiments/audio_full/ta_in_1687.wav
google/fleurs,ta_in,Tamil,south_asia,1820,13.38,16000,CC-BY 4.0,https://huggingface.co/datasets/google/fleurs,experiments/audio_full/ta_in_1820.wav
google/fleurs,ta_in,Tamil,south_asia,1668,15.18,16000,CC-BY 4.0,https://huggingface.co/datasets/google/fleurs,experiments/audio_full/ta_in_1668.wav
google/fleurs,ta_in,Tamil,south_asia,2009,24.84,16000,CC-BY 4.0,https://huggingface.co/datasets/google/fleurs,experiments/audio_full/ta_in_2009.wav
google/fleurs,ta_in,Tamil,south_asia,1788,10.86,16000,CC-BY 4.0,https://huggingface.co/datasets/google/fleurs,experiments/audio_full/ta_in_1788.wav
google/fleurs,ta_in,Tamil,south_asia,1874,15.12,16000,CC-BY 4.0,https://huggingface.co/datasets/google/fleurs,experiments/audio_full/ta_in_1874.wav
google/fleurs,ta_in,Tamil,south_asia,1665,14.24,16000,CC-BY 4.0,https://huggingface.co/datasets/google/fleurs,experiments/audio_full/ta_in_1665.wav
google/fleurs,ta_in,Tamil,south_asia,1830,9.78,16000,CC-BY 4.0,https://huggingface.co/datasets/google/fleurs,experiments/audio_full/ta_in_1830.wav
google/fleurs,ta_in,Tamil,south_asia,1898,14.88,16000,CC-BY 4.0,https://huggingface.co/datasets/google/fleurs,experiments/audio_full/ta_in_1898.wav
google/fleurs,ta_in,Tamil,south_asia,1692,9.48,16000,CC-BY 4.0,https://huggingface.co/datasets/google/fleurs,experiments/audio_full/ta_in_1692.wav
google/fleurs,ta_in,Tamil,south_asia,1751,22.44,16000,CC-BY 4.0,https://huggingface.co/datasets/google/fleurs,experiments/audio_full/ta_in_1751.wav
google/fleurs,ta_in,Tamil,south_asia,1974,4.92,16000,CC-BY 4.0,https://huggingface.co/datasets/google/fleurs,experiments/audio_full/ta_in_1974.wav
google/fleurs,ta_in,Tamil,south_asia,1865,21.96,16000,CC-BY 4.0,https://huggingface.co/datasets/google/fleurs,experiments/audio_full/ta_in_1865.wav
google/fleurs,ta_in,Tamil,south_asia,1816,10.5,16000,CC-BY 4.0,https://huggingface.co/datasets/google/fleurs,experiments/audio_full/ta_in_1816.wav
google/fleurs,ta_in,Tamil,south_asia,1724,9.96,16000,CC-BY 4.0,https://huggingface.co/datasets/google/fleurs,experiments/audio_full/ta_in_1724.wav
google/fleurs,ta_in,Tamil,south_asia,1711,13.02,16000,CC-BY 4.0,https://huggingface.co/datasets/google/fleurs,experiments/audio_full/ta_in_1711.wav
google/fleurs,ta_in,Tamil,south_asia,1945,16.5,16000,CC-BY 4.0,https://huggingface.co/datasets/google/fleurs,experiments/audio_full/ta_in_1945.wav
google/fleurs,ta_in,Tamil,south_asia,1963,15.0,16000,CC-BY 4.0,https://huggingface.co/datasets/google/fleurs,experiments/audio_full/ta_in_1963.wav
google/fleurs,ta_in,Tamil,south_asia,1776,7.2,16000,CC-BY 4.0,https://huggingface.co/datasets/google/fleurs,experiments/audio_full/ta_in_1776.wav
google/fleurs,ta_in,Tamil,south_asia,1911,12.42,16000,CC-BY 4.0,https://huggingface.co/datasets/google/fleurs,experiments/audio_full/ta_in_1911.wav
google/fleurs,ta_in,Tamil,south_asia,1704,10.08,16000,CC-BY 4.0,https://huggingface.co/datasets/google/fleurs,experiments/audio_full/ta_in_1704.wav
google/fleurs,ta_in,Tamil,south_asia,1880,7.26,16000,CC-BY 4.0,https://huggingface.co/datasets/google/fleurs,experiments/audio_full/ta_in_1880.wav
google/fleurs,ta_in,Tamil,south_asia,2004,9.12,16000,CC-BY 4.0,https://huggingface.co/datasets/google/fleurs,experiments/audio_full/ta_in_2004.wav
google/fleurs,ta_in,Tamil,south_asia,1845,10.08,16000,CC-BY 4.0,https://huggingface.co/datasets/google/fleurs,experiments/audio_full/ta_in_1845.wav
google/fleurs,ta_in,Tamil,south_asia,1672,10.56,16000,CC-BY 4.0,https://huggingface.co/datasets/google/fleurs,experiments/audio_full/ta_in_1672.wav
google/fleurs,ta_in,Tamil,south_asia,1774,9.72,16000,CC-BY 4.0,https://huggingface.co/datasets/google/fleurs,experiments/audio_full/ta_in_1774.wav
google/fleurs,ta_in,Tamil,south_asia,1881,12.24,16000,CC-BY 4.0,https://huggingface.co/datasets/google/fleurs,experiments/audio_full/ta_in_1881.wav
google/fleurs,ta_in,Tamil,south_asia,1676,6.6,16000,CC-BY 4.0,https://huggingface.co/datasets/google/fleurs,experiments/audio_full/ta_in_1676.wav
google/fleurs,ta_in,Tamil,south_asia,1966,11.52,16000,CC-BY 4.0,https://huggingface.co/datasets/google/fleurs,experiments/audio_full/ta_in_1966.wav
google/fleurs,ta_in,Tamil,south_asia,1878,16.8,16000,CC-BY 4.0,https://huggingface.co/datasets/google/fleurs,experiments/audio_full/ta_in_1878.wav
google/fleurs,ta_in,Tamil,south_asia,1786,14.16,16000,CC-BY 4.0,https://huggingface.co/datasets/google/fleurs,experiments/audio_full/ta_in_1786.wav
google/fleurs,ta_in,Tamil,south_asia,1918,8.34,16000,CC-BY 4.0,https://huggingface.co/datasets/google/fleurs,experiments/audio_full/ta_in_1918.wav
google/fleurs,ta_in,Tamil,south_asia,1890,10.62,16000,CC-BY 4.0,https://huggingface.co/datasets/google/fleurs,experiments/audio_full/ta_in_1890.wav
google/fleurs,ta_in,Tamil,south_asia,1797,9.0,16000,CC-BY 4.0,https://huggingface.co/datasets/google/fleurs,experiments/audio_full/ta_in_1797.wav
google/fleurs,ta_in,Tamil,south_asia,2004,8.9,16000,CC-BY 4.0,https://huggingface.co/datasets/google/fleurs,experiments/audio_full/ta_in_2004.wav
google/fleurs,ta_in,Tamil,south_asia,1882,19.38,16000,CC-BY 4.0,https://huggingface.co/datasets/google/fleurs,experiments/audio_full/ta_in_1882.wav
google/fleurs,ta_in,Tamil,south_asia,1715,13.68,16000,CC-BY 4.0,https://huggingface.co/datasets/google/fleurs,experiments/audio_full/ta_in_1715.wav
google/fleurs,ta_in,Tamil,south_asia,1798,9.36,16000,CC-BY 4.0,https://huggingface.co/datasets/google/fleurs,experiments/audio_full/ta_in_1798.wav
google/fleurs,ta_in,Tamil,south_asia,1775,11.22,16000,CC-BY 4.0,https://huggingface.co/datasets/google/fleurs,experiments/audio_full/ta_in_1775.wav
google/fleurs,ta_in,Tamil,south_asia,1892,16.44,16000,CC-BY 4.0,https://huggingface.co/datasets/google/fleurs,experiments/audio_full/ta_in_1892.wav
google/fleurs,ta_in,Tamil,south_asia,1819,14.16,16000,CC-BY 4.0,https://huggingface.co/datasets/google/fleurs,experiments/audio_full/ta_in_1819.wav
google/fleurs,ta_in,Tamil,south_asia,1730,21.48,16000,CC-BY 4.0,https://huggingface.co/datasets/google/fleurs,experiments/audio_full/ta_in_1730.wav
google/fleurs,ta_in,Tamil,south_asia,1746,7.68,16000,CC-BY 4.0,https://huggingface.co/datasets/google/fleurs,experiments/audio_full/ta_in_1746.wav
google/fleurs,ta_in,Tamil,south_asia,1843,11.4,16000,CC-BY 4.0,https://huggingface.co/datasets/google/fleurs,experiments/audio_full/ta_in_1843.wav
google/fleurs,ta_in,Tamil,south_asia,1826,5.76,16000,CC-BY 4.0,https://huggingface.co/datasets/google/fleurs,experiments/audio_full/ta_in_1826.wav
google/fleurs,ta_in,Tamil,south_asia,1682,16.32,16000,CC-BY 4.0,https://huggingface.co/datasets/google/fleurs,experiments/audio_full/ta_in_1682.wav
google/fleurs,ta_in,Tamil,south_asia,1778,5.7,16000,CC-BY 4.0,https://huggingface.co/datasets/google/fleurs,experiments/audio_full/ta_in_1778.wav
google/fleurs,ta_in,Tamil,south_asia,1978,5.2,16000,CC-BY 4.0,https://huggingface.co/datasets/google/fleurs,experiments/audio_full/ta_in_1978.wav
google/fleurs,ta_in,Tamil,south_asia,1759,27.54,16000,CC-BY 4.0,https://huggingface.co/datasets/google/fleurs,experiments/audio_full/ta_in_1759.wav
google/fleurs,ta_in,Tamil,south_asia,2005,11.58,16000,CC-BY 4.0,https://huggingface.co/datasets/google/fleurs,experiments/audio_full/ta_in_2005.wav
google/fleurs,ta_in,Tamil,south_asia,1789,14.16,16000,CC-BY 4.0,https://huggingface.co/datasets/google/fleurs,experiments/audio_full/ta_in_1789.wav
google/fleurs,ta_in,Tamil,south_asia,1839,4.98,16000,CC-BY 4.0,https://huggingface.co/datasets/google/fleurs,experiments/audio_full/ta_in_1839.wav
google/fleurs,ta_in,Tamil,south_asia,1804,12.12,16000,CC-BY 4.0,https://huggingface.co/datasets/google/fleurs,experiments/audio_full/ta_in_1804.wav
google/fleurs,ta_in,Tamil,south_asia,1850,12.36,16000,CC-BY 4.0,https://huggingface.co/datasets/google/fleurs,experiments/audio_full/ta_in_1850.wav
google/fleurs,ta_in,Tamil,south_asia,1675,14.4,16000,CC-BY 4.0,https://huggingface.co/datasets/google/fleurs,experiments/audio_full/ta_in_1675.wav
google/fleurs,ta_in,Tamil,south_asia,1991,18.72,16000,CC-BY 4.0,https://huggingface.co/datasets/google/fleurs,experiments/audio_full/ta_in_1991.wav
google/fleurs,ta_in,Tamil,south_asia,1849,10.04,16000,CC-BY 4.0,https://huggingface.co/datasets/google/fleurs,experiments/audio_full/ta_in_1849.wav
google/fleurs,ta_in,Tamil,south_asia,1934,8.04,16000,CC-BY 4.0,https://huggingface.co/datasets/google/fleurs,experiments/audio_full/ta_in_1934.wav
google/fleurs,ta_in,Tamil,south_asia,1953,5.58,16000,CC-BY 4.0,https://huggingface.co/datasets/google/fleurs,experiments/audio_full/ta_in_1953.wav
google/fleurs,ta_in,Tamil,south_asia,1721,9.24,16000,CC-BY 4.0,https://huggingface.co/datasets/google/fleurs,experiments/audio_full/ta_in_1721.wav
google/fleurs,ta_in,Tamil,south_asia,1799,8.1,16000,CC-BY 4.0,https://huggingface.co/datasets/google/fleurs,experiments/audio_full/ta_in_1799.wav
google/fleurs,ta_in,Tamil,south_asia,1662,7.14,16000,CC-BY 4.0,https://huggingface.co/datasets/google/fleurs,experiments/audio_full/ta_in_1662.wav
google/fleurs,ta_in,Tamil,south_asia,1949,8.58,16000,CC-BY 4.0,https://huggingface.co/datasets/google/fleurs,experiments/audio_full/ta_in_1949.wav
google/fleurs,ta_in,Tamil,south_asia,1869,31.38,16000,CC-BY 4.0,https://huggingface.co/datasets/google/fleurs,experiments/audio_full/ta_in_1869.wav
google/fleurs,ta_in,Tamil,south_asia,1736,8.4,16000,CC-BY 4.0,https://huggingface.co/datasets/google/fleurs,experiments/audio_full/ta_in_1736.wav
google/fleurs,ta_in,Tamil,south_asia,1717,12.42,16000,CC-BY 4.0,https://huggingface.co/datasets/google/fleurs,experiments/audio_full/ta_in_1717.wav
google/fleurs,ta_in,Tamil,south_asia,1998,10.86,16000,CC-BY 4.0,https://huggingface.co/datasets/google/fleurs,experiments/audio_full/ta_in_1998.wav
google/fleurs,ta_in,Tamil,south_asia,1664,7.92,16000,CC-BY 4.0,https://huggingface.co/datasets/google/fleurs,experiments/audio_full/ta_in_1664.wav
google/fleurs,ta_in,Tamil,south_asia,1702,11.64,16000,CC-BY 4.0,https://huggingface.co/datasets/google/fleurs,experiments/audio_full/ta_in_1702.wav
google/fleurs,ta_in,Tamil,south_asia,1952,12.42,16000,CC-BY 4.0,https://huggingface.co/datasets/google/fleurs,experiments/audio_full/ta_in_1952.wav
google/fleurs,ta_in,Tamil,south_asia,1946,13.0,16000,CC-BY 4.0,https://huggingface.co/datasets/google/fleurs,experiments/audio_full/ta_in_1946.wav
google/fleurs,ta_in,Tamil,south_asia,1976,8.4,16000,CC-BY 4.0,https://huggingface.co/datasets/google/fleurs,experiments/audio_full/ta_in_1976.wav
google/fleurs,ta_in,Tamil,south_asia,1904,14.4,16000,CC-BY 4.0,https://huggingface.co/datasets/google/fleurs,experiments/audio_full/ta_in_1904.wav
google/fleurs,ta_in,Tamil,south_asia,1975,10.86,16000,CC-BY 4.0,https://huggingface.co/datasets/google/fleurs,experiments/audio_full/ta_in_1975.wav
google/fleurs,ta_in,Tamil,south_asia,1677,9.0,16000,CC-BY 4.0,https://huggingface.co/datasets/google/fleurs,experiments/audio_full/ta_in_1677.wav
google/fleurs,ta_in,Tamil,south_asia,1970,21.54,16000,CC-BY 4.0,https://huggingface.co/datasets/google/fleurs,experiments/audio_full/ta_in_1970.wav
google/fleurs,ta_in,Tamil,south_asia,1837,8.28,16000,CC-BY 4.0,https://huggingface.co/datasets/google/fleurs,experiments/audio_full/ta_in_1837.wav
google/fleurs,ta_in,Tamil,south_asia,1875,11.16,16000,CC-BY 4.0,https://huggingface.co/datasets/google/fleurs,experiments/audio_full/ta_in_1875.wav
google/fleurs,ta_in,Tamil,south_asia,1699,11.52,16000,CC-BY 4.0,https://huggingface.co/datasets/google/fleurs,experiments/audio_full/ta_in_1699.wav
google/fleurs,ta_in,Tamil,south_asia,1805,7.68,16000,CC-BY 4.0,https://huggingface.co/datasets/google/fleurs,experiments/audio_full/ta_in_1805.wav
google/fleurs,ta_in,Tamil,south_asia,1702,6.24,16000,CC-BY 4.0,https://huggingface.co/datasets/google/fleurs,experiments/audio_full/ta_in_1702.wav
google/fleurs,ta_in,Tamil,south_asia,1766,7.08,16000,CC-BY 4.0,https://huggingface.co/datasets/google/fleurs,experiments/audio_full/ta_in_1766.wav
google/fleurs,ta_in,Tamil,south_asia,1814,10.32,16000,CC-BY 4.0,https://huggingface.co/datasets/google/fleurs,experiments/audio_full/ta_in_1814.wav
google/fleurs,ta_in,Tamil,south_asia,1705,10.44,16000,CC-BY 4.0,https://huggingface.co/datasets/google/fleurs,experiments/audio_full/ta_in_1705.wav
google/fleurs,ta_in,Tamil,south_asia,2007,11.04,16000,CC-BY 4.0,https://huggingface.co/datasets/google/fleurs,experiments/audio_full/ta_in_2007.wav
google/fleurs,ta_in,Tamil,south_asia,1938,9.08,16000,CC-BY 4.0,https://huggingface.co/datasets/google/fleurs,experiments/audio_full/ta_in_1938.wav
google/fleurs,ta_in,Tamil,south_asia,1663,12.84,16000,CC-BY 4.0,https://huggingface.co/datasets/google/fleurs,experiments/audio_full/ta_in_1663.wav
google/fleurs,ta_in,Tamil,south_asia,1894,13.68,16000,CC-BY 4.0,https://huggingface.co/datasets/google/fleurs,experiments/audio_full/ta_in_1894.wav
google/fleurs,ta_in,Tamil,south_asia,1709,9.84,16000,CC-BY 4.0,https://huggingface.co/datasets/google/fleurs,experiments/audio_full/ta_in_1709.wav
google/fleurs,ta_in,Tamil,south_asia,1885,11.64,16000,CC-BY 4.0,https://huggingface.co/datasets/google/fleurs,experiments/audio_full/ta_in_1885.wav
google/fleurs,ta_in,Tamil,south_asia,1981,18.0,16000,CC-BY 4.0,https://huggingface.co/datasets/google/fleurs,experiments/audio_full/ta_in_1981.wav
google/fleurs,ta_in,Tamil,south_asia,1986,9.9,16000,CC-BY 4.0,https://huggingface.co/datasets/google/fleurs,experiments/audio_full/ta_in_1986.wav
google/fleurs,ta_in,Tamil,south_asia,1942,11.88,16000,CC-BY 4.0,https://huggingface.co/datasets/google/fleurs,experiments/audio_full/ta_in_1942.wav
google/fleurs,ta_in,Tamil,south_asia,1947,6.48,16000,CC-BY 4.0,https://huggingface.co/datasets/google/fleurs,experiments/audio_full/ta_in_1947.wav
google/fleurs,ta_in,Tamil,south_asia,1782,18.24,16000,CC-BY 4.0,https://huggingface.co/datasets/google/fleurs,experiments/audio_full/ta_in_1782.wav
google/fleurs,ta_in,Tamil,south_asia,1689,15.64,16000,CC-BY 4.0,https://huggingface.co/datasets/google/fleurs,experiments/audio_full/ta_in_1689.wav
google/fleurs,ta_in,Tamil,south_asia,1821,5.4,16000,CC-BY 4.0,https://huggingface.co/datasets/google/fleurs,experiments/audio_full/ta_in_1821.wav
google/fleurs,ta_in,Tamil,south_asia,1944,10.26,16000,CC-BY 4.0,https://huggingface.co/datasets/google/fleurs,experiments/audio_full/ta_in_1944.wav
google/fleurs,ta_in,Tamil,south_asia,1660,24.48,16000,CC-BY 4.0,https://huggingface.co/datasets/google/fleurs,experiments/audio_full/ta_in_1660.wav
google/fleurs,ta_in,Tamil,south_asia,1871,5.4,16000,CC-BY 4.0,https://huggingface.co/datasets/google/fleurs,experiments/audio_full/ta_in_1871.wav
google/fleurs,ta_in,Tamil,south_asia,1924,19.26,16000,CC-BY 4.0,https://huggingface.co/datasets/google/fleurs,experiments/audio_full/ta_in_1924.wav
google/fleurs,ta_in,Tamil,south_asia,2006,7.44,16000,CC-BY 4.0,https://huggingface.co/datasets/google/fleurs,experiments/audio_full/ta_in_2006.wav
google/fleurs,ta_in,Tamil,south_asia,1913,8.88,16000,CC-BY 4.0,https://huggingface.co/datasets/google/fleurs,experiments/audio_full/ta_in_1913.wav
google/fleurs,ta_in,Tamil,south_asia,1707,14.28,16000,CC-BY 4.0,https://huggingface.co/datasets/google/fleurs,experiments/audio_full/ta_in_1707.wav
google/fleurs,ta_in,Tamil,south_asia,1921,10.28,16000,CC-BY 4.0,https://huggingface.co/datasets/google/fleurs,experiments/audio_full/ta_in_1921.wav
google/fleurs,ta_in,Tamil,south_asia,1688,23.4,16000,CC-BY 4.0,https://huggingface.co/datasets/google/fleurs,experiments/audio_full/ta_in_1688.wav
google/fleurs,ta_in,Tamil,south_asia,1905,6.84,16000,CC-BY 4.0,https://huggingface.co/datasets/google/fleurs,experiments/audio_full/ta_in_1905.wav
google/fleurs,ta_in,Tamil,south_asia,1920,18.0,16000,CC-BY 4.0,https://huggingface.co/datasets/google/fleurs,experiments/audio_full/ta_in_1920.wav
google/fleurs,ta_in,Tamil,south_asia,1930,7.08,16000,CC-BY 4.0,https://huggingface.co/datasets/google/fleurs,experiments/audio_full/ta_in_1930.wav
google/fleurs,ta_in,Tamil,south_asia,1899,15.6,16000,CC-BY 4.0,https://huggingface.co/datasets/google/fleurs,experiments/audio_full/ta_in_1899.wav
google/fleurs,ta_in,Tamil,south_asia,1830,11.58,16000,CC-BY 4.0,https://huggingface.co/datasets/google/fleurs,experiments/audio_full/ta_in_1830.wav
google/fleurs,ta_in,Tamil,south_asia,1934,12.84,16000,CC-BY 4.0,https://huggingface.co/datasets/google/fleurs,experiments/audio_full/ta_in_1934.wav
google/fleurs,ta_in,Tamil,south_asia,1729,16.14,16000,CC-BY 4.0,https://huggingface.co/datasets/google/fleurs,experiments/audio_full/ta_in_1729.wav
google/fleurs,ta_in,Tamil,south_asia,1710,9.78,16000,CC-BY 4.0,https://huggingface.co/datasets/google/fleurs,experiments/audio_full/ta_in_1710.wav
google/fleurs,ta_in,Tamil,south_asia,1693,10.68,16000,CC-BY 4.0,https://huggingface.co/datasets/google/fleurs,experiments/audio_full/ta_in_1693.wav
google/fleurs,ta_in,Tamil,south_asia,1877,16.44,16000,CC-BY 4.0,https://huggingface.co/datasets/google/fleurs,experiments/audio_full/ta_in_1877.wav
google/fleurs,ta_in,Tamil,south_asia,1685,15.38,16000,CC-BY 4.0,https://huggingface.co/datasets/google/fleurs,experiments/audio_full/ta_in_1685.wav
google/fleurs,ta_in,Tamil,south_asia,1938,7.5,16000,CC-BY 4.0,https://huggingface.co/datasets/google/fleurs,experiments/audio_full/ta_in_1938.wav
google/fleurs,ta_in,Tamil,south_asia,1760,9.0,16000,CC-BY 4.0,https://huggingface.co/datasets/google/fleurs,experiments/audio_full/ta_in_1760.wav
google/fleurs,ta_in,Tamil,south_asia,1747,5.94,16000,CC-BY 4.0,https://huggingface.co/datasets/google/fleurs,experiments/audio_full/ta_in_1747.wav
google/fleurs,ta_in,Tamil,south_asia,1813,19.14,16000,CC-BY 4.0,https://huggingface.co/datasets/google/fleurs,experiments/audio_full/ta_in_1813.wav
google/fleurs,ta_in,Tamil,south_asia,1986,14.94,16000,CC-BY 4.0,https://huggingface.co/datasets/google/fleurs,experiments/audio_full/ta_in_1986.wav
google/fleurs,ta_in,Tamil,south_asia,1794,9.54,16000,CC-BY 4.0,https://huggingface.co/datasets/google/fleurs,experiments/audio_full/ta_in_1794.wav
google/fleurs,ta_in,Tamil,south_asia,1756,19.26,16000,CC-BY 4.0,https://huggingface.co/datasets/google/fleurs,experiments/audio_full/ta_in_1756.wav
google/fleurs,ta_in,Tamil,south_asia,1780,13.32,16000,CC-BY 4.0,https://huggingface.co/datasets/google/fleurs,experiments/audio_full/ta_in_1780.wav
google/fleurs,ta_in,Tamil,south_asia,1714,19.08,16000,CC-BY 4.0,https://huggingface.co/datasets/google/fleurs,experiments/audio_full/ta_in_1714.wav
google/fleurs,ta_in,Tamil,south_asia,1964,10.68,16000,CC-BY 4.0,https://huggingface.co/datasets/google/fleurs,experiments/audio_full/ta_in_1964.wav
google/fleurs,ta_in,Tamil,south_asia,1909,6.96,16000,CC-BY 4.0,https://huggingface.co/datasets/google/fleurs,experiments/audio_full/ta_in_1909.wav
google/fleurs,ta_in,Tamil,south_asia,1704,11.4,16000,CC-BY 4.0,https://huggingface.co/datasets/google/fleurs,experiments/audio_full/ta_in_1704.wav
google/fleurs,ta_in,Tamil,south_asia,1696,9.96,16000,CC-BY 4.0,https://huggingface.co/datasets/google/fleurs,experiments/audio_full/ta_in_1696.wav
google/fleurs,ta_in,Tamil,south_asia,1808,12.0,16000,CC-BY 4.0,https://huggingface.co/datasets/google/fleurs,experiments/audio_full/ta_in_1808.wav
google/fleurs,ta_in,Tamil,south_asia,1797,6.66,16000,CC-BY 4.0,https://huggingface.co/datasets/google/fleurs,experiments/audio_full/ta_in_1797.wav
google/fleurs,ta_in,Tamil,south_asia,1960,14.52,16000,CC-BY 4.0,https://huggingface.co/datasets/google/fleurs,experiments/audio_full/ta_in_1960.wav
google/fleurs,ta_in,Tamil,south_asia,1754,13.74,16000,CC-BY 4.0,https://huggingface.co/datasets/google/fleurs,experiments/audio_full/ta_in_1754.wav
google/fleurs,ta_in,Tamil,south_asia,1833,14.04,16000,CC-BY 4.0,https://huggingface.co/datasets/google/fleurs,experiments/audio_full/ta_in_1833.wav
google/fleurs,ta_in,Tamil,south_asia,1676,5.76,16000,CC-BY 4.0,https://huggingface.co/datasets/google/fleurs,experiments/audio_full/ta_in_1676.wav
google/fleurs,ta_in,Tamil,south_asia,1955,12.3,16000,CC-BY 4.0,https://huggingface.co/datasets/google/fleurs,experiments/audio_full/ta_in_1955.wav
google/fleurs,ta_in,Tamil,south_asia,2009,13.4,16000,CC-BY 4.0,https://huggingface.co/datasets/google/fleurs,experiments/audio_full/ta_in_2009.wav
google/fleurs,ta_in,Tamil,south_asia,1883,17.94,16000,CC-BY 4.0,https://huggingface.co/datasets/google/fleurs,experiments/audio_full/ta_in_1883.wav
google/fleurs,ta_in,Tamil,south_asia,1717,11.1,16000,CC-BY 4.0,https://huggingface.co/datasets/google/fleurs,experiments/audio_full/ta_in_1717.wav
google/fleurs,ta_in,Tamil,south_asia,1777,16.02,16000,CC-BY 4.0,https://huggingface.co/datasets/google/fleurs,experiments/audio_full/ta_in_1777.wav
google/fleurs,ta_in,Tamil,south_asia,1876,11.52,16000,CC-BY 4.0,https://huggingface.co/datasets/google/fleurs,experiments/audio_full/ta_in_1876.wav
google/fleurs,ta_in,Tamil,south_asia,1710,9.36,16000,CC-BY 4.0,https://huggingface.co/datasets/google/fleurs,experiments/audio_full/ta_in_1710.wav
google/fleurs,ta_in,Tamil,south_asia,1997,16.08,16000,CC-BY 4.0,https://huggingface.co/datasets/google/fleurs,experiments/audio_full/ta_in_1997.wav
google/fleurs,ta_in,Tamil,south_asia,1907,6.36,16000,CC-BY 4.0,https://huggingface.co/datasets/google/fleurs,experiments/audio_full/ta_in_1907.wav
google/fleurs,ta_in,Tamil,south_asia,1868,16.2,16000,CC-BY 4.0,https://huggingface.co/datasets/google/fleurs,experiments/audio_full/ta_in_1868.wav
google/fleurs,ta_in,Tamil,south_asia,1664,11.58,16000,CC-BY 4.0,https://huggingface.co/datasets/google/fleurs,experiments/audio_full/ta_in_1664.wav
google/fleurs,ta_in,Tamil,south_asia,1888,18.96,16000,CC-BY 4.0,https://huggingface.co/datasets/google/fleurs,experiments/audio_full/ta_in_1888.wav
google/fleurs,ta_in,Tamil,south_asia,1689,22.38,16000,CC-BY 4.0,https://huggingface.co/datasets/google/fleurs,experiments/audio_full/ta_in_1689.wav
google/fleurs,ta_in,Tamil,south_asia,1783,11.52,16000,CC-BY 4.0,https://huggingface.co/datasets/google/fleurs,experiments/audio_full/ta_in_1783.wav
google/fleurs,ta_in,Tamil,south_asia,1721,20.7,16000,CC-BY 4.0,https://huggingface.co/datasets/google/fleurs,experiments/audio_full/ta_in_1721.wav
google/fleurs,ta_in,Tamil,south_asia,1836,16.08,16000,CC-BY 4.0,https://huggingface.co/datasets/google/fleurs,experiments/audio_full/ta_in_1836.wav
google/fleurs,ta_in,Tamil,south_asia,1851,9.0,16000,CC-BY 4.0,https://huggingface.co/datasets/google/fleurs,experiments/audio_full/ta_in_1851.wav
google/fleurs,ta_in,Tamil,south_asia,1875,10.92,16000,CC-BY 4.0,https://huggingface.co/datasets/google/fleurs,experiments/audio_full/ta_in_1875.wav
google/fleurs,ta_in,Tamil,south_asia,1700,16.08,16000,CC-BY 4.0,https://huggingface.co/datasets/google/fleurs,experiments/audio_full/ta_in_1700.wav
google/fleurs,ta_in,Tamil,south_asia,1680,20.76,16000,CC-BY 4.0,https://huggingface.co/datasets/google/fleurs,experiments/audio_full/ta_in_1680.wav
google/fleurs,ta_in,Tamil,south_asia,1969,11.64,16000,CC-BY 4.0,https://huggingface.co/datasets/google/fleurs,experiments/audio_full/ta_in_1969.wav
google/fleurs,ta_in,Tamil,south_asia,1742,11.76,16000,CC-BY 4.0,https://huggingface.co/datasets/google/fleurs,experiments/audio_full/ta_in_1742.wav
google/fleurs,ta_in,Tamil,south_asia,1870,5.28,16000,CC-BY 4.0,https://huggingface.co/datasets/google/fleurs,experiments/audio_full/ta_in_1870.wav
google/fleurs,ta_in,Tamil,south_asia,1706,23.7,16000,CC-BY 4.0,https://huggingface.co/datasets/google/fleurs,experiments/audio_full/ta_in_1706.wav
google/fleurs,ta_in,Tamil,south_asia,1739,10.14,16000,CC-BY 4.0,https://huggingface.co/datasets/google/fleurs,experiments/audio_full/ta_in_1739.wav
google/fleurs,ta_in,Tamil,south_asia,1836,17.92,16000,CC-BY 4.0,https://huggingface.co/datasets/google/fleurs,experiments/audio_full/ta_in_1836.wav
google/fleurs,ta_in,Tamil,south_asia,1928,8.96,16000,CC-BY 4.0,https://huggingface.co/datasets/google/fleurs,experiments/audio_full/ta_in_1928.wav
google/fleurs,ta_in,Tamil,south_asia,1958,11.28,16000,CC-BY 4.0,https://huggingface.co/datasets/google/fleurs,experiments/audio_full/ta_in_1958.wav
google/fleurs,ta_in,Tamil,south_asia,1669,9.36,16000,CC-BY 4.0,https://huggingface.co/datasets/google/fleurs,experiments/audio_full/ta_in_1669.wav
google/fleurs,ta_in,Tamil,south_asia,1856,10.92,16000,CC-BY 4.0,https://huggingface.co/datasets/google/fleurs,experiments/audio_full/ta_in_1856.wav
google/fleurs,ta_in,Tamil,south_asia,1726,8.76,16000,CC-BY 4.0,https://huggingface.co/datasets/google/fleurs,experiments/audio_full/ta_in_1726.wav
google/fleurs,ta_in,Tamil,south_asia,1882,14.82,16000,CC-BY 4.0,https://huggingface.co/datasets/google/fleurs,experiments/audio_full/ta_in_1882.wav
google/fleurs,ta_in,Tamil,south_asia,1826,5.4,16000,CC-BY 4.0,https://huggingface.co/datasets/google/fleurs,experiments/audio_full/ta_in_1826.wav
google/fleurs,ta_in,Tamil,south_asia,1838,7.32,16000,CC-BY 4.0,https://huggingface.co/datasets/google/fleurs,experiments/audio_full/ta_in_1838.wav
google/fleurs,ta_in,Tamil,south_asia,1768,10.02,16000,CC-BY 4.0,https://huggingface.co/datasets/google/fleurs,experiments/audio_full/ta_in_1768.wav
google/fleurs,ta_in,Tamil,south_asia,1686,14.16,16000,CC-BY 4.0,https://huggingface.co/datasets/google/fleurs,experiments/audio_full/ta_in_1686.wav
google/fleurs,ta_in,Tamil,south_asia,1948,18.96,16000,CC-BY 4.0,https://huggingface.co/datasets/google/fleurs,experiments/audio_full/ta_in_1948.wav
google/fleurs,ta_in,Tamil,south_asia,1948,14.28,16000,CC-BY 4.0,https://huggingface.co/datasets/google/fleurs,experiments/audio_full/ta_in_1948.wav
google/fleurs,ta_in,Tamil,south_asia,1762,6.84,16000,CC-BY 4.0,https://huggingface.co/datasets/google/fleurs,experiments/audio_full/ta_in_1762.wav
google/fleurs,ta_in,Tamil,south_asia,1835,15.0,16000,CC-BY 4.0,https://huggingface.co/datasets/google/fleurs,experiments/audio_full/ta_in_1835.wav
google/fleurs,ta_in,Tamil,south_asia,1711,16.62,16000,CC-BY 4.0,https://huggingface.co/datasets/google/fleurs,experiments/audio_full/ta_in_1711.wav
google/fleurs,ta_in,Tamil,south_asia,1963,12.12,16000,CC-BY 4.0,https://huggingface.co/datasets/google/fleurs,experiments/audio_full/ta_in_1963.wav
google/fleurs,ta_in,Tamil,south_asia,1956,11.04,16000,CC-BY 4.0,https://huggingface.co/datasets/google/fleurs,experiments/audio_full/ta_in_1956.wav
google/fleurs,ta_in,Tamil,south_asia,1997,17.52,16000,CC-BY 4.0,https://huggingface.co/datasets/google/fleurs,experiments/audio_full/ta_in_1997.wav
google/fleurs,ta_in,Tamil,south_asia,1975,10.32,16000,CC-BY 4.0,https://huggingface.co/datasets/google/fleurs,experiments/audio_full/ta_in_1975.wav
google/fleurs,ta_in,Tamil,south_asia,1849,8.88,16000,CC-BY 4.0,https://huggingface.co/datasets/google/fleurs,experiments/audio_full/ta_in_1849.wav
google/fleurs,ta_in,Tamil,south_asia,1921,19.32,16000,CC-BY 4.0,https://huggingface.co/datasets/google/fleurs,experiments/audio_full/ta_in_1921.wav
google/fleurs,ta_in,Tamil,south_asia,1795,19.68,16000,CC-BY 4.0,https://huggingface.co/datasets/google/fleurs,experiments/audio_full/ta_in_1795.wav
google/fleurs,ta_in,Tamil,south_asia,1661,9.72,16000,CC-BY 4.0,https://huggingface.co/datasets/google/fleurs,experiments/audio_full/ta_in_1661.wav
google/fleurs,ta_in,Tamil,south_asia,1746,11.7,16000,CC-BY 4.0,https://huggingface.co/datasets/google/fleurs,experiments/audio_full/ta_in_1746.wav
google/fleurs,ta_in,Tamil,south_asia,1972,8.88,16000,CC-BY 4.0,https://huggingface.co/datasets/google/fleurs,experiments/audio_full/ta_in_1972.wav
google/fleurs,ta_in,Tamil,south_asia,1764,12.18,16000,CC-BY 4.0,https://huggingface.co/datasets/google/fleurs,experiments/audio_full/ta_in_1764.wav
google/fleurs,ta_in,Tamil,south_asia,1848,18.66,16000,CC-BY 4.0,https://huggingface.co/datasets/google/fleurs,experiments/audio_full/ta_in_1848.wav
google/fleurs,ta_in,Tamil,south_asia,1979,12.84,16000,CC-BY 4.0,https://huggingface.co/datasets/google/fleurs,experiments/audio_full/ta_in_1979.wav
google/fleurs,ta_in,Tamil,south_asia,1957,15.24,16000,CC-BY 4.0,https://huggingface.co/datasets/google/fleurs,experiments/audio_full/ta_in_1957.wav
google/fleurs,ta_in,Tamil,south_asia,1707,7.14,16000,CC-BY 4.0,https://huggingface.co/datasets/google/fleurs,experiments/audio_full/ta_in_1707.wav
google/fleurs,ta_in,Tamil,south_asia,1723,21.66,16000,CC-BY 4.0,https://huggingface.co/datasets/google/fleurs,experiments/audio_full/ta_in_1723.wav
google/fleurs,ta_in,Tamil,south_asia,1897,14.64,16000,CC-BY 4.0,https://huggingface.co/datasets/google/fleurs,experiments/audio_full/ta_in_1897.wav
google/fleurs,ta_in,Tamil,south_asia,1871,5.04,16000,CC-BY 4.0,https://huggingface.co/datasets/google/fleurs,experiments/audio_full/ta_in_1871.wav
google/fleurs,ta_in,Tamil,south_asia,1932,21.24,16000,CC-BY 4.0,https://huggingface.co/datasets/google/fleurs,experiments/audio_full/ta_in_1932.wav
google/fleurs,ta_in,Tamil,south_asia,1701,14.4,16000,CC-BY 4.0,https://huggingface.co/datasets/google/fleurs,experiments/audio_full/ta_in_1701.wav
google/fleurs,ta_in,Tamil,south_asia,1982,11.46,16000,CC-BY 4.0,https://huggingface.co/datasets/google/fleurs,experiments/audio_full/ta_in_1982.wav
google/fleurs,ta_in,Tamil,south_asia,1950,15.96,16000,CC-BY 4.0,https://huggingface.co/datasets/google/fleurs,experiments/audio_full/ta_in_1950.wav
google/fleurs,ta_in,Tamil,south_asia,1935,9.18,16000,CC-BY 4.0,https://huggingface.co/datasets/google/fleurs,experiments/audio_full/ta_in_1935.wav
google/fleurs,ta_in,Tamil,south_asia,1661,12.24,16000,CC-BY 4.0,https://huggingface.co/datasets/google/fleurs,experiments/audio_full/ta_in_1661.wav
google/fleurs,ta_in,Tamil,south_asia,1923,24.36,16000,CC-BY 4.0,https://huggingface.co/datasets/google/fleurs,experiments/audio_full/ta_in_1923.wav
google/fleurs,ta_in,Tamil,south_asia,1738,12.9,16000,CC-BY 4.0,https://huggingface.co/datasets/google/fleurs,experiments/audio_full/ta_in_1738.wav
google/fleurs,ta_in,Tamil,south_asia,1979,17.76,16000,CC-BY 4.0,https://huggingface.co/datasets/google/fleurs,experiments/audio_full/ta_in_1979.wav
google/fleurs,ta_in,Tamil,south_asia,1958,8.88,16000,CC-BY 4.0,https://huggingface.co/datasets/google/fleurs,experiments/audio_full/ta_in_1958.wav
google/fleurs,ta_in,Tamil,south_asia,1961,16.2,16000,CC-BY 4.0,https://huggingface.co/datasets/google/fleurs,experiments/audio_full/ta_in_1961.wav
google/fleurs,ta_in,Tamil,south_asia,2007,13.62,16000,CC-BY 4.0,https://huggingface.co/datasets/google/fleurs,experiments/audio_full/ta_in_2007.wav
google/fleurs,ta_in,Tamil,south_asia,1665,10.5,16000,CC-BY 4.0,https://huggingface.co/datasets/google/fleurs,experiments/audio_full/ta_in_1665.wav
google/fleurs,ta_in,Tamil,south_asia,1899,17.22,16000,CC-BY 4.0,https://huggingface.co/datasets/google/fleurs,experiments/audio_full/ta_in_1899.wav
google/fleurs,ta_in,Tamil,south_asia,1824,13.32,16000,CC-BY 4.0,https://huggingface.co/datasets/google/fleurs,experiments/audio_full/ta_in_1824.wav
google/fleurs,ta_in,Tamil,south_asia,1763,12.3,16000,CC-BY 4.0,https://huggingface.co/datasets/google/fleurs,experiments/audio_full/ta_in_1763.wav
google/fleurs,ta_in,Tamil,south_asia,1935,7.5,16000,CC-BY 4.0,https://huggingface.co/datasets/google/fleurs,experiments/audio_full/ta_in_1935.wav
google/fleurs,ta_in,Tamil,south_asia,1709,12.72,16000,CC-BY 4.0,https://huggingface.co/datasets/google/fleurs,experiments/audio_full/ta_in_1709.wav
google/fleurs,ta_in,Tamil,south_asia,1745,13.26,16000,CC-BY 4.0,https://huggingface.co/datasets/google/fleurs,experiments/audio_full/ta_in_1745.wav
google/fleurs,ta_in,Tamil,south_asia,1665,12.12,16000,CC-BY 4.0,https://huggingface.co/datasets/google/fleurs,experiments/audio_full/ta_in_1665.wav
google/fleurs,ta_in,Tamil,south_asia,1698,8.4,16000,CC-BY 4.0,https://huggingface.co/datasets/google/fleurs,experiments/audio_full/ta_in_1698.wav
google/fleurs,ta_in,Tamil,south_asia,1677,8.16,16000,CC-BY 4.0,https://huggingface.co/datasets/google/fleurs,experiments/audio_full/ta_in_1677.wav
google/fleurs,ta_in,Tamil,south_asia,1787,14.88,16000,CC-BY 4.0,https://huggingface.co/datasets/google/fleurs,experiments/audio_full/ta_in_1787.wav
google/fleurs,ta_in,Tamil,south_asia,1671,19.32,16000,CC-BY 4.0,https://huggingface.co/datasets/google/fleurs,experiments/audio_full/ta_in_1671.wav
google/fleurs,ta_in,Tamil,south_asia,1697,7.9,16000,CC-BY 4.0,https://huggingface.co/datasets/google/fleurs,experiments/audio_full/ta_in_1697.wav
google/fleurs,ta_in,Tamil,south_asia,1816,13.68,16000,CC-BY 4.0,https://huggingface.co/datasets/google/fleurs,experiments/audio_full/ta_in_1816.wav
google/fleurs,ta_in,Tamil,south_asia,1872,12.72,16000,CC-BY 4.0,https://huggingface.co/datasets/google/fleurs,experiments/audio_full/ta_in_1872.wav
google/fleurs,ta_in,Tamil,south_asia,1825,9.12,16000,CC-BY 4.0,https://huggingface.co/datasets/google/fleurs,experiments/audio_full/ta_in_1825.wav
google/fleurs,ta_in,Tamil,south_asia,1847,27.72,16000,CC-BY 4.0,https://huggingface.co/datasets/google/fleurs,experiments/audio_full/ta_in_1847.wav
google/fleurs,ta_in,Tamil,south_asia,1729,21.3,16000,CC-BY 4.0,https://huggingface.co/datasets/google/fleurs,experiments/audio_full/ta_in_1729.wav
google/fleurs,ta_in,Tamil,south_asia,1906,10.62,16000,CC-BY 4.0,https://huggingface.co/datasets/google/fleurs,experiments/audio_full/ta_in_1906.wav
google/fleurs,ta_in,Tamil,south_asia,1748,5.94,16000,CC-BY 4.0,https://huggingface.co/datasets/google/fleurs,experiments/audio_full/ta_in_1748.wav
google/fleurs,ta_in,Tamil,south_asia,1678,18.9,16000,CC-BY 4.0,https://huggingface.co/datasets/google/fleurs,experiments/audio_full/ta_in_1678.wav
google/fleurs,ta_in,Tamil,south_asia,1728,6.54,16000,CC-BY 4.0,https://huggingface.co/datasets/google/fleurs,experiments/audio_full/ta_in_1728.wav
google/fleurs,ta_in,Tamil,south_asia,1820,11.46,16000,CC-BY 4.0,https://huggingface.co/datasets/google/fleurs,experiments/audio_full/ta_in_1820.wav
google/fleurs,ta_in,Tamil,south_asia,1815,12.48,16000,CC-BY 4.0,https://huggingface.co/datasets/google/fleurs,experiments/audio_full/ta_in_1815.wav
google/fleurs,ta_in,Tamil,south_asia,1678,9.6,16000,CC-BY 4.0,https://huggingface.co/datasets/google/fleurs,experiments/audio_full/ta_in_1678.wav
google/fleurs,ta_in,Tamil,south_asia,1859,13.26,16000,CC-BY 4.0,https://huggingface.co/datasets/google/fleurs,experiments/audio_full/ta_in_1859.wav
google/fleurs,ta_in,Tamil,south_asia,1759,25.5,16000,CC-BY 4.0,https://huggingface.co/datasets/google/fleurs,experiments/audio_full/ta_in_1759.wav
google/fleurs,ta_in,Tamil,south_asia,2000,13.26,16000,CC-BY 4.0,https://huggingface.co/datasets/google/fleurs,experiments/audio_full/ta_in_2000.wav
google/fleurs,ta_in,Tamil,south_asia,1817,8.1,16000,CC-BY 4.0,https://huggingface.co/datasets/google/fleurs,experiments/audio_full/ta_in_1817.wav
google/fleurs,ta_in,Tamil,south_asia,1725,14.4,16000,CC-BY 4.0,https://huggingface.co/datasets/google/fleurs,experiments/audio_full/ta_in_1725.wav
google/fleurs,ta_in,Tamil,south_asia,1747,17.82,16000,CC-BY 4.0,https://huggingface.co/datasets/google/fleurs,experiments/audio_full/ta_in_1747.wav
google/fleurs,ta_in,Tamil,south_asia,1765,7.56,16000,CC-BY 4.0,https://huggingface.co/datasets/google/fleurs,experiments/audio_full/ta_in_1765.wav
google/fleurs,ta_in,Tamil,south_asia,1889,6.72,16000,CC-BY 4.0,https://huggingface.co/datasets/google/fleurs,experiments/audio_full/ta_in_1889.wav
google/fleurs,ta_in,Tamil,south_asia,1873,12.6,16000,CC-BY 4.0,https://huggingface.co/datasets/google/fleurs,experiments/audio_full/ta_in_1873.wav
google/fleurs,ta_in,Tamil,south_asia,1858,10.8,16000,CC-BY 4.0,https://huggingface.co/datasets/google/fleurs,experiments/audio_full/ta_in_1858.wav
google/fleurs,ta_in,Tamil,south_asia,1809,13.74,16000,CC-BY 4.0,https://huggingface.co/datasets/google/fleurs,experiments/audio_full/ta_in_1809.wav
google/fleurs,ta_in,Tamil,south_asia,1840,9.96,16000,CC-BY 4.0,https://huggingface.co/datasets/google/fleurs,experiments/audio_full/ta_in_1840.wav
google/fleurs,ta_in,Tamil,south_asia,2000,12.06,16000,CC-BY 4.0,https://huggingface.co/datasets/google/fleurs,experiments/audio_full/ta_in_2000.wav
google/fleurs,ta_in,Tamil,south_asia,1703,7.8,16000,CC-BY 4.0,https://huggingface.co/datasets/google/fleurs,experiments/audio_full/ta_in_1703.wav
google/fleurs,ta_in,Tamil,south_asia,1914,9.18,16000,CC-BY 4.0,https://huggingface.co/datasets/google/fleurs,experiments/audio_full/ta_in_1914.wav
google/fleurs,ta_in,Tamil,south_asia,1914,9.24,16000,CC-BY 4.0,https://huggingface.co/datasets/google/fleurs,experiments/audio_full/ta_in_1914.wav
google/fleurs,ta_in,Tamil,south_asia,1770,7.62,16000,CC-BY 4.0,https://huggingface.co/datasets/google/fleurs,experiments/audio_full/ta_in_1770.wav
google/fleurs,ta_in,Tamil,south_asia,1991,11.34,16000,CC-BY 4.0,https://huggingface.co/datasets/google/fleurs,experiments/audio_full/ta_in_1991.wav
google/fleurs,ta_in,Tamil,south_asia,1687,16.08,16000,CC-BY 4.0,https://huggingface.co/datasets/google/fleurs,experiments/audio_full/ta_in_1687.wav
google/fleurs,ta_in,Tamil,south_asia,1813,12.42,16000,CC-BY 4.0,https://huggingface.co/datasets/google/fleurs,experiments/audio_full/ta_in_1813.wav
google/fleurs,ta_in,Tamil,south_asia,1734,12.12,16000,CC-BY 4.0,https://huggingface.co/datasets/google/fleurs,experiments/audio_full/ta_in_1734.wav
google/fleurs,ta_in,Tamil,south_asia,1809,12.84,16000,CC-BY 4.0,https://huggingface.co/datasets/google/fleurs,experiments/audio_full/ta_in_1809.wav
google/fleurs,ta_in,Tamil,south_asia,1803,21.9,16000,CC-BY 4.0,https://huggingface.co/datasets/google/fleurs,experiments/audio_full/ta_in_1803.wav
google/fleurs,ta_in,Tamil,south_asia,1973,16.32,16000,CC-BY 4.0,https://huggingface.co/datasets/google/fleurs,experiments/audio_full/ta_in_1973.wav
google/fleurs,ta_in,Tamil,south_asia,1970,21.66,16000,CC-BY 4.0,https://huggingface.co/datasets/google/fleurs,experiments/audio_full/ta_in_1970.wav
google/fleurs,ta_in,Tamil,south_asia,2008,11.04,16000,CC-BY 4.0,https://huggingface.co/datasets/google/fleurs,experiments/audio_full/ta_in_2008.wav
google/fleurs,ta_in,Tamil,south_asia,1731,6.06,16000,CC-BY 4.0,https://huggingface.co/datasets/google/fleurs,experiments/audio_full/ta_in_1731.wav
google/fleurs,ta_in,Tamil,south_asia,1864,19.5,16000,CC-BY 4.0,https://huggingface.co/datasets/google/fleurs,experiments/audio_full/ta_in_1864.wav
google/fleurs,ta_in,Tamil,south_asia,1780,11.76,16000,CC-BY 4.0,https://huggingface.co/datasets/google/fleurs,experiments/audio_full/ta_in_1780.wav
google/fleurs,ta_in,Tamil,south_asia,1783,10.92,16000,CC-BY 4.0,https://huggingface.co/datasets/google/fleurs,experiments/audio_full/ta_in_1783.wav
google/fleurs,ta_in,Tamil,south_asia,1827,9.42,16000,CC-BY 4.0,https://huggingface.co/datasets/google/fleurs,experiments/audio_full/ta_in_1827.wav
google/fleurs,ta_in,Tamil,south_asia,1952,11.52,16000,CC-BY 4.0,https://huggingface.co/datasets/google/fleurs,experiments/audio_full/ta_in_1952.wav
google/fleurs,ta_in,Tamil,south_asia,1804,15.66,16000,CC-BY 4.0,https://huggingface.co/datasets/google/fleurs,experiments/audio_full/ta_in_1804.wav
google/fleurs,ta_in,Tamil,south_asia,1704,12.3,16000,CC-BY 4.0,https://huggingface.co/datasets/google/fleurs,experiments/audio_full/ta_in_1704.wav
google/fleurs,ta_in,Tamil,south_asia,1821,7.68,16000,CC-BY 4.0,https://huggingface.co/datasets/google/fleurs,experiments/audio_full/ta_in_1821.wav
google/fleurs,ta_in,Tamil,south_asia,1755,4.62,16000,CC-BY 4.0,https://huggingface.co/datasets/google/fleurs,experiments/audio_full/ta_in_1755.wav
google/fleurs,ta_in,Tamil,south_asia,1796,10.8,16000,CC-BY 4.0,https://huggingface.co/datasets/google/fleurs,experiments/audio_full/ta_in_1796.wav
google/fleurs,ta_in,Tamil,south_asia,1987,7.56,16000,CC-BY 4.0,https://huggingface.co/datasets/google/fleurs,experiments/audio_full/ta_in_1987.wav
google/fleurs,ta_in,Tamil,south_asia,1879,8.64,16000,CC-BY 4.0,https://huggingface.co/datasets/google/fleurs,experiments/audio_full/ta_in_1879.wav
google/fleurs,ta_in,Tamil,south_asia,1874,13.2,16000,CC-BY 4.0,https://huggingface.co/datasets/google/fleurs,experiments/audio_full/ta_in_1874.wav
google/fleurs,ta_in,Tamil,south_asia,1885,8.76,16000,CC-BY 4.0,https://huggingface.co/datasets/google/fleurs,experiments/audio_full/ta_in_1885.wav
google/fleurs,ta_in,Tamil,south_asia,1762,7.44,16000,CC-BY 4.0,https://huggingface.co/datasets/google/fleurs,experiments/audio_full/ta_in_1762.wav
google/fleurs,ta_in,Tamil,south_asia,2003,7.86,16000,CC-BY 4.0,https://huggingface.co/datasets/google/fleurs,experiments/audio_full/ta_in_2003.wav
google/fleurs,ta_in,Tamil,south_asia,1965,12.6,16000,CC-BY 4.0,https://huggingface.co/datasets/google/fleurs,experiments/audio_full/ta_in_1965.wav
google/fleurs,ta_in,Tamil,south_asia,1701,11.88,16000,CC-BY 4.0,https://huggingface.co/datasets/google/fleurs,experiments/audio_full/ta_in_1701.wav
google/fleurs,ta_in,Tamil,south_asia,1974,4.44,16000,CC-BY 4.0,https://huggingface.co/datasets/google/fleurs,experiments/audio_full/ta_in_1974.wav
google/fleurs,ta_in,Tamil,south_asia,1719,18.72,16000,CC-BY 4.0,https://huggingface.co/datasets/google/fleurs,experiments/audio_full/ta_in_1719.wav
google/fleurs,ta_in,Tamil,south_asia,1741,10.02,16000,CC-BY 4.0,https://huggingface.co/datasets/google/fleurs,experiments/audio_full/ta_in_1741.wav
google/fleurs,ta_in,Tamil,south_asia,1673,14.22,16000,CC-BY 4.0,https://huggingface.co/datasets/google/fleurs,experiments/audio_full/ta_in_1673.wav
google/fleurs,ta_in,Tamil,south_asia,1947,8.82,16000,CC-BY 4.0,https://huggingface.co/datasets/google/fleurs,experiments/audio_full/ta_in_1947.wav
google/fleurs,ta_in,Tamil,south_asia,1661,9.36,16000,CC-BY 4.0,https://huggingface.co/datasets/google/fleurs,experiments/audio_full/ta_in_1661.wav
google/fleurs,ta_in,Tamil,south_asia,1993,9.36,16000,CC-BY 4.0,https://huggingface.co/datasets/google/fleurs,experiments/audio_full/ta_in_1993.wav
google/fleurs,ta_in,Tamil,south_asia,1771,7.08,16000,CC-BY 4.0,https://huggingface.co/datasets/google/fleurs,experiments/audio_full/ta_in_1771.wav
google/fleurs,ta_in,Tamil,south_asia,1799,5.64,16000,CC-BY 4.0,https://huggingface.co/datasets/google/fleurs,experiments/audio_full/ta_in_1799.wav
google/fleurs,ta_in,Tamil,south_asia,1931,16.26,16000,CC-BY 4.0,https://huggingface.co/datasets/google/fleurs,experiments/audio_full/ta_in_1931.wav
google/fleurs,ta_in,Tamil,south_asia,1954,25.08,16000,CC-BY 4.0,https://huggingface.co/datasets/google/fleurs,experiments/audio_full/ta_in_1954.wav
google/fleurs,ta_in,Tamil,south_asia,1777,12.48,16000,CC-BY 4.0,https://huggingface.co/datasets/google/fleurs,experiments/audio_full/ta_in_1777.wav
google/fleurs,ta_in,Tamil,south_asia,1667,13.32,16000,CC-BY 4.0,https://huggingface.co/datasets/google/fleurs,experiments/audio_full/ta_in_1667.wav
google/fleurs,ta_in,Tamil,south_asia,1701,11.16,16000,CC-BY 4.0,https://huggingface.co/datasets/google/fleurs,experiments/audio_full/ta_in_1701.wav
google/fleurs,ta_in,Tamil,south_asia,1664,6.66,16000,CC-BY 4.0,https://huggingface.co/datasets/google/fleurs,experiments/audio_full/ta_in_1664.wav
google/fleurs,ta_in,Tamil,south_asia,1674,5.28,16000,CC-BY 4.0,https://huggingface.co/datasets/google/fleurs,experiments/audio_full/ta_in_1674.wav
google/fleurs,ta_in,Tamil,south_asia,1922,13.08,16000,CC-BY 4.0,https://huggingface.co/datasets/google/fleurs,experiments/audio_full/ta_in_1922.wav
google/fleurs,ta_in,Tamil,south_asia,1814,9.6,16000,CC-BY 4.0,https://huggingface.co/datasets/google/fleurs,experiments/audio_full/ta_in_1814.wav
google/fleurs,ta_in,Tamil,south_asia,1662,10.2,16000,CC-BY 4.0,https://huggingface.co/datasets/google/fleurs,experiments/audio_full/ta_in_1662.wav
google/fleurs,ta_in,Tamil,south_asia,1773,16.92,16000,CC-BY 4.0,https://huggingface.co/datasets/google/fleurs,experiments/audio_full/ta_in_1773.wav
google/fleurs,ta_in,Tamil,south_asia,1817,7.44,16000,CC-BY 4.0,https://huggingface.co/datasets/google/fleurs,experiments/audio_full/ta_in_1817.wav
google/fleurs,ta_in,Tamil,south_asia,1758,11.4,16000,CC-BY 4.0,https://huggingface.co/datasets/google/fleurs,experiments/audio_full/ta_in_1758.wav
google/fleurs,ta_in,Tamil,south_asia,1856,11.28,16000,CC-BY 4.0,https://huggingface.co/datasets/google/fleurs,experiments/audio_full/ta_in_1856.wav
google/fleurs,ta_in,Tamil,south_asia,1901,15.6,16000,CC-BY 4.0,https://huggingface.co/datasets/google/fleurs,experiments/audio_full/ta_in_1901.wav
google/fleurs,ta_in,Tamil,south_asia,1930,7.26,16000,CC-BY 4.0,https://huggingface.co/datasets/google/fleurs,experiments/audio_full/ta_in_1930.wav
google/fleurs,ta_in,Tamil,south_asia,1670,20.04,16000,CC-BY 4.0,https://huggingface.co/datasets/google/fleurs,experiments/audio_full/ta_in_1670.wav
google/fleurs,ta_in,Tamil,south_asia,1758,11.44,16000,CC-BY 4.0,https://huggingface.co/datasets/google/fleurs,experiments/audio_full/ta_in_1758.wav
google/fleurs,ta_in,Tamil,south_asia,1737,16.92,16000,CC-BY 4.0,https://huggingface.co/datasets/google/fleurs,experiments/audio_full/ta_in_1737.wav
google/fleurs,ta_in,Tamil,south_asia,1786,19.56,16000,CC-BY 4.0,https://huggingface.co/datasets/google/fleurs,experiments/audio_full/ta_in_1786.wav
google/fleurs,ta_in,Tamil,south_asia,2002,9.06,16000,CC-BY 4.0,https://huggingface.co/datasets/google/fleurs,experiments/audio_full/ta_in_2002.wav
google/fleurs,ta_in,Tamil,south_asia,1943,18.3,16000,CC-BY 4.0,https://huggingface.co/datasets/google/fleurs,experiments/audio_full/ta_in_1943.wav
google/fleurs,ta_in,Tamil,south_asia,1788,16.02,16000,CC-BY 4.0,https://huggingface.co/datasets/google/fleurs,experiments/audio_full/ta_in_1788.wav
google/fleurs,ta_in,Tamil,south_asia,1939,9.64,16000,CC-BY 4.0,https://huggingface.co/datasets/google/fleurs,experiments/audio_full/ta_in_1939.wav
google/fleurs,ta_in,Tamil,south_asia,1731,8.82,16000,CC-BY 4.0,https://huggingface.co/datasets/google/fleurs,experiments/audio_full/ta_in_1731.wav
google/fleurs,ta_in,Tamil,south_asia,1969,12.36,16000,CC-BY 4.0,https://huggingface.co/datasets/google/fleurs,experiments/audio_full/ta_in_1969.wav
google/fleurs,ta_in,Tamil,south_asia,1844,6.6,16000,CC-BY 4.0,https://huggingface.co/datasets/google/fleurs,experiments/audio_full/ta_in_1844.wav
google/fleurs,ta_in,Tamil,south_asia,1959,10.32,16000,CC-BY 4.0,https://huggingface.co/datasets/google/fleurs,experiments/audio_full/ta_in_1959.wav
google/fleurs,ta_in,Tamil,south_asia,1828,8.74,16000,CC-BY 4.0,https://huggingface.co/datasets/google/fleurs,experiments/audio_full/ta_in_1828.wav
google/fleurs,ta_in,Tamil,south_asia,1794,18.72,16000,CC-BY 4.0,https://huggingface.co/datasets/google/fleurs,experiments/audio_full/ta_in_1794.wav
google/fleurs,ta_in,Tamil,south_asia,1803,16.08,16000,CC-BY 4.0,https://huggingface.co/datasets/google/fleurs,experiments/audio_full/ta_in_1803.wav
google/fleurs,ta_in,Tamil,south_asia,1996,17.88,16000,CC-BY 4.0,https://huggingface.co/datasets/google/fleurs,experiments/audio_full/ta_in_1996.wav
google/fleurs,ta_in,Tamil,south_asia,1676,8.34,16000,CC-BY 4.0,https://huggingface.co/datasets/google/fleurs,experiments/audio_full/ta_in_1676.wav
google/fleurs,ta_in,Tamil,south_asia,1929,11.46,16000,CC-BY 4.0,https://huggingface.co/datasets/google/fleurs,experiments/audio_full/ta_in_1929.wav
google/fleurs,ta_in,Tamil,south_asia,1775,9.54,16000,CC-BY 4.0,https://huggingface.co/datasets/google/fleurs,experiments/audio_full/ta_in_1775.wav
google/fleurs,ta_in,Tamil,south_asia,1735,29.52,16000,CC-BY 4.0,https://huggingface.co/datasets/google/fleurs,experiments/audio_full/ta_in_1735.wav
google/fleurs,ta_in,Tamil,south_asia,1853,11.4,16000,CC-BY 4.0,https://huggingface.co/datasets/google/fleurs,experiments/audio_full/ta_in_1853.wav
google/fleurs,ta_in,Tamil,south_asia,1857,16.56,16000,CC-BY 4.0,https://huggingface.co/datasets/google/fleurs,experiments/audio_full/ta_in_1857.wav
google/fleurs,ta_in,Tamil,south_asia,1686,9.48,16000,CC-BY 4.0,https://huggingface.co/datasets/google/fleurs,experiments/audio_full/ta_in_1686.wav
google/fleurs,ta_in,Tamil,south_asia,1994,12.12,16000,CC-BY 4.0,https://huggingface.co/datasets/google/fleurs,experiments/audio_full/ta_in_1994.wav
google/fleurs,ta_in,Tamil,south_asia,1818,8.7,16000,CC-BY 4.0,https://huggingface.co/datasets/google/fleurs,experiments/audio_full/ta_in_1818.wav
google/fleurs,ta_in,Tamil,south_asia,1742,10.64,16000,CC-BY 4.0,https://huggingface.co/datasets/google/fleurs,experiments/audio_full/ta_in_1742.wav
google/fleurs,ta_in,Tamil,south_asia,1753,15.06,16000,CC-BY 4.0,https://huggingface.co/datasets/google/fleurs,experiments/audio_full/ta_in_1753.wav
google/fleurs,ta_in,Tamil,south_asia,1995,13.32,16000,CC-BY 4.0,https://huggingface.co/datasets/google/fleurs,experiments/audio_full/ta_in_1995.wav
google/fleurs,ta_in,Tamil,south_asia,1967,12.9,16000,CC-BY 4.0,https://huggingface.co/datasets/google/fleurs,experiments/audio_full/ta_in_1967.wav
google/fleurs,ta_in,Tamil,south_asia,1903,12.96,16000,CC-BY 4.0,https://huggingface.co/datasets/google/fleurs,experiments/audio_full/ta_in_1903.wav
google/fleurs,ta_in,Tamil,south_asia,1695,12.24,16000,CC-BY 4.0,https://huggingface.co/datasets/google/fleurs,experiments/audio_full/ta_in_1695.wav
google/fleurs,ta_in,Tamil,south_asia,1971,22.08,16000,CC-BY 4.0,https://huggingface.co/datasets/google/fleurs,experiments/audio_full/ta_in_1971.wav
google/fleurs,ta_in,Tamil,south_asia,1852,21.3,16000,CC-BY 4.0,https://huggingface.co/datasets/google/fleurs,experiments/audio_full/ta_in_1852.wav
google/fleurs,ta_in,Tamil,south_asia,1683,12.12,16000,CC-BY 4.0,https://huggingface.co/datasets/google/fleurs,experiments/audio_full/ta_in_1683.wav
google/fleurs,ta_in,Tamil,south_asia,1807,7.56,16000,CC-BY 4.0,https://huggingface.co/datasets/google/fleurs,experiments/audio_full/ta_in_1807.wav
google/fleurs,ta_in,Tamil,south_asia,1744,10.14,16000,CC-BY 4.0,https://huggingface.co/datasets/google/fleurs,experiments/audio_full/ta_in_1744.wav
google/fleurs,ta_in,Tamil,south_asia,1801,10.2,16000,CC-BY 4.0,https://huggingface.co/datasets/google/fleurs,experiments/audio_full/ta_in_1801.wav
google/fleurs,ta_in,Tamil,south_asia,1785,13.98,16000,CC-BY 4.0,https://huggingface.co/datasets/google/fleurs,experiments/audio_full/ta_in_1785.wav
google/fleurs,ta_in,Tamil,south_asia,1772,6.18,16000,CC-BY 4.0,https://huggingface.co/datasets/google/fleurs,experiments/audio_full/ta_in_1772.wav
google/fleurs,ta_in,Tamil,south_asia,1802,6.54,16000,CC-BY 4.0,https://huggingface.co/datasets/google/fleurs,experiments/audio_full/ta_in_1802.wav
google/fleurs,ta_in,Tamil,south_asia,1685,11.46,16000,CC-BY 4.0,https://huggingface.co/datasets/google/fleurs,experiments/audio_full/ta_in_1685.wav
google/fleurs,ta_in,Tamil,south_asia,1881,13.56,16000,CC-BY 4.0,https://huggingface.co/datasets/google/fleurs,experiments/audio_full/ta_in_1881.wav
google/fleurs,ta_in,Tamil,south_asia,1984,12.18,16000,CC-BY 4.0,https://huggingface.co/datasets/google/fleurs,experiments/audio_full/ta_in_1984.wav
google/fleurs,ta_in,Tamil,south_asia,1683,13.26,16000,CC-BY 4.0,https://huggingface.co/datasets/google/fleurs,experiments/audio_full/ta_in_1683.wav
google/fleurs,ta_in,Tamil,south_asia,1879,6.72,16000,CC-BY 4.0,https://huggingface.co/datasets/google/fleurs,experiments/audio_full/ta_in_1879.wav
google/fleurs,ta_in,Tamil,south_asia,1968,28.92,16000,CC-BY 4.0,https://huggingface.co/datasets/google/fleurs,experiments/audio_full/ta_in_1968.wav
google/fleurs,ta_in,Tamil,south_asia,1812,9.06,16000,CC-BY 4.0,https://huggingface.co/datasets/google/fleurs,experiments/audio_full/ta_in_1812.wav
google/fleurs,ta_in,Tamil,south_asia,1945,8.28,16000,CC-BY 4.0,https://huggingface.co/datasets/google/fleurs,experiments/audio_full/ta_in_1945.wav
google/fleurs,ta_in,Tamil,south_asia,1678,11.42,16000,CC-BY 4.0,https://huggingface.co/datasets/google/fleurs,experiments/audio_full/ta_in_1678.wav
google/fleurs,ta_in,Tamil,south_asia,1829,12.06,16000,CC-BY 4.0,https://huggingface.co/datasets/google/fleurs,experiments/audio_full/ta_in_1829.wav
google/fleurs,ta_in,Tamil,south_asia,1895,9.24,16000,CC-BY 4.0,https://huggingface.co/datasets/google/fleurs,experiments/audio_full/ta_in_1895.wav
google/fleurs,ta_in,Tamil,south_asia,1770,6.78,16000,CC-BY 4.0,https://huggingface.co/datasets/google/fleurs,experiments/audio_full/ta_in_1770.wav
google/fleurs,ta_in,Tamil,south_asia,1726,10.98,16000,CC-BY 4.0,https://huggingface.co/datasets/google/fleurs,experiments/audio_full/ta_in_1726.wav
google/fleurs,ta_in,Tamil,south_asia,1750,6.12,16000,CC-BY 4.0,https://huggingface.co/datasets/google/fleurs,experiments/audio_full/ta_in_1750.wav
google/fleurs,ta_in,Tamil,south_asia,1674,8.1,16000,CC-BY 4.0,https://huggingface.co/datasets/google/fleurs,experiments/audio_full/ta_in_1674.wav
google/fleurs,ta_in,Tamil,south_asia,1796,8.22,16000,CC-BY 4.0,https://huggingface.co/datasets/google/fleurs,experiments/audio_full/ta_in_1796.wav
google/fleurs,ta_in,Tamil,south_asia,1981,8.4,16000,CC-BY 4.0,https://huggingface.co/datasets/google/fleurs,experiments/audio_full/ta_in_1981.wav
google/fleurs,ta_in,Tamil,south_asia,1884,8.16,16000,CC-BY 4.0,https://huggingface.co/datasets/google/fleurs,experiments/audio_full/ta_in_1884.wav
google/fleurs,ta_in,Tamil,south_asia,1782,12.0,16000,CC-BY 4.0,https://huggingface.co/datasets/google/fleurs,experiments/audio_full/ta_in_1782.wav
google/fleurs,ta_in,Tamil,south_asia,1722,13.68,16000,CC-BY 4.0,https://huggingface.co/datasets/google/fleurs,experiments/audio_full/ta_in_1722.wav
google/fleurs,ta_in,Tamil,south_asia,1691,12.06,16000,CC-BY 4.0,https://huggingface.co/datasets/google/fleurs,experiments/audio_full/ta_in_1691.wav
google/fleurs,ta_in,Tamil,south_asia,1734,14.1,16000,CC-BY 4.0,https://huggingface.co/datasets/google/fleurs,experiments/audio_full/ta_in_1734.wav
google/fleurs,ta_in,Tamil,south_asia,1931,11.46,16000,CC-BY 4.0,https://huggingface.co/datasets/google/fleurs,experiments/audio_full/ta_in_1931.wav
google/fleurs,ta_in,Tamil,south_asia,1990,24.36,16000,CC-BY 4.0,https://huggingface.co/datasets/google/fleurs,experiments/audio_full/ta_in_1990.wav
google/fleurs,ta_in,Tamil,south_asia,1670,26.1,16000,CC-BY 4.0,https://huggingface.co/datasets/google/fleurs,experiments/audio_full/ta_in_1670.wav
google/fleurs,ta_in,Tamil,south_asia,1765,14.82,16000,CC-BY 4.0,https://huggingface.co/datasets/google/fleurs,experiments/audio_full/ta_in_1765.wav
google/fleurs,ta_in,Tamil,south_asia,1699,17.52,16000,CC-BY 4.0,https://huggingface.co/datasets/google/fleurs,experiments/audio_full/ta_in_1699.wav
google/fleurs,ta_in,Tamil,south_asia,1941,5.94,16000,CC-BY 4.0,https://huggingface.co/datasets/google/fleurs,experiments/audio_full/ta_in_1941.wav
google/fleurs,ta_in,Tamil,south_asia,1897,6.18,16000,CC-BY 4.0,https://huggingface.co/datasets/google/fleurs,experiments/audio_full/ta_in_1897.wav
google/fleurs,ta_in,Tamil,south_asia,1802,15.84,16000,CC-BY 4.0,https://huggingface.co/datasets/google/fleurs,experiments/audio_full/ta_in_1802.wav
google/fleurs,ta_in,Tamil,south_asia,1819,16.44,16000,CC-BY 4.0,https://huggingface.co/datasets/google/fleurs,experiments/audio_full/ta_in_1819.wav
google/fleurs,ta_in,Tamil,south_asia,1666,10.5,16000,CC-BY 4.0,https://huggingface.co/datasets/google/fleurs,experiments/audio_full/ta_in_1666.wav
google/fleurs,ta_in,Tamil,south_asia,1946,9.84,16000,CC-BY 4.0,https://huggingface.co/datasets/google/fleurs,experiments/audio_full/ta_in_1946.wav
google/fleurs,ta_in,Tamil,south_asia,1936,27.54,16000,CC-BY 4.0,https://huggingface.co/datasets/google/fleurs,experiments/audio_full/ta_in_1936.wav
google/fleurs,ta_in,Tamil,south_asia,1779,15.12,16000,CC-BY 4.0,https://huggingface.co/datasets/google/fleurs,experiments/audio_full/ta_in_1779.wav
google/fleurs,ta_in,Tamil,south_asia,1680,13.76,16000,CC-BY 4.0,https://huggingface.co/datasets/google/fleurs,experiments/audio_full/ta_in_1680.wav
google/fleurs,ta_in,Tamil,south_asia,1711,14.76,16000,CC-BY 4.0,https://huggingface.co/datasets/google/fleurs,experiments/audio_full/ta_in_1711.wav
google/fleurs,ta_in,Tamil,south_asia,1838,5.04,16000,CC-BY 4.0,https://huggingface.co/datasets/google/fleurs,experiments/audio_full/ta_in_1838.wav
google/fleurs,ta_in,Tamil,south_asia,1951,16.86,16000,CC-BY 4.0,https://huggingface.co/datasets/google/fleurs,experiments/audio_full/ta_in_1951.wav
google/fleurs,ta_in,Tamil,south_asia,2008,13.32,16000,CC-BY 4.0,https://huggingface.co/datasets/google/fleurs,experiments/audio_full/ta_in_2008.wav
google/fleurs,ta_in,Tamil,south_asia,1941,5.46,16000,CC-BY 4.0,https://huggingface.co/datasets/google/fleurs,experiments/audio_full/ta_in_1941.wav
google/fleurs,ta_in,Tamil,south_asia,1712,15.24,16000,CC-BY 4.0,https://huggingface.co/datasets/google/fleurs,experiments/audio_full/ta_in_1712.wav
google/fleurs,ta_in,Tamil,south_asia,1720,12.48,16000,CC-BY 4.0,https://huggingface.co/datasets/google/fleurs,experiments/audio_full/ta_in_1720.wav
google/fleurs,ta_in,Tamil,south_asia,1700,11.76,16000,CC-BY 4.0,https://huggingface.co/datasets/google/fleurs,experiments/audio_full/ta_in_1700.wav
google/fleurs,ta_in,Tamil,south_asia,1893,12.3,16000,CC-BY 4.0,https://huggingface.co/datasets/google/fleurs,experiments/audio_full/ta_in_1893.wav
google/fleurs,ta_in,Tamil,south_asia,1824,16.56,16000,CC-BY 4.0,https://huggingface.co/datasets/google/fleurs,experiments/audio_full/ta_in_1824.wav
google/fleurs,ta_in,Tamil,south_asia,1886,17.7,16000,CC-BY 4.0,https://huggingface.co/datasets/google/fleurs,experiments/audio_full/ta_in_1886.wav
google/fleurs,ta_in,Tamil,south_asia,1999,11.1,16000,CC-BY 4.0,https://huggingface.co/datasets/google/fleurs,experiments/audio_full/ta_in_1999.wav
google/fleurs,ta_in,Tamil,south_asia,1892,15.48,16000,CC-BY 4.0,https://huggingface.co/datasets/google/fleurs,experiments/audio_full/ta_in_1892.wav
google/fleurs,ta_in,Tamil,south_asia,1757,18.66,16000,CC-BY 4.0,https://huggingface.co/datasets/google/fleurs,experiments/audio_full/ta_in_1757.wav
google/fleurs,ta_in,Tamil,south_asia,1778,4.44,16000,CC-BY 4.0,https://huggingface.co/datasets/google/fleurs,experiments/audio_full/ta_in_1778.wav
google/fleurs,ta_in,Tamil,south_asia,1839,5.04,16000,CC-BY 4.0,https://huggingface.co/datasets/google/fleurs,experiments/audio_full/ta_in_1839.wav
google/fleurs,ta_in,Tamil,south_asia,1791,7.44,16000,CC-BY 4.0,https://huggingface.co/datasets/google/fleurs,experiments/audio_full/ta_in_1791.wav
google/fleurs,ta_in,Tamil,south_asia,1749,23.76,16000,CC-BY 4.0,https://huggingface.co/datasets/google/fleurs,experiments/audio_full/ta_in_1749.wav
google/fleurs,ta_in,Tamil,south_asia,1854,15.6,16000,CC-BY 4.0,https://huggingface.co/datasets/google/fleurs,experiments/audio_full/ta_in_1854.wav
google/fleurs,ta_in,Tamil,south_asia,1760,12.12,16000,CC-BY 4.0,https://huggingface.co/datasets/google/fleurs,experiments/audio_full/ta_in_1760.wav
google/fleurs,ta_in,Tamil,south_asia,1707,10.08,16000,CC-BY 4.0,https://huggingface.co/datasets/google/fleurs,experiments/audio_full/ta_in_1707.wav
google/fleurs,ta_in,Tamil,south_asia,1924,12.44,16000,CC-BY 4.0,https://huggingface.co/datasets/google/fleurs,experiments/audio_full/ta_in_1924.wav
google/fleurs,ta_in,Tamil,south_asia,1790,25.56,16000,CC-BY 4.0,https://huggingface.co/datasets/google/fleurs,experiments/audio_full/ta_in_1790.wav
google/fleurs,ta_in,Tamil,south_asia,1772,4.9,16000,CC-BY 4.0,https://huggingface.co/datasets/google/fleurs,experiments/audio_full/ta_in_1772.wav
google/fleurs,ta_in,Tamil,south_asia,1933,9.66,16000,CC-BY 4.0,https://huggingface.co/datasets/google/fleurs,experiments/audio_full/ta_in_1933.wav
google/fleurs,ta_in,Tamil,south_asia,1670,22.2,16000,CC-BY 4.0,https://huggingface.co/datasets/google/fleurs,experiments/audio_full/ta_in_1670.wav
google/fleurs,ta_in,Tamil,south_asia,1867,12.18,16000,CC-BY 4.0,https://huggingface.co/datasets/google/fleurs,experiments/audio_full/ta_in_1867.wav
google/fleurs,ta_in,Tamil,south_asia,1677,6.9,16000,CC-BY 4.0,https://huggingface.co/datasets/google/fleurs,experiments/audio_full/ta_in_1677.wav
google/fleurs,ta_in,Tamil,south_asia,1712,11.16,16000,CC-BY 4.0,https://huggingface.co/datasets/google/fleurs,experiments/audio_full/ta_in_1712.wav
google/fleurs,ta_in,Tamil,south_asia,1688,17.64,16000,CC-BY 4.0,https://huggingface.co/datasets/google/fleurs,experiments/audio_full/ta_in_1688.wav
google/fleurs,ta_in,Tamil,south_asia,1675,12.84,16000,CC-BY 4.0,https://huggingface.co/datasets/google/fleurs,experiments/audio_full/ta_in_1675.wav
google/fleurs,ta_in,Tamil,south_asia,1743,27.96,16000,CC-BY 4.0,https://huggingface.co/datasets/google/fleurs,experiments/audio_full/ta_in_1743.wav
google/fleurs,ta_in,Tamil,south_asia,1992,10.8,16000,CC-BY 4.0,https://huggingface.co/datasets/google/fleurs,experiments/audio_full/ta_in_1992.wav
google/fleurs,ta_in,Tamil,south_asia,1913,10.02,16000,CC-BY 4.0,https://huggingface.co/datasets/google/fleurs,experiments/audio_full/ta_in_1913.wav
google/fleurs,ta_in,Tamil,south_asia,1801,12.84,16000,CC-BY 4.0,https://huggingface.co/datasets/google/fleurs,experiments/audio_full/ta_in_1801.wav
google/fleurs,ta_in,Tamil,south_asia,1774,12.78,16000,CC-BY 4.0,https://huggingface.co/datasets/google/fleurs,experiments/audio_full/ta_in_1774.wav
google/fleurs,ta_in,Tamil,south_asia,1716,25.06,16000,CC-BY 4.0,https://huggingface.co/datasets/google/fleurs,experiments/audio_full/ta_in_1716.wav
google/fleurs,ta_in,Tamil,south_asia,1696,9.6,16000,CC-BY 4.0,https://huggingface.co/datasets/google/fleurs,experiments/audio_full/ta_in_1696.wav
google/fleurs,ta_in,Tamil,south_asia,1766,6.0,16000,CC-BY 4.0,https://huggingface.co/datasets/google/fleurs,experiments/audio_full/ta_in_1766.wav
google/fleurs,ta_in,Tamil,south_asia,1844,10.08,16000,CC-BY 4.0,https://huggingface.co/datasets/google/fleurs,experiments/audio_full/ta_in_1844.wav
google/fleurs,ta_in,Tamil,south_asia,1698,11.94,16000,CC-BY 4.0,https://huggingface.co/datasets/google/fleurs,experiments/audio_full/ta_in_1698.wav
google/fleurs,ta_in,Tamil,south_asia,1983,25.92,16000,CC-BY 4.0,https://huggingface.co/datasets/google/fleurs,experiments/audio_full/ta_in_1983.wav
google/fleurs,ta_in,Tamil,south_asia,1890,8.88,16000,CC-BY 4.0,https://huggingface.co/datasets/google/fleurs,experiments/audio_full/ta_in_1890.wav
google/fleurs,ta_in,Tamil,south_asia,1846,10.08,16000,CC-BY 4.0,https://huggingface.co/datasets/google/fleurs,experiments/audio_full/ta_in_1846.wav
google/fleurs,ta_in,Tamil,south_asia,1910,7.2,16000,CC-BY 4.0,https://huggingface.co/datasets/google/fleurs,experiments/audio_full/ta_in_1910.wav
google/fleurs,ta_in,Tamil,south_asia,1972,8.52,16000,CC-BY 4.0,https://huggingface.co/datasets/google/fleurs,experiments/audio_full/ta_in_1972.wav
google/fleurs,ta_in,Tamil,south_asia,1692,7.44,16000,CC-BY 4.0,https://huggingface.co/datasets/google/fleurs,experiments/audio_full/ta_in_1692.wav
google/fleurs,ta_in,Tamil,south_asia,1884,10.74,16000,CC-BY 4.0,https://huggingface.co/datasets/google/fleurs,experiments/audio_full/ta_in_1884.wav
google/fleurs,ta_in,Tamil,south_asia,1977,9.96,16000,CC-BY 4.0,https://huggingface.co/datasets/google/fleurs,experiments/audio_full/ta_in_1977.wav
google/fleurs,ta_in,Tamil,south_asia,1662,10.14,16000,CC-BY 4.0,https://huggingface.co/datasets/google/fleurs,experiments/audio_full/ta_in_1662.wav
google/fleurs,ta_in,Tamil,south_asia,1902,6.36,16000,CC-BY 4.0,https://huggingface.co/datasets/google/fleurs,experiments/audio_full/ta_in_1902.wav
google/fleurs,ta_in,Tamil,south_asia,1681,18.12,16000,CC-BY 4.0,https://huggingface.co/datasets/google/fleurs,experiments/audio_full/ta_in_1681.wav
google/fleurs,ta_in,Tamil,south_asia,1697,6.24,16000,CC-BY 4.0,https://huggingface.co/datasets/google/fleurs,experiments/audio_full/ta_in_1697.wav
google/fleurs,ta_in,Tamil,south_asia,1998,10.92,16000,CC-BY 4.0,https://huggingface.co/datasets/google/fleurs,experiments/audio_full/ta_in_1998.wav
google/fleurs,ta_in,Tamil,south_asia,1905,9.48,16000,CC-BY 4.0,https://huggingface.co/datasets/google/fleurs,experiments/audio_full/ta_in_1905.wav
google/fleurs,ta_in,Tamil,south_asia,1831,17.42,16000,CC-BY 4.0,https://huggingface.co/datasets/google/fleurs,experiments/audio_full/ta_in_1831.wav
google/fleurs,ta_in,Tamil,south_asia,1811,15.0,16000,CC-BY 4.0,https://huggingface.co/datasets/google/fleurs,experiments/audio_full/ta_in_1811.wav
google/fleurs,ta_in,Tamil,south_asia,1741,7.92,16000,CC-BY 4.0,https://huggingface.co/datasets/google/fleurs,experiments/audio_full/ta_in_1741.wav
google/fleurs,ta_in,Tamil,south_asia,1693,13.08,16000,CC-BY 4.0,https://huggingface.co/datasets/google/fleurs,experiments/audio_full/ta_in_1693.wav
google/fleurs,ta_in,Tamil,south_asia,1712,14.76,16000,CC-BY 4.0,https://huggingface.co/datasets/google/fleurs,experiments/audio_full/ta_in_1712.wav
google/fleurs,ta_in,Tamil,south_asia,1966,7.74,16000,CC-BY 4.0,https://huggingface.co/datasets/google/fleurs,experiments/audio_full/ta_in_1966.wav
google/fleurs,ta_in,Tamil,south_asia,1699,21.48,16000,CC-BY 4.0,https://huggingface.co/datasets/google/fleurs,experiments/audio_full/ta_in_1699.wav
google/fleurs,ta_in,Tamil,south_asia,1957,11.88,16000,CC-BY 4.0,https://huggingface.co/datasets/google/fleurs,experiments/audio_full/ta_in_1957.wav
google/fleurs,ta_in,Tamil,south_asia,1907,6.0,16000,CC-BY 4.0,https://huggingface.co/datasets/google/fleurs,experiments/audio_full/ta_in_1907.wav
google/fleurs,ta_in,Tamil,south_asia,1792,13.02,16000,CC-BY 4.0,https://huggingface.co/datasets/google/fleurs,experiments/audio_full/ta_in_1792.wav
google/fleurs,ta_in,Tamil,south_asia,1860,6.36,16000,CC-BY 4.0,https://huggingface.co/datasets/google/fleurs,experiments/audio_full/ta_in_1860.wav
google/fleurs,ta_in,Tamil,south_asia,1681,18.0,16000,CC-BY 4.0,https://huggingface.co/datasets/google/fleurs,experiments/audio_full/ta_in_1681.wav
google/fleurs,ta_in,Tamil,south_asia,1927,13.08,16000,CC-BY 4.0,https://huggingface.co/datasets/google/fleurs,experiments/audio_full/ta_in_1927.wav
google/fleurs,ta_in,Tamil,south_asia,1750,7.62,16000,CC-BY 4.0,https://huggingface.co/datasets/google/fleurs,experiments/audio_full/ta_in_1750.wav
google/fleurs,ta_in,Tamil,south_asia,1768,18.0,16000,CC-BY 4.0,https://huggingface.co/datasets/google/fleurs,experiments/audio_full/ta_in_1768.wav
google/fleurs,ta_in,Tamil,south_asia,1985,15.12,16000,CC-BY 4.0,https://huggingface.co/datasets/google/fleurs,experiments/audio_full/ta_in_1985.wav
google/fleurs,ta_in,Tamil,south_asia,1978,5.82,16000,CC-BY 4.0,https://huggingface.co/datasets/google/fleurs,experiments/audio_full/ta_in_1978.wav
google/fleurs,ta_in,Tamil,south_asia,1961,17.04,16000,CC-BY 4.0,https://huggingface.co/datasets/google/fleurs,experiments/audio_full/ta_in_1961.wav
google/fleurs,ta_in,Tamil,south_asia,1764,12.42,16000,CC-BY 4.0,https://huggingface.co/datasets/google/fleurs,experiments/audio_full/ta_in_1764.wav
google/fleurs,ta_in,Tamil,south_asia,1663,13.44,16000,CC-BY 4.0,https://huggingface.co/datasets/google/fleurs,experiments/audio_full/ta_in_1663.wav
google/fleurs,ta_in,Tamil,south_asia,1667,15.54,16000,CC-BY 4.0,https://huggingface.co/datasets/google/fleurs,experiments/audio_full/ta_in_1667.wav
google/fleurs,ta_in,Tamil,south_asia,1923,19.14,16000,CC-BY 4.0,https://huggingface.co/datasets/google/fleurs,experiments/audio_full/ta_in_1923.wav
google/fleurs,ta_in,Tamil,south_asia,1827,9.0,16000,CC-BY 4.0,https://huggingface.co/datasets/google/fleurs,experiments/audio_full/ta_in_1827.wav
google/fleurs,ta_in,Tamil,south_asia,1787,10.92,16000,CC-BY 4.0,https://huggingface.co/datasets/google/fleurs,experiments/audio_full/ta_in_1787.wav
google/fleurs,ta_in,Tamil,south_asia,1691,9.3,16000,CC-BY 4.0,https://huggingface.co/datasets/google/fleurs,experiments/audio_full/ta_in_1691.wav
google/fleurs,ta_in,Tamil,south_asia,1889,6.48,16000,CC-BY 4.0,https://huggingface.co/datasets/google/fleurs,experiments/audio_full/ta_in_1889.wav
google/fleurs,ta_in,Tamil,south_asia,1818,9.06,16000,CC-BY 4.0,https://huggingface.co/datasets/google/fleurs,experiments/audio_full/ta_in_1818.wav
google/fleurs,ta_in,Tamil,south_asia,1902,7.2,16000,CC-BY 4.0,https://huggingface.co/datasets/google/fleurs,experiments/audio_full/ta_in_1902.wav
google/fleurs,ta_in,Tamil,south_asia,1832,17.04,16000,CC-BY 4.0,https://huggingface.co/datasets/google/fleurs,experiments/audio_full/ta_in_1832.wav
google/fleurs,ta_in,Tamil,south_asia,1753,17.04,16000,CC-BY 4.0,https://huggingface.co/datasets/google/fleurs,experiments/audio_full/ta_in_1753.wav
google/fleurs,ta_in,Tamil,south_asia,1757,9.78,16000,CC-BY 4.0,https://huggingface.co/datasets/google/fleurs,experiments/audio_full/ta_in_1757.wav
google/fleurs,ta_in,Tamil,south_asia,1959,8.82,16000,CC-BY 4.0,https://huggingface.co/datasets/google/fleurs,experiments/audio_full/ta_in_1959.wav
google/fleurs,ta_in,Tamil,south_asia,1870,6.6,16000,CC-BY 4.0,https://huggingface.co/datasets/google/fleurs,experiments/audio_full/ta_in_1870.wav
google/fleurs,ta_in,Tamil,south_asia,1663,21.0,16000,CC-BY 4.0,https://huggingface.co/datasets/google/fleurs,experiments/audio_full/ta_in_1663.wav
google/fleurs,ta_in,Tamil,south_asia,1706,17.04,16000,CC-BY 4.0,https://huggingface.co/datasets/google/fleurs,experiments/audio_full/ta_in_1706.wav
google/fleurs,ta_in,Tamil,south_asia,1908,7.8,16000,CC-BY 4.0,https://huggingface.co/datasets/google/fleurs,experiments/audio_full/ta_in_1908.wav
google/fleurs,ta_in,Tamil,south_asia,1673,20.64,16000,CC-BY 4.0,https://huggingface.co/datasets/google/fleurs,experiments/audio_full/ta_in_1673.wav
google/fleurs,ta_in,Tamil,south_asia,1912,10.26,16000,CC-BY 4.0,https://huggingface.co/datasets/google/fleurs,experiments/audio_full/ta_in_1912.wav
google/fleurs,ur_pk,Urdu,south_asia,1806,12.24,16000,CC-BY 4.0,https://huggingface.co/datasets/google/fleurs,experiments/audio_full/ur_pk_1806.wav
google/fleurs,ur_pk,Urdu,south_asia,1930,6.24,16000,CC-BY 4.0,https://huggingface.co/datasets/google/fleurs,experiments/audio_full/ur_pk_1930.wav
google/fleurs,ur_pk,Urdu,south_asia,1869,12.12,16000,CC-BY 4.0,https://huggingface.co/datasets/google/fleurs,experiments/audio_full/ur_pk_1869.wav
google/fleurs,ur_pk,Urdu,south_asia,1966,7.56,16000,CC-BY 4.0,https://huggingface.co/datasets/google/fleurs,experiments/audio_full/ur_pk_1966.wav
google/fleurs,ur_pk,Urdu,south_asia,1938,10.44,16000,CC-BY 4.0,https://huggingface.co/datasets/google/fleurs,experiments/audio_full/ur_pk_1938.wav
google/fleurs,ur_pk,Urdu,south_asia,1770,8.82,16000,CC-BY 4.0,https://huggingface.co/datasets/google/fleurs,experiments/audio_full/ur_pk_1770.wav
google/fleurs,ur_pk,Urdu,south_asia,1777,10.8,16000,CC-BY 4.0,https://huggingface.co/datasets/google/fleurs,experiments/audio_full/ur_pk_1777.wav
google/fleurs,ur_pk,Urdu,south_asia,1952,10.38,16000,CC-BY 4.0,https://huggingface.co/datasets/google/fleurs,experiments/audio_full/ur_pk_1952.wav
google/fleurs,ur_pk,Urdu,south_asia,1803,9.96,16000,CC-BY 4.0,https://huggingface.co/datasets/google/fleurs,experiments/audio_full/ur_pk_1803.wav
google/fleurs,ur_pk,Urdu,south_asia,2008,11.34,16000,CC-BY 4.0,https://huggingface.co/datasets/google/fleurs,experiments/audio_full/ur_pk_2008.wav
google/fleurs,ur_pk,Urdu,south_asia,1993,10.62,16000,CC-BY 4.0,https://huggingface.co/datasets/google/fleurs,experiments/audio_full/ur_pk_1993.wav
google/fleurs,ur_pk,Urdu,south_asia,1996,11.94,16000,CC-BY 4.0,https://huggingface.co/datasets/google/fleurs,experiments/audio_full/ur_pk_1996.wav
google/fleurs,ur_pk,Urdu,south_asia,1701,8.88,16000,CC-BY 4.0,https://huggingface.co/datasets/google/fleurs,experiments/audio_full/ur_pk_1701.wav
google/fleurs,ur_pk,Urdu,south_asia,1732,9.18,16000,CC-BY 4.0,https://huggingface.co/datasets/google/fleurs,experiments/audio_full/ur_pk_1732.wav
google/fleurs,ur_pk,Urdu,south_asia,1662,8.7,16000,CC-BY 4.0,https://huggingface.co/datasets/google/fleurs,experiments/audio_full/ur_pk_1662.wav
google/fleurs,ur_pk,Urdu,south_asia,1857,9.9,16000,CC-BY 4.0,https://huggingface.co/datasets/google/fleurs,experiments/audio_full/ur_pk_1857.wav
google/fleurs,ur_pk,Urdu,south_asia,1990,12.66,16000,CC-BY 4.0,https://huggingface.co/datasets/google/fleurs,experiments/audio_full/ur_pk_1990.wav
google/fleurs,ur_pk,Urdu,south_asia,1761,7.86,16000,CC-BY 4.0,https://huggingface.co/datasets/google/fleurs,experiments/audio_full/ur_pk_1761.wav
google/fleurs,ur_pk,Urdu,south_asia,1920,10.38,16000,CC-BY 4.0,https://huggingface.co/datasets/google/fleurs,experiments/audio_full/ur_pk_1920.wav
google/fleurs,ur_pk,Urdu,south_asia,1839,6.06,16000,CC-BY 4.0,https://huggingface.co/datasets/google/fleurs,experiments/audio_full/ur_pk_1839.wav
google/fleurs,ur_pk,Urdu,south_asia,1678,13.74,16000,CC-BY 4.0,https://huggingface.co/datasets/google/fleurs,experiments/audio_full/ur_pk_1678.wav
google/fleurs,ur_pk,Urdu,south_asia,1841,10.5,16000,CC-BY 4.0,https://huggingface.co/datasets/google/fleurs,experiments/audio_full/ur_pk_1841.wav
google/fleurs,ur_pk,Urdu,south_asia,1941,6.6,16000,CC-BY 4.0,https://huggingface.co/datasets/google/fleurs,experiments/audio_full/ur_pk_1941.wav
google/fleurs,ur_pk,Urdu,south_asia,1893,10.68,16000,CC-BY 4.0,https://huggingface.co/datasets/google/fleurs,experiments/audio_full/ur_pk_1893.wav
google/fleurs,ur_pk,Urdu,south_asia,1859,11.76,16000,CC-BY 4.0,https://huggingface.co/datasets/google/fleurs,experiments/audio_full/ur_pk_1859.wav
google/fleurs,ur_pk,Urdu,south_asia,1954,13.68,16000,CC-BY 4.0,https://huggingface.co/datasets/google/fleurs,experiments/audio_full/ur_pk_1954.wav
google/fleurs,ur_pk,Urdu,south_asia,1945,6.6,16000,CC-BY 4.0,https://huggingface.co/datasets/google/fleurs,experiments/audio_full/ur_pk_1945.wav
google/fleurs,ur_pk,Urdu,south_asia,1898,13.8,16000,CC-BY 4.0,https://huggingface.co/datasets/google/fleurs,experiments/audio_full/ur_pk_1898.wav
google/fleurs,ur_pk,Urdu,south_asia,1699,9.9,16000,CC-BY 4.0,https://huggingface.co/datasets/google/fleurs,experiments/audio_full/ur_pk_1699.wav
google/fleurs,ur_pk,Urdu,south_asia,2005,4.32,16000,CC-BY 4.0,https://huggingface.co/datasets/google/fleurs,experiments/audio_full/ur_pk_2005.wav
google/fleurs,ur_pk,Urdu,south_asia,1660,9.18,16000,CC-BY 4.0,https://huggingface.co/datasets/google/fleurs,experiments/audio_full/ur_pk_1660.wav
google/fleurs,ur_pk,Urdu,south_asia,1826,7.2,16000,CC-BY 4.0,https://huggingface.co/datasets/google/fleurs,experiments/audio_full/ur_pk_1826.wav
google/fleurs,ur_pk,Urdu,south_asia,1931,8.16,16000,CC-BY 4.0,https://huggingface.co/datasets/google/fleurs,experiments/audio_full/ur_pk_1931.wav
google/fleurs,ur_pk,Urdu,south_asia,1791,4.92,16000,CC-BY 4.0,https://huggingface.co/datasets/google/fleurs,experiments/audio_full/ur_pk_1791.wav
google/fleurs,ur_pk,Urdu,south_asia,1781,7.2,16000,CC-BY 4.0,https://huggingface.co/datasets/google/fleurs,experiments/audio_full/ur_pk_1781.wav
google/fleurs,ur_pk,Urdu,south_asia,1717,8.28,16000,CC-BY 4.0,https://huggingface.co/datasets/google/fleurs,experiments/audio_full/ur_pk_1717.wav
google/fleurs,ur_pk,Urdu,south_asia,1830,9.06,16000,CC-BY 4.0,https://huggingface.co/datasets/google/fleurs,experiments/audio_full/ur_pk_1830.wav
google/fleurs,ur_pk,Urdu,south_asia,1933,8.52,16000,CC-BY 4.0,https://huggingface.co/datasets/google/fleurs,experiments/audio_full/ur_pk_1933.wav
google/fleurs,ur_pk,Urdu,south_asia,1750,4.8,16000,CC-BY 4.0,https://huggingface.co/datasets/google/fleurs,experiments/audio_full/ur_pk_1750.wav
google/fleurs,ur_pk,Urdu,south_asia,1935,6.66,16000,CC-BY 4.0,https://huggingface.co/datasets/google/fleurs,experiments/audio_full/ur_pk_1935.wav
google/fleurs,ur_pk,Urdu,south_asia,1688,18.6,16000,CC-BY 4.0,https://huggingface.co/datasets/google/fleurs,experiments/audio_full/ur_pk_1688.wav
google/fleurs,ur_pk,Urdu,south_asia,1698,6.96,16000,CC-BY 4.0,https://huggingface.co/datasets/google/fleurs,experiments/audio_full/ur_pk_1698.wav
google/fleurs,ur_pk,Urdu,south_asia,1988,7.14,16000,CC-BY 4.0,https://huggingface.co/datasets/google/fleurs,experiments/audio_full/ur_pk_1988.wav
google/fleurs,ur_pk,Urdu,south_asia,1705,7.8,16000,CC-BY 4.0,https://huggingface.co/datasets/google/fleurs,experiments/audio_full/ur_pk_1705.wav
google/fleurs,ur_pk,Urdu,south_asia,1942,9.36,16000,CC-BY 4.0,https://huggingface.co/datasets/google/fleurs,experiments/audio_full/ur_pk_1942.wav
google/fleurs,ur_pk,Urdu,south_asia,1801,10.56,16000,CC-BY 4.0,https://huggingface.co/datasets/google/fleurs,experiments/audio_full/ur_pk_1801.wav
google/fleurs,ur_pk,Urdu,south_asia,1672,5.94,16000,CC-BY 4.0,https://huggingface.co/datasets/google/fleurs,experiments/audio_full/ur_pk_1672.wav
google/fleurs,ur_pk,Urdu,south_asia,1893,13.8,16000,CC-BY 4.0,https://huggingface.co/datasets/google/fleurs,experiments/audio_full/ur_pk_1893.wav
google/fleurs,ur_pk,Urdu,south_asia,1724,8.4,16000,CC-BY 4.0,https://huggingface.co/datasets/google/fleurs,experiments/audio_full/ur_pk_1724.wav
google/fleurs,ur_pk,Urdu,south_asia,1897,5.94,16000,CC-BY 4.0,https://huggingface.co/datasets/google/fleurs,experiments/audio_full/ur_pk_1897.wav
google/fleurs,ur_pk,Urdu,south_asia,1933,8.52,16000,CC-BY 4.0,https://huggingface.co/datasets/google/fleurs,experiments/audio_full/ur_pk_1933.wav
google/fleurs,ur_pk,Urdu,south_asia,1834,10.56,16000,CC-BY 4.0,https://huggingface.co/datasets/google/fleurs,experiments/audio_full/ur_pk_1834.wav
google/fleurs,ur_pk,Urdu,south_asia,2000,12.0,16000,CC-BY 4.0,https://huggingface.co/datasets/google/fleurs,experiments/audio_full/ur_pk_2000.wav
google/fleurs,ur_pk,Urdu,south_asia,1683,14.16,16000,CC-BY 4.0,https://huggingface.co/datasets/google/fleurs,experiments/audio_full/ur_pk_1683.wav
google/fleurs,ur_pk,Urdu,south_asia,1845,8.16,16000,CC-BY 4.0,https://huggingface.co/datasets/google/fleurs,experiments/audio_full/ur_pk_1845.wav
google/fleurs,ur_pk,Urdu,south_asia,1829,10.68,16000,CC-BY 4.0,https://huggingface.co/datasets/google/fleurs,experiments/audio_full/ur_pk_1829.wav
google/fleurs,ur_pk,Urdu,south_asia,1980,9.0,16000,CC-BY 4.0,https://huggingface.co/datasets/google/fleurs,experiments/audio_full/ur_pk_1980.wav
google/fleurs,ur_pk,Urdu,south_asia,1781,8.7,16000,CC-BY 4.0,https://huggingface.co/datasets/google/fleurs,experiments/audio_full/ur_pk_1781.wav
google/fleurs,ur_pk,Urdu,south_asia,1715,13.14,16000,CC-BY 4.0,https://huggingface.co/datasets/google/fleurs,experiments/audio_full/ur_pk_1715.wav
google/fleurs,ur_pk,Urdu,south_asia,1773,9.0,16000,CC-BY 4.0,https://huggingface.co/datasets/google/fleurs,experiments/audio_full/ur_pk_1773.wav
google/fleurs,ur_pk,Urdu,south_asia,2003,7.14,16000,CC-BY 4.0,https://huggingface.co/datasets/google/fleurs,experiments/audio_full/ur_pk_2003.wav
google/fleurs,ur_pk,Urdu,south_asia,1989,13.56,16000,CC-BY 4.0,https://huggingface.co/datasets/google/fleurs,experiments/audio_full/ur_pk_1989.wav
google/fleurs,ur_pk,Urdu,south_asia,1965,8.04,16000,CC-BY 4.0,https://huggingface.co/datasets/google/fleurs,experiments/audio_full/ur_pk_1965.wav
google/fleurs,ur_pk,Urdu,south_asia,1887,6.96,16000,CC-BY 4.0,https://huggingface.co/datasets/google/fleurs,experiments/audio_full/ur_pk_1887.wav
google/fleurs,ur_pk,Urdu,south_asia,1969,11.16,16000,CC-BY 4.0,https://huggingface.co/datasets/google/fleurs,experiments/audio_full/ur_pk_1969.wav
google/fleurs,ur_pk,Urdu,south_asia,2002,6.84,16000,CC-BY 4.0,https://huggingface.co/datasets/google/fleurs,experiments/audio_full/ur_pk_2002.wav
google/fleurs,ur_pk,Urdu,south_asia,1674,7.08,16000,CC-BY 4.0,https://huggingface.co/datasets/google/fleurs,experiments/audio_full/ur_pk_1674.wav
google/fleurs,ur_pk,Urdu,south_asia,1780,10.56,16000,CC-BY 4.0,https://huggingface.co/datasets/google/fleurs,experiments/audio_full/ur_pk_1780.wav
google/fleurs,ur_pk,Urdu,south_asia,1666,7.68,16000,CC-BY 4.0,https://huggingface.co/datasets/google/fleurs,experiments/audio_full/ur_pk_1666.wav
google/fleurs,ur_pk,Urdu,south_asia,1723,15.18,16000,CC-BY 4.0,https://huggingface.co/datasets/google/fleurs,experiments/audio_full/ur_pk_1723.wav
google/fleurs,ur_pk,Urdu,south_asia,1829,11.94,16000,CC-BY 4.0,https://huggingface.co/datasets/google/fleurs,experiments/audio_full/ur_pk_1829.wav
google/fleurs,ur_pk,Urdu,south_asia,1827,5.4,16000,CC-BY 4.0,https://huggingface.co/datasets/google/fleurs,experiments/audio_full/ur_pk_1827.wav
google/fleurs,ur_pk,Urdu,south_asia,1891,6.3,16000,CC-BY 4.0,https://huggingface.co/datasets/google/fleurs,experiments/audio_full/ur_pk_1891.wav
google/fleurs,ur_pk,Urdu,south_asia,1822,14.4,16000,CC-BY 4.0,https://huggingface.co/datasets/google/fleurs,experiments/audio_full/ur_pk_1822.wav
google/fleurs,ur_pk,Urdu,south_asia,1999,8.7,16000,CC-BY 4.0,https://huggingface.co/datasets/google/fleurs,experiments/audio_full/ur_pk_1999.wav
google/fleurs,ur_pk,Urdu,south_asia,1955,8.82,16000,CC-BY 4.0,https://huggingface.co/datasets/google/fleurs,experiments/audio_full/ur_pk_1955.wav
google/fleurs,ur_pk,Urdu,south_asia,1833,11.52,16000,CC-BY 4.0,https://huggingface.co/datasets/google/fleurs,experiments/audio_full/ur_pk_1833.wav
google/fleurs,ur_pk,Urdu,south_asia,1765,7.32,16000,CC-BY 4.0,https://huggingface.co/datasets/google/fleurs,experiments/audio_full/ur_pk_1765.wav
google/fleurs,ur_pk,Urdu,south_asia,1843,9.72,16000,CC-BY 4.0,https://huggingface.co/datasets/google/fleurs,experiments/audio_full/ur_pk_1843.wav
google/fleurs,ur_pk,Urdu,south_asia,1792,7.2,16000,CC-BY 4.0,https://huggingface.co/datasets/google/fleurs,experiments/audio_full/ur_pk_1792.wav
google/fleurs,ur_pk,Urdu,south_asia,1836,14.4,16000,CC-BY 4.0,https://huggingface.co/datasets/google/fleurs,experiments/audio_full/ur_pk_1836.wav
google/fleurs,ur_pk,Urdu,south_asia,1924,12.24,16000,CC-BY 4.0,https://huggingface.co/datasets/google/fleurs,experiments/audio_full/ur_pk_1924.wav
google/fleurs,ur_pk,Urdu,south_asia,1919,7.56,16000,CC-BY 4.0,https://huggingface.co/datasets/google/fleurs,experiments/audio_full/ur_pk_1919.wav
google/fleurs,ur_pk,Urdu,south_asia,1703,7.68,16000,CC-BY 4.0,https://huggingface.co/datasets/google/fleurs,experiments/audio_full/ur_pk_1703.wav
google/fleurs,ur_pk,Urdu,south_asia,1889,6.84,16000,CC-BY 4.0,https://huggingface.co/datasets/google/fleurs,experiments/audio_full/ur_pk_1889.wav
google/fleurs,ur_pk,Urdu,south_asia,1676,5.88,16000,CC-BY 4.0,https://huggingface.co/datasets/google/fleurs,experiments/audio_full/ur_pk_1676.wav
google/fleurs,ur_pk,Urdu,south_asia,1713,10.26,16000,CC-BY 4.0,https://huggingface.co/datasets/google/fleurs,experiments/audio_full/ur_pk_1713.wav
google/fleurs,ur_pk,Urdu,south_asia,1882,10.74,16000,CC-BY 4.0,https://huggingface.co/datasets/google/fleurs,experiments/audio_full/ur_pk_1882.wav
google/fleurs,ur_pk,Urdu,south_asia,1794,9.84,16000,CC-BY 4.0,https://huggingface.co/datasets/google/fleurs,experiments/audio_full/ur_pk_1794.wav
google/fleurs,ur_pk,Urdu,south_asia,1788,12.72,16000,CC-BY 4.0,https://huggingface.co/datasets/google/fleurs,experiments/audio_full/ur_pk_1788.wav
google/fleurs,ur_pk,Urdu,south_asia,1903,11.94,16000,CC-BY 4.0,https://huggingface.co/datasets/google/fleurs,experiments/audio_full/ur_pk_1903.wav
google/fleurs,ur_pk,Urdu,south_asia,1960,16.32,16000,CC-BY 4.0,https://huggingface.co/datasets/google/fleurs,experiments/audio_full/ur_pk_1960.wav
google/fleurs,ur_pk,Urdu,south_asia,1912,7.32,16000,CC-BY 4.0,https://huggingface.co/datasets/google/fleurs,experiments/audio_full/ur_pk_1912.wav
google/fleurs,ur_pk,Urdu,south_asia,1974,7.08,16000,CC-BY 4.0,https://huggingface.co/datasets/google/fleurs,experiments/audio_full/ur_pk_1974.wav
google/fleurs,ur_pk,Urdu,south_asia,1965,9.18,16000,CC-BY 4.0,https://huggingface.co/datasets/google/fleurs,experiments/audio_full/ur_pk_1965.wav
google/fleurs,ur_pk,Urdu,south_asia,1975,7.92,16000,CC-BY 4.0,https://huggingface.co/datasets/google/fleurs,experiments/audio_full/ur_pk_1975.wav
google/fleurs,ur_pk,Urdu,south_asia,1683,12.18,16000,CC-BY 4.0,https://huggingface.co/datasets/google/fleurs,experiments/audio_full/ur_pk_1683.wav
google/fleurs,ur_pk,Urdu,south_asia,1820,7.08,16000,CC-BY 4.0,https://huggingface.co/datasets/google/fleurs,experiments/audio_full/ur_pk_1820.wav
google/fleurs,ur_pk,Urdu,south_asia,1831,10.74,16000,CC-BY 4.0,https://huggingface.co/datasets/google/fleurs,experiments/audio_full/ur_pk_1831.wav
google/fleurs,ur_pk,Urdu,south_asia,1771,9.0,16000,CC-BY 4.0,https://huggingface.co/datasets/google/fleurs,experiments/audio_full/ur_pk_1771.wav
google/fleurs,ur_pk,Urdu,south_asia,1956,8.88,16000,CC-BY 4.0,https://huggingface.co/datasets/google/fleurs,experiments/audio_full/ur_pk_1956.wav
google/fleurs,ur_pk,Urdu,south_asia,1853,5.94,16000,CC-BY 4.0,https://huggingface.co/datasets/google/fleurs,experiments/audio_full/ur_pk_1853.wav
google/fleurs,ur_pk,Urdu,south_asia,1844,5.1,16000,CC-BY 4.0,https://huggingface.co/datasets/google/fleurs,experiments/audio_full/ur_pk_1844.wav
google/fleurs,ur_pk,Urdu,south_asia,1936,15.48,16000,CC-BY 4.0,https://huggingface.co/datasets/google/fleurs,experiments/audio_full/ur_pk_1936.wav
google/fleurs,ur_pk,Urdu,south_asia,1705,10.56,16000,CC-BY 4.0,https://huggingface.co/datasets/google/fleurs,experiments/audio_full/ur_pk_1705.wav
google/fleurs,ur_pk,Urdu,south_asia,1984,10.32,16000,CC-BY 4.0,https://huggingface.co/datasets/google/fleurs,experiments/audio_full/ur_pk_1984.wav
google/fleurs,ur_pk,Urdu,south_asia,1896,13.38,16000,CC-BY 4.0,https://huggingface.co/datasets/google/fleurs,experiments/audio_full/ur_pk_1896.wav
google/fleurs,ur_pk,Urdu,south_asia,1762,4.8,16000,CC-BY 4.0,https://huggingface.co/datasets/google/fleurs,experiments/audio_full/ur_pk_1762.wav
google/fleurs,ur_pk,Urdu,south_asia,1667,12.0,16000,CC-BY 4.0,https://huggingface.co/datasets/google/fleurs,experiments/audio_full/ur_pk_1667.wav
google/fleurs,ur_pk,Urdu,south_asia,1727,6.12,16000,CC-BY 4.0,https://huggingface.co/datasets/google/fleurs,experiments/audio_full/ur_pk_1727.wav
google/fleurs,ur_pk,Urdu,south_asia,1677,5.7,16000,CC-BY 4.0,https://huggingface.co/datasets/google/fleurs,experiments/audio_full/ur_pk_1677.wav
google/fleurs,ur_pk,Urdu,south_asia,1750,4.08,16000,CC-BY 4.0,https://huggingface.co/datasets/google/fleurs,experiments/audio_full/ur_pk_1750.wav
google/fleurs,ur_pk,Urdu,south_asia,2009,9.9,16000,CC-BY 4.0,https://huggingface.co/datasets/google/fleurs,experiments/audio_full/ur_pk_2009.wav
google/fleurs,ur_pk,Urdu,south_asia,1982,9.24,16000,CC-BY 4.0,https://huggingface.co/datasets/google/fleurs,experiments/audio_full/ur_pk_1982.wav
google/fleurs,ur_pk,Urdu,south_asia,1933,8.7,16000,CC-BY 4.0,https://huggingface.co/datasets/google/fleurs,experiments/audio_full/ur_pk_1933.wav
google/fleurs,ur_pk,Urdu,south_asia,1808,6.66,16000,CC-BY 4.0,https://huggingface.co/datasets/google/fleurs,experiments/audio_full/ur_pk_1808.wav
google/fleurs,ur_pk,Urdu,south_asia,1739,6.84,16000,CC-BY 4.0,https://huggingface.co/datasets/google/fleurs,experiments/audio_full/ur_pk_1739.wav
google/fleurs,ur_pk,Urdu,south_asia,1842,16.62,16000,CC-BY 4.0,https://huggingface.co/datasets/google/fleurs,experiments/audio_full/ur_pk_1842.wav
google/fleurs,ur_pk,Urdu,south_asia,1753,12.78,16000,CC-BY 4.0,https://huggingface.co/datasets/google/fleurs,experiments/audio_full/ur_pk_1753.wav
google/fleurs,ur_pk,Urdu,south_asia,1747,5.22,16000,CC-BY 4.0,https://huggingface.co/datasets/google/fleurs,experiments/audio_full/ur_pk_1747.wav
google/fleurs,ur_pk,Urdu,south_asia,1771,10.38,16000,CC-BY 4.0,https://huggingface.co/datasets/google/fleurs,experiments/audio_full/ur_pk_1771.wav
google/fleurs,ur_pk,Urdu,south_asia,1905,7.14,16000,CC-BY 4.0,https://huggingface.co/datasets/google/fleurs,experiments/audio_full/ur_pk_1905.wav
google/fleurs,ur_pk,Urdu,south_asia,1959,8.52,16000,CC-BY 4.0,https://huggingface.co/datasets/google/fleurs,experiments/audio_full/ur_pk_1959.wav
google/fleurs,ur_pk,Urdu,south_asia,1676,6.84,16000,CC-BY 4.0,https://huggingface.co/datasets/google/fleurs,experiments/audio_full/ur_pk_1676.wav
google/fleurs,ur_pk,Urdu,south_asia,1804,14.4,16000,CC-BY 4.0,https://huggingface.co/datasets/google/fleurs,experiments/audio_full/ur_pk_1804.wav
google/fleurs,ur_pk,Urdu,south_asia,1689,12.96,16000,CC-BY 4.0,https://huggingface.co/datasets/google/fleurs,experiments/audio_full/ur_pk_1689.wav
google/fleurs,ur_pk,Urdu,south_asia,1805,6.42,16000,CC-BY 4.0,https://huggingface.co/datasets/google/fleurs,experiments/audio_full/ur_pk_1805.wav
google/fleurs,ur_pk,Urdu,south_asia,1689,12.0,16000,CC-BY 4.0,https://huggingface.co/datasets/google/fleurs,experiments/audio_full/ur_pk_1689.wav
google/fleurs,ur_pk,Urdu,south_asia,1926,5.4,16000,CC-BY 4.0,https://huggingface.co/datasets/google/fleurs,experiments/audio_full/ur_pk_1926.wav
google/fleurs,ur_pk,Urdu,south_asia,1890,7.08,16000,CC-BY 4.0,https://huggingface.co/datasets/google/fleurs,experiments/audio_full/ur_pk_1890.wav
google/fleurs,ur_pk,Urdu,south_asia,1722,10.62,16000,CC-BY 4.0,https://huggingface.co/datasets/google/fleurs,experiments/audio_full/ur_pk_1722.wav
google/fleurs,ur_pk,Urdu,south_asia,1818,6.96,16000,CC-BY 4.0,https://huggingface.co/datasets/google/fleurs,experiments/audio_full/ur_pk_1818.wav
google/fleurs,ur_pk,Urdu,south_asia,1959,7.68,16000,CC-BY 4.0,https://huggingface.co/datasets/google/fleurs,experiments/audio_full/ur_pk_1959.wav
google/fleurs,ur_pk,Urdu,south_asia,1737,8.46,16000,CC-BY 4.0,https://huggingface.co/datasets/google/fleurs,experiments/audio_full/ur_pk_1737.wav
google/fleurs,ur_pk,Urdu,south_asia,1682,13.68,16000,CC-BY 4.0,https://huggingface.co/datasets/google/fleurs,experiments/audio_full/ur_pk_1682.wav
google/fleurs,ur_pk,Urdu,south_asia,1761,6.96,16000,CC-BY 4.0,https://huggingface.co/datasets/google/fleurs,experiments/audio_full/ur_pk_1761.wav
google/fleurs,ur_pk,Urdu,south_asia,1913,8.52,16000,CC-BY 4.0,https://huggingface.co/datasets/google/fleurs,experiments/audio_full/ur_pk_1913.wav
google/fleurs,ur_pk,Urdu,south_asia,1816,7.74,16000,CC-BY 4.0,https://huggingface.co/datasets/google/fleurs,experiments/audio_full/ur_pk_1816.wav
google/fleurs,ur_pk,Urdu,south_asia,1746,7.08,16000,CC-BY 4.0,https://huggingface.co/datasets/google/fleurs,experiments/audio_full/ur_pk_1746.wav
google/fleurs,ur_pk,Urdu,south_asia,1939,9.72,16000,CC-BY 4.0,https://huggingface.co/datasets/google/fleurs,experiments/audio_full/ur_pk_1939.wav
google/fleurs,ur_pk,Urdu,south_asia,1977,6.42,16000,CC-BY 4.0,https://huggingface.co/datasets/google/fleurs,experiments/audio_full/ur_pk_1977.wav
google/fleurs,ur_pk,Urdu,south_asia,1884,11.4,16000,CC-BY 4.0,https://huggingface.co/datasets/google/fleurs,experiments/audio_full/ur_pk_1884.wav
google/fleurs,ur_pk,Urdu,south_asia,1809,12.84,16000,CC-BY 4.0,https://huggingface.co/datasets/google/fleurs,experiments/audio_full/ur_pk_1809.wav
google/fleurs,ur_pk,Urdu,south_asia,1817,5.28,16000,CC-BY 4.0,https://huggingface.co/datasets/google/fleurs,experiments/audio_full/ur_pk_1817.wav
google/fleurs,ur_pk,Urdu,south_asia,1951,11.64,16000,CC-BY 4.0,https://huggingface.co/datasets/google/fleurs,experiments/audio_full/ur_pk_1951.wav
google/fleurs,ur_pk,Urdu,south_asia,1971,9.9,16000,CC-BY 4.0,https://huggingface.co/datasets/google/fleurs,experiments/audio_full/ur_pk_1971.wav
google/fleurs,ur_pk,Urdu,south_asia,1954,12.54,16000,CC-BY 4.0,https://huggingface.co/datasets/google/fleurs,experiments/audio_full/ur_pk_1954.wav
google/fleurs,ur_pk,Urdu,south_asia,1873,8.88,16000,CC-BY 4.0,https://huggingface.co/datasets/google/fleurs,experiments/audio_full/ur_pk_1873.wav
google/fleurs,ur_pk,Urdu,south_asia,1745,9.78,16000,CC-BY 4.0,https://huggingface.co/datasets/google/fleurs,experiments/audio_full/ur_pk_1745.wav
google/fleurs,ur_pk,Urdu,south_asia,1925,9.12,16000,CC-BY 4.0,https://huggingface.co/datasets/google/fleurs,experiments/audio_full/ur_pk_1925.wav
google/fleurs,ur_pk,Urdu,south_asia,1855,13.2,16000,CC-BY 4.0,https://huggingface.co/datasets/google/fleurs,experiments/audio_full/ur_pk_1855.wav
google/fleurs,ur_pk,Urdu,south_asia,1893,12.48,16000,CC-BY 4.0,https://huggingface.co/datasets/google/fleurs,experiments/audio_full/ur_pk_1893.wav
google/fleurs,ur_pk,Urdu,south_asia,1705,7.44,16000,CC-BY 4.0,https://huggingface.co/datasets/google/fleurs,experiments/audio_full/ur_pk_1705.wav
google/fleurs,ur_pk,Urdu,south_asia,1921,7.56,16000,CC-BY 4.0,https://huggingface.co/datasets/google/fleurs,experiments/audio_full/ur_pk_1921.wav
google/fleurs,ur_pk,Urdu,south_asia,1673,9.36,16000,CC-BY 4.0,https://huggingface.co/datasets/google/fleurs,experiments/audio_full/ur_pk_1673.wav
google/fleurs,ur_pk,Urdu,south_asia,1976,7.92,16000,CC-BY 4.0,https://huggingface.co/datasets/google/fleurs,experiments/audio_full/ur_pk_1976.wav
google/fleurs,ur_pk,Urdu,south_asia,1768,7.74,16000,CC-BY 4.0,https://huggingface.co/datasets/google/fleurs,experiments/audio_full/ur_pk_1768.wav
google/fleurs,ur_pk,Urdu,south_asia,1858,9.96,16000,CC-BY 4.0,https://huggingface.co/datasets/google/fleurs,experiments/audio_full/ur_pk_1858.wav
google/fleurs,ur_pk,Urdu,south_asia,1972,6.48,16000,CC-BY 4.0,https://huggingface.co/datasets/google/fleurs,experiments/audio_full/ur_pk_1972.wav
google/fleurs,ur_pk,Urdu,south_asia,1846,12.54,16000,CC-BY 4.0,https://huggingface.co/datasets/google/fleurs,experiments/audio_full/ur_pk_1846.wav
google/fleurs,ur_pk,Urdu,south_asia,1865,11.16,16000,CC-BY 4.0,https://huggingface.co/datasets/google/fleurs,experiments/audio_full/ur_pk_1865.wav
google/fleurs,ur_pk,Urdu,south_asia,1844,5.58,16000,CC-BY 4.0,https://huggingface.co/datasets/google/fleurs,experiments/audio_full/ur_pk_1844.wav
google/fleurs,ur_pk,Urdu,south_asia,1709,9.6,16000,CC-BY 4.0,https://huggingface.co/datasets/google/fleurs,experiments/audio_full/ur_pk_1709.wav
google/fleurs,ur_pk,Urdu,south_asia,1849,8.4,16000,CC-BY 4.0,https://huggingface.co/datasets/google/fleurs,experiments/audio_full/ur_pk_1849.wav
google/fleurs,ur_pk,Urdu,south_asia,1966,6.6,16000,CC-BY 4.0,https://huggingface.co/datasets/google/fleurs,experiments/audio_full/ur_pk_1966.wav
google/fleurs,ur_pk,Urdu,south_asia,1823,9.3,16000,CC-BY 4.0,https://huggingface.co/datasets/google/fleurs,experiments/audio_full/ur_pk_1823.wav
google/fleurs,ur_pk,Urdu,south_asia,1793,8.46,16000,CC-BY 4.0,https://huggingface.co/datasets/google/fleurs,experiments/audio_full/ur_pk_1793.wav
google/fleurs,ur_pk,Urdu,south_asia,1938,10.68,16000,CC-BY 4.0,https://huggingface.co/datasets/google/fleurs,experiments/audio_full/ur_pk_1938.wav
google/fleurs,ur_pk,Urdu,south_asia,1706,9.42,16000,CC-BY 4.0,https://huggingface.co/datasets/google/fleurs,experiments/audio_full/ur_pk_1706.wav
google/fleurs,ur_pk,Urdu,south_asia,1862,13.98,16000,CC-BY 4.0,https://huggingface.co/datasets/google/fleurs,experiments/audio_full/ur_pk_1862.wav
google/fleurs,ur_pk,Urdu,south_asia,1748,6.12,16000,CC-BY 4.0,https://huggingface.co/datasets/google/fleurs,experiments/audio_full/ur_pk_1748.wav
google/fleurs,ur_pk,Urdu,south_asia,1825,7.86,16000,CC-BY 4.0,https://huggingface.co/datasets/google/fleurs,experiments/audio_full/ur_pk_1825.wav
google/fleurs,ur_pk,Urdu,south_asia,1742,9.72,16000,CC-BY 4.0,https://huggingface.co/datasets/google/fleurs,experiments/audio_full/ur_pk_1742.wav
google/fleurs,ur_pk,Urdu,south_asia,2002,8.64,16000,CC-BY 4.0,https://huggingface.co/datasets/google/fleurs,experiments/audio_full/ur_pk_2002.wav
google/fleurs,ur_pk,Urdu,south_asia,1756,8.94,16000,CC-BY 4.0,https://huggingface.co/datasets/google/fleurs,experiments/audio_full/ur_pk_1756.wav
google/fleurs,ur_pk,Urdu,south_asia,1713,9.84,16000,CC-BY 4.0,https://huggingface.co/datasets/google/fleurs,experiments/audio_full/ur_pk_1713.wav
google/fleurs,ur_pk,Urdu,south_asia,1720,4.8,16000,CC-BY 4.0,https://huggingface.co/datasets/google/fleurs,experiments/audio_full/ur_pk_1720.wav
google/fleurs,ur_pk,Urdu,south_asia,1686,10.44,16000,CC-BY 4.0,https://huggingface.co/datasets/google/fleurs,experiments/audio_full/ur_pk_1686.wav
google/fleurs,ur_pk,Urdu,south_asia,1879,6.84,16000,CC-BY 4.0,https://huggingface.co/datasets/google/fleurs,experiments/audio_full/ur_pk_1879.wav
google/fleurs,ur_pk,Urdu,south_asia,1756,9.66,16000,CC-BY 4.0,https://huggingface.co/datasets/google/fleurs,experiments/audio_full/ur_pk_1756.wav
google/fleurs,ur_pk,Urdu,south_asia,1827,5.46,16000,CC-BY 4.0,https://huggingface.co/datasets/google/fleurs,experiments/audio_full/ur_pk_1827.wav
google/fleurs,ur_pk,Urdu,south_asia,1940,12.6,16000,CC-BY 4.0,https://huggingface.co/datasets/google/fleurs,experiments/audio_full/ur_pk_1940.wav
google/fleurs,ur_pk,Urdu,south_asia,1753,18.12,16000,CC-BY 4.0,https://huggingface.co/datasets/google/fleurs,experiments/audio_full/ur_pk_1753.wav
google/fleurs,ur_pk,Urdu,south_asia,1732,9.36,16000,CC-BY 4.0,https://huggingface.co/datasets/google/fleurs,experiments/audio_full/ur_pk_1732.wav
google/fleurs,ur_pk,Urdu,south_asia,2002,6.6,16000,CC-BY 4.0,https://huggingface.co/datasets/google/fleurs,experiments/audio_full/ur_pk_2002.wav
google/fleurs,ur_pk,Urdu,south_asia,1668,12.24,16000,CC-BY 4.0,https://huggingface.co/datasets/google/fleurs,experiments/audio_full/ur_pk_1668.wav
google/fleurs,ur_pk,Urdu,south_asia,1684,7.98,16000,CC-BY 4.0,https://huggingface.co/datasets/google/fleurs,experiments/audio_full/ur_pk_1684.wav
google/fleurs,ur_pk,Urdu,south_asia,1976,7.2,16000,CC-BY 4.0,https://huggingface.co/datasets/google/fleurs,experiments/audio_full/ur_pk_1976.wav
google/fleurs,ur_pk,Urdu,south_asia,1928,9.36,16000,CC-BY 4.0,https://huggingface.co/datasets/google/fleurs,experiments/audio_full/ur_pk_1928.wav
google/fleurs,ur_pk,Urdu,south_asia,1755,3.72,16000,CC-BY 4.0,https://huggingface.co/datasets/google/fleurs,experiments/audio_full/ur_pk_1755.wav
google/fleurs,ur_pk,Urdu,south_asia,1782,11.88,16000,CC-BY 4.0,https://huggingface.co/datasets/google/fleurs,experiments/audio_full/ur_pk_1782.wav
google/fleurs,ur_pk,Urdu,south_asia,1949,7.14,16000,CC-BY 4.0,https://huggingface.co/datasets/google/fleurs,experiments/audio_full/ur_pk_1949.wav
google/fleurs,ur_pk,Urdu,south_asia,1668,10.68,16000,CC-BY 4.0,https://huggingface.co/datasets/google/fleurs,experiments/audio_full/ur_pk_1668.wav
google/fleurs,ur_pk,Urdu,south_asia,1681,13.44,16000,CC-BY 4.0,https://huggingface.co/datasets/google/fleurs,experiments/audio_full/ur_pk_1681.wav
google/fleurs,ur_pk,Urdu,south_asia,1821,8.76,16000,CC-BY 4.0,https://huggingface.co/datasets/google/fleurs,experiments/audio_full/ur_pk_1821.wav
google/fleurs,ur_pk,Urdu,south_asia,1721,7.08,16000,CC-BY 4.0,https://huggingface.co/datasets/google/fleurs,experiments/audio_full/ur_pk_1721.wav
google/fleurs,ur_pk,Urdu,south_asia,1763,9.0,16000,CC-BY 4.0,https://huggingface.co/datasets/google/fleurs,experiments/audio_full/ur_pk_1763.wav
google/fleurs,ur_pk,Urdu,south_asia,1824,12.72,16000,CC-BY 4.0,https://huggingface.co/datasets/google/fleurs,experiments/audio_full/ur_pk_1824.wav
google/fleurs,ur_pk,Urdu,south_asia,1768,9.72,16000,CC-BY 4.0,https://huggingface.co/datasets/google/fleurs,experiments/audio_full/ur_pk_1768.wav
google/fleurs,ur_pk,Urdu,south_asia,1998,9.24,16000,CC-BY 4.0,https://huggingface.co/datasets/google/fleurs,experiments/audio_full/ur_pk_1998.wav
google/fleurs,ur_pk,Urdu,south_asia,1701,6.84,16000,CC-BY 4.0,https://huggingface.co/datasets/google/fleurs,experiments/audio_full/ur_pk_1701.wav
google/fleurs,ur_pk,Urdu,south_asia,1787,9.24,16000,CC-BY 4.0,https://huggingface.co/datasets/google/fleurs,experiments/audio_full/ur_pk_1787.wav
google/fleurs,ur_pk,Urdu,south_asia,1743,16.44,16000,CC-BY 4.0,https://huggingface.co/datasets/google/fleurs,experiments/audio_full/ur_pk_1743.wav
google/fleurs,ur_pk,Urdu,south_asia,1894,6.06,16000,CC-BY 4.0,https://huggingface.co/datasets/google/fleurs,experiments/audio_full/ur_pk_1894.wav
google/fleurs,ur_pk,Urdu,south_asia,1706,11.04,16000,CC-BY 4.0,https://huggingface.co/datasets/google/fleurs,experiments/audio_full/ur_pk_1706.wav
google/fleurs,ur_pk,Urdu,south_asia,1799,5.4,16000,CC-BY 4.0,https://huggingface.co/datasets/google/fleurs,experiments/audio_full/ur_pk_1799.wav
google/fleurs,ur_pk,Urdu,south_asia,1930,8.46,16000,CC-BY 4.0,https://huggingface.co/datasets/google/fleurs,experiments/audio_full/ur_pk_1930.wav
google/fleurs,ur_pk,Urdu,south_asia,2007,7.32,16000,CC-BY 4.0,https://huggingface.co/datasets/google/fleurs,experiments/audio_full/ur_pk_2007.wav
google/fleurs,ur_pk,Urdu,south_asia,1961,19.56,16000,CC-BY 4.0,https://huggingface.co/datasets/google/fleurs,experiments/audio_full/ur_pk_1961.wav
google/fleurs,ur_pk,Urdu,south_asia,1911,15.12,16000,CC-BY 4.0,https://huggingface.co/datasets/google/fleurs,experiments/audio_full/ur_pk_1911.wav
google/fleurs,ur_pk,Urdu,south_asia,1806,11.88,16000,CC-BY 4.0,https://huggingface.co/datasets/google/fleurs,experiments/audio_full/ur_pk_1806.wav
google/fleurs,ur_pk,Urdu,south_asia,1887,7.56,16000,CC-BY 4.0,https://huggingface.co/datasets/google/fleurs,experiments/audio_full/ur_pk_1887.wav
google/fleurs,ur_pk,Urdu,south_asia,1677,7.08,16000,CC-BY 4.0,https://huggingface.co/datasets/google/fleurs,experiments/audio_full/ur_pk_1677.wav
google/fleurs,ur_pk,Urdu,south_asia,1968,13.92,16000,CC-BY 4.0,https://huggingface.co/datasets/google/fleurs,experiments/audio_full/ur_pk_1968.wav
google/fleurs,ur_pk,Urdu,south_asia,1821,6.96,16000,CC-BY 4.0,https://huggingface.co/datasets/google/fleurs,experiments/audio_full/ur_pk_1821.wav
google/fleurs,ur_pk,Urdu,south_asia,1876,6.78,16000,CC-BY 4.0,https://huggingface.co/datasets/google/fleurs,experiments/audio_full/ur_pk_1876.wav
google/fleurs,ur_pk,Urdu,south_asia,1769,12.84,16000,CC-BY 4.0,https://huggingface.co/datasets/google/fleurs,experiments/audio_full/ur_pk_1769.wav
google/fleurs,ur_pk,Urdu,south_asia,1733,16.38,16000,CC-BY 4.0,https://huggingface.co/datasets/google/fleurs,experiments/audio_full/ur_pk_1733.wav
google/fleurs,ur_pk,Urdu,south_asia,2001,8.64,16000,CC-BY 4.0,https://huggingface.co/datasets/google/fleurs,experiments/audio_full/ur_pk_2001.wav
google/fleurs,ur_pk,Urdu,south_asia,1937,22.02,16000,CC-BY 4.0,https://huggingface.co/datasets/google/fleurs,experiments/audio_full/ur_pk_1937.wav
google/fleurs,ur_pk,Urdu,south_asia,1805,7.14,16000,CC-BY 4.0,https://huggingface.co/datasets/google/fleurs,experiments/audio_full/ur_pk_1805.wav
google/fleurs,ur_pk,Urdu,south_asia,1827,6.36,16000,CC-BY 4.0,https://huggingface.co/datasets/google/fleurs,experiments/audio_full/ur_pk_1827.wav
google/fleurs,ur_pk,Urdu,south_asia,1874,9.24,16000,CC-BY 4.0,https://huggingface.co/datasets/google/fleurs,experiments/audio_full/ur_pk_1874.wav
google/fleurs,ur_pk,Urdu,south_asia,1687,8.22,16000,CC-BY 4.0,https://huggingface.co/datasets/google/fleurs,experiments/audio_full/ur_pk_1687.wav
google/fleurs,ur_pk,Urdu,south_asia,1872,10.86,16000,CC-BY 4.0,https://huggingface.co/datasets/google/fleurs,experiments/audio_full/ur_pk_1872.wav
google/fleurs,ur_pk,Urdu,south_asia,1712,12.54,16000,CC-BY 4.0,https://huggingface.co/datasets/google/fleurs,experiments/audio_full/ur_pk_1712.wav
google/fleurs,ur_pk,Urdu,south_asia,1711,13.8,16000,CC-BY 4.0,https://huggingface.co/datasets/google/fleurs,experiments/audio_full/ur_pk_1711.wav
google/fleurs,ur_pk,Urdu,south_asia,1792,9.18,16000,CC-BY 4.0,https://huggingface.co/datasets/google/fleurs,experiments/audio_full/ur_pk_1792.wav
google/fleurs,ur_pk,Urdu,south_asia,2005,5.88,16000,CC-BY 4.0,https://huggingface.co/datasets/google/fleurs,experiments/audio_full/ur_pk_2005.wav
google/fleurs,ur_pk,Urdu,south_asia,1780,10.32,16000,CC-BY 4.0,https://huggingface.co/datasets/google/fleurs,experiments/audio_full/ur_pk_1780.wav
google/fleurs,ur_pk,Urdu,south_asia,1878,14.04,16000,CC-BY 4.0,https://huggingface.co/datasets/google/fleurs,experiments/audio_full/ur_pk_1878.wav
google/fleurs,ur_pk,Urdu,south_asia,2009,9.96,16000,CC-BY 4.0,https://huggingface.co/datasets/google/fleurs,experiments/audio_full/ur_pk_2009.wav
google/fleurs,ur_pk,Urdu,south_asia,1946,11.16,16000,CC-BY 4.0,https://huggingface.co/datasets/google/fleurs,experiments/audio_full/ur_pk_1946.wav
google/fleurs,ur_pk,Urdu,south_asia,1784,15.12,16000,CC-BY 4.0,https://huggingface.co/datasets/google/fleurs,experiments/audio_full/ur_pk_1784.wav
google/fleurs,ur_pk,Urdu,south_asia,1704,8.4,16000,CC-BY 4.0,https://huggingface.co/datasets/google/fleurs,experiments/audio_full/ur_pk_1704.wav
google/fleurs,ur_pk,Urdu,south_asia,1697,8.52,16000,CC-BY 4.0,https://huggingface.co/datasets/google/fleurs,experiments/audio_full/ur_pk_1697.wav
google/fleurs,ur_pk,Urdu,south_asia,1745,7.08,16000,CC-BY 4.0,https://huggingface.co/datasets/google/fleurs,experiments/audio_full/ur_pk_1745.wav
google/fleurs,ur_pk,Urdu,south_asia,1985,16.32,16000,CC-BY 4.0,https://huggingface.co/datasets/google/fleurs,experiments/audio_full/ur_pk_1985.wav
google/fleurs,ur_pk,Urdu,south_asia,1953,4.68,16000,CC-BY 4.0,https://huggingface.co/datasets/google/fleurs,experiments/audio_full/ur_pk_1953.wav
google/fleurs,ur_pk,Urdu,south_asia,1729,17.88,16000,CC-BY 4.0,https://huggingface.co/datasets/google/fleurs,experiments/audio_full/ur_pk_1729.wav
google/fleurs,ur_pk,Urdu,south_asia,1916,12.48,16000,CC-BY 4.0,https://huggingface.co/datasets/google/fleurs,experiments/audio_full/ur_pk_1916.wav
google/fleurs,ur_pk,Urdu,south_asia,1993,9.84,16000,CC-BY 4.0,https://huggingface.co/datasets/google/fleurs,experiments/audio_full/ur_pk_1993.wav
google/fleurs,ur_pk,Urdu,south_asia,1700,4.92,16000,CC-BY 4.0,https://huggingface.co/datasets/google/fleurs,experiments/audio_full/ur_pk_1700.wav
google/fleurs,ur_pk,Urdu,south_asia,1760,7.8,16000,CC-BY 4.0,https://huggingface.co/datasets/google/fleurs,experiments/audio_full/ur_pk_1760.wav
google/fleurs,ur_pk,Urdu,south_asia,1973,16.74,16000,CC-BY 4.0,https://huggingface.co/datasets/google/fleurs,experiments/audio_full/ur_pk_1973.wav
google/fleurs,ur_pk,Urdu,south_asia,1867,11.64,16000,CC-BY 4.0,https://huggingface.co/datasets/google/fleurs,experiments/audio_full/ur_pk_1867.wav
google/fleurs,ur_pk,Urdu,south_asia,1775,12.0,16000,CC-BY 4.0,https://huggingface.co/datasets/google/fleurs,experiments/audio_full/ur_pk_1775.wav
google/fleurs,ur_pk,Urdu,south_asia,1819,10.56,16000,CC-BY 4.0,https://huggingface.co/datasets/google/fleurs,experiments/audio_full/ur_pk_1819.wav
google/fleurs,ur_pk,Urdu,south_asia,1678,11.76,16000,CC-BY 4.0,https://huggingface.co/datasets/google/fleurs,experiments/audio_full/ur_pk_1678.wav
google/fleurs,ur_pk,Urdu,south_asia,1785,12.12,16000,CC-BY 4.0,https://huggingface.co/datasets/google/fleurs,experiments/audio_full/ur_pk_1785.wav
google/fleurs,ur_pk,Urdu,south_asia,1720,4.32,16000,CC-BY 4.0,https://huggingface.co/datasets/google/fleurs,experiments/audio_full/ur_pk_1720.wav
google/fleurs,ur_pk,Urdu,south_asia,1693,6.72,16000,CC-BY 4.0,https://huggingface.co/datasets/google/fleurs,experiments/audio_full/ur_pk_1693.wav
google/fleurs,ur_pk,Urdu,south_asia,1914,7.02,16000,CC-BY 4.0,https://huggingface.co/datasets/google/fleurs,experiments/audio_full/ur_pk_1914.wav
google/fleurs,ur_pk,Urdu,south_asia,1684,8.22,16000,CC-BY 4.0,https://huggingface.co/datasets/google/fleurs,experiments/audio_full/ur_pk_1684.wav
google/fleurs,ur_pk,Urdu,south_asia,2004,6.9,16000,CC-BY 4.0,https://huggingface.co/datasets/google/fleurs,experiments/audio_full/ur_pk_2004.wav
google/fleurs,ur_pk,Urdu,south_asia,1731,5.76,16000,CC-BY 4.0,https://huggingface.co/datasets/google/fleurs,experiments/audio_full/ur_pk_1731.wav
google/fleurs,ur_pk,Urdu,south_asia,1921,10.68,16000,CC-BY 4.0,https://huggingface.co/datasets/google/fleurs,experiments/audio_full/ur_pk_1921.wav
google/fleurs,ur_pk,Urdu,south_asia,1987,6.48,16000,CC-BY 4.0,https://huggingface.co/datasets/google/fleurs,experiments/audio_full/ur_pk_1987.wav
google/fleurs,ur_pk,Urdu,south_asia,1813,11.46,16000,CC-BY 4.0,https://huggingface.co/datasets/google/fleurs,experiments/audio_full/ur_pk_1813.wav
google/fleurs,ur_pk,Urdu,south_asia,1783,9.36,16000,CC-BY 4.0,https://huggingface.co/datasets/google/fleurs,experiments/audio_full/ur_pk_1783.wav
google/fleurs,ur_pk,Urdu,south_asia,1666,7.56,16000,CC-BY 4.0,https://huggingface.co/datasets/google/fleurs,experiments/audio_full/ur_pk_1666.wav
google/fleurs,ur_pk,Urdu,south_asia,1834,7.98,16000,CC-BY 4.0,https://huggingface.co/datasets/google/fleurs,experiments/audio_full/ur_pk_1834.wav
google/fleurs,ur_pk,Urdu,south_asia,1862,14.76,16000,CC-BY 4.0,https://huggingface.co/datasets/google/fleurs,experiments/audio_full/ur_pk_1862.wav
google/fleurs,ur_pk,Urdu,south_asia,1932,23.58,16000,CC-BY 4.0,https://huggingface.co/datasets/google/fleurs,experiments/audio_full/ur_pk_1932.wav
google/fleurs,ur_pk,Urdu,south_asia,1914,8.4,16000,CC-BY 4.0,https://huggingface.co/datasets/google/fleurs,experiments/audio_full/ur_pk_1914.wav
google/fleurs,ur_pk,Urdu,south_asia,1746,7.44,16000,CC-BY 4.0,https://huggingface.co/datasets/google/fleurs,experiments/audio_full/ur_pk_1746.wav
google/fleurs,ur_pk,Urdu,south_asia,1708,13.32,16000,CC-BY 4.0,https://huggingface.co/datasets/google/fleurs,experiments/audio_full/ur_pk_1708.wav
google/fleurs,ur_pk,Urdu,south_asia,1836,20.88,16000,CC-BY 4.0,https://huggingface.co/datasets/google/fleurs,experiments/audio_full/ur_pk_1836.wav
google/fleurs,ur_pk,Urdu,south_asia,1847,10.44,16000,CC-BY 4.0,https://huggingface.co/datasets/google/fleurs,experiments/audio_full/ur_pk_1847.wav
google/fleurs,ur_pk,Urdu,south_asia,1681,17.34,16000,CC-BY 4.0,https://huggingface.co/datasets/google/fleurs,experiments/audio_full/ur_pk_1681.wav
google/fleurs,ur_pk,Urdu,south_asia,1692,7.56,16000,CC-BY 4.0,https://huggingface.co/datasets/google/fleurs,experiments/audio_full/ur_pk_1692.wav
google/fleurs,ur_pk,Urdu,south_asia,1725,11.76,16000,CC-BY 4.0,https://huggingface.co/datasets/google/fleurs,experiments/audio_full/ur_pk_1725.wav
google/fleurs,ur_pk,Urdu,south_asia,2001,10.56,16000,CC-BY 4.0,https://huggingface.co/datasets/google/fleurs,experiments/audio_full/ur_pk_2001.wav
google/fleurs,ur_pk,Urdu,south_asia,1863,10.92,16000,CC-BY 4.0,https://huggingface.co/datasets/google/fleurs,experiments/audio_full/ur_pk_1863.wav
google/fleurs,ur_pk,Urdu,south_asia,1739,6.06,16000,CC-BY 4.0,https://huggingface.co/datasets/google/fleurs,experiments/audio_full/ur_pk_1739.wav
google/fleurs,ur_pk,Urdu,south_asia,1788,11.04,16000,CC-BY 4.0,https://huggingface.co/datasets/google/fleurs,experiments/audio_full/ur_pk_1788.wav
google/fleurs,ur_pk,Urdu,south_asia,1942,9.84,16000,CC-BY 4.0,https://huggingface.co/datasets/google/fleurs,experiments/audio_full/ur_pk_1942.wav
google/fleurs,ur_pk,Urdu,south_asia,1872,10.92,16000,CC-BY 4.0,https://huggingface.co/datasets/google/fleurs,experiments/audio_full/ur_pk_1872.wav
google/fleurs,ur_pk,Urdu,south_asia,1807,9.84,16000,CC-BY 4.0,https://huggingface.co/datasets/google/fleurs,experiments/audio_full/ur_pk_1807.wav
google/fleurs,ur_pk,Urdu,south_asia,1822,12.96,16000,CC-BY 4.0,https://huggingface.co/datasets/google/fleurs,experiments/audio_full/ur_pk_1822.wav
google/fleurs,ur_pk,Urdu,south_asia,1847,10.2,16000,CC-BY 4.0,https://huggingface.co/datasets/google/fleurs,experiments/audio_full/ur_pk_1847.wav
google/fleurs,ur_pk,Urdu,south_asia,1774,13.56,16000,CC-BY 4.0,https://huggingface.co/datasets/google/fleurs,experiments/audio_full/ur_pk_1774.wav
google/fleurs,ur_pk,Urdu,south_asia,1814,10.26,16000,CC-BY 4.0,https://huggingface.co/datasets/google/fleurs,experiments/audio_full/ur_pk_1814.wav
google/fleurs,ur_pk,Urdu,south_asia,1995,12.84,16000,CC-BY 4.0,https://huggingface.co/datasets/google/fleurs,experiments/audio_full/ur_pk_1995.wav
google/fleurs,ur_pk,Urdu,south_asia,1984,11.76,16000,CC-BY 4.0,https://huggingface.co/datasets/google/fleurs,experiments/audio_full/ur_pk_1984.wav
google/fleurs,ur_pk,Urdu,south_asia,1866,8.16,16000,CC-BY 4.0,https://huggingface.co/datasets/google/fleurs,experiments/audio_full/ur_pk_1866.wav
google/fleurs,ur_pk,Urdu,south_asia,1883,11.16,16000,CC-BY 4.0,https://huggingface.co/datasets/google/fleurs,experiments/audio_full/ur_pk_1883.wav
google/fleurs,ur_pk,Urdu,south_asia,1710,11.58,16000,CC-BY 4.0,https://huggingface.co/datasets/google/fleurs,experiments/audio_full/ur_pk_1710.wav
google/fleurs,ur_pk,Urdu,south_asia,1818,8.34,16000,CC-BY 4.0,https://huggingface.co/datasets/google/fleurs,experiments/audio_full/ur_pk_1818.wav
google/fleurs,ur_pk,Urdu,south_asia,1852,18.66,16000,CC-BY 4.0,https://huggingface.co/datasets/google/fleurs,experiments/audio_full/ur_pk_1852.wav
google/fleurs,ur_pk,Urdu,south_asia,1751,15.96,16000,CC-BY 4.0,https://huggingface.co/datasets/google/fleurs,experiments/audio_full/ur_pk_1751.wav
google/fleurs,ur_pk,Urdu,south_asia,1937,25.8,16000,CC-BY 4.0,https://huggingface.co/datasets/google/fleurs,experiments/audio_full/ur_pk_1937.wav
google/fleurs,ur_pk,Urdu,south_asia,1770,7.08,16000,CC-BY 4.0,https://huggingface.co/datasets/google/fleurs,experiments/audio_full/ur_pk_1770.wav
google/fleurs,ur_pk,Urdu,south_asia,1871,5.04,16000,CC-BY 4.0,https://huggingface.co/datasets/google/fleurs,experiments/audio_full/ur_pk_1871.wav
google/fleurs,ur_pk,Urdu,south_asia,1690,13.68,16000,CC-BY 4.0,https://huggingface.co/datasets/google/fleurs,experiments/audio_full/ur_pk_1690.wav
google/fleurs,ur_pk,Urdu,south_asia,1721,10.26,16000,CC-BY 4.0,https://huggingface.co/datasets/google/fleurs,experiments/audio_full/ur_pk_1721.wav
google/fleurs,ur_pk,Urdu,south_asia,1772,5.4,16000,CC-BY 4.0,https://huggingface.co/datasets/google/fleurs,experiments/audio_full/ur_pk_1772.wav
google/fleurs,ur_pk,Urdu,south_asia,1740,6.84,16000,CC-BY 4.0,https://huggingface.co/datasets/google/fleurs,experiments/audio_full/ur_pk_1740.wav
google/fleurs,ur_pk,Urdu,south_asia,1814,8.94,16000,CC-BY 4.0,https://huggingface.co/datasets/google/fleurs,experiments/audio_full/ur_pk_1814.wav
